{
"type": "FeatureCollection",
"crs": { "type": "name", "properties": { "name": "urn:ogc:def:crs:OGC:1.3:CRS84" } },
"xy_coordinate_resolution": 1e-06,
"features": [
{ "type": "Feature", "properties": { "fid": 1, "DISTRITO": "0727", "NOMBRE1": "Monte Oscuridad", "riesgo_median": 2.0, "riesgo_ponderado": 1.9703348104382077, "pct_n4_n5": 0.011035841015976501, "riesgo_alto_clase": 2, "ha": 24739.36, "b12_ha": 19956.6, "n3_ha": 1244.7, "n4_ha": 2.34, "n5_ha": 0.0 }, "geometry": { "type": "MultiPolygon", "coordinates": [ [ [ [ -62.145775, -30.370292 ], [ -61.974388, -30.401336 ], [ -62.015795, -30.572049 ], [ -62.021049, -30.571222 ], [ -62.022848, -30.579587 ], [ -62.133818, -30.476661 ], [ -62.164855, -30.448686 ], [ -62.145775, -30.370292 ] ] ] ] } },
{ "type": "Feature", "properties": { "fid": 2, "DISTRITO": "0726", "NOMBRE1": "Suardi", "riesgo_median": 2.0, "riesgo_ponderado": 2.0685529255979476, "pct_n4_n5": 0.0039311429280807749, "riesgo_alto_clase": 2, "ha": 43446.6, "b12_ha": 39602.7, "n3_ha": 3894.39, "n4_ha": 1.71, "n5_ha": 0.0 }, "geometry": { "type": "MultiPolygon", "coordinates": [ [ [ [ -61.981711, -30.431978 ], [ -61.691475, -30.48376 ], [ -61.718516, -30.598614 ], [ -61.809257, -30.582704 ], [ -61.81393, -30.604386 ], [ -61.974505, -30.578669 ], [ -61.982432, -30.616998 ], [ -62.022848, -30.579587 ], [ -62.021049, -30.571222 ], [ -62.015795, -30.572049 ], [ -61.981711, -30.431978 ] ] ] ] } },
{ "type": "Feature", "properties": { "fid": 3, "DISTRITO": "0728", "NOMBRE1": "Colonia Dos Rosas", "riesgo_median": 2.0, "riesgo_ponderado": 2.0759570300230155, "pct_n4_n5": 0.0091376878223176604, "riesgo_alto_clase": 2, "ha": 15762.88, "b12_ha": 14291.28, "n3_ha": 1466.19, "n4_ha": 1.44, "n5_ha": 0.0 }, "geometry": { "type": "MultiPolygon", "coordinates": [ [ [ [ -61.81393, -30.604386 ], [ -61.843921, -30.744906 ], [ -61.982432, -30.616998 ], [ -61.974505, -30.578669 ], [ -61.81393, -30.604386 ] ] ] ] } },
{ "type": "Feature", "properties": { "fid": 4, "DISTRITO": "0729", "NOMBRE1": "Colonia Bossi", "riesgo_median": 2.0, "riesgo_ponderado": 2.1491730892243868, "pct_n4_n5": 0.049682960607622596, "riesgo_alto_clase": 2, "ha": 14489.69, "b12_ha": 12269.52, "n3_ha": 2215.17, "n4_ha": 7.2, "n5_ha": 0.0 }, "geometry": { "type": "MultiPolygon", "coordinates": [ [ [ [ -61.842844, -30.745899 ], [ -61.843921, -30.744906 ], [ -61.809257, -30.582704 ], [ -61.728722, -30.596891 ], [ -61.768947, -30.763862 ], [ -61.843969, -30.750662 ], [ -61.842844, -30.745899 ] ] ] ] } },
{ "type": "Feature", "properties": { "fid": 5, "DISTRITO": "1104", "NOMBRE1": "Desvio Arijon", "riesgo_median": 2.0, "riesgo_ponderado": 2.1641986676054814, "pct_n4_n5": 0.062828359421545812, "riesgo_alto_clase": 3, "ha": 16596.66, "b12_ha": 13427.46, "n3_ha": 3178.8, "n4_ha": 10.44, "n5_ha": 0.0 }, "geometry": { "type": "MultiPolygon", "coordinates": [ [ [ [ -60.746143, -31.918733 ], [ -60.739624, -31.931707 ], [ -60.744892, -31.932289 ], [ -60.776636, -31.932595 ], [ -60.795878, -31.909445 ], [ -60.797435, -31.912695 ], [ -60.800718, -31.913327 ], [ -60.800745, -31.903918 ], [ -60.802266, -31.902977 ], [ -60.81197, -31.913535 ], [ -60.820865, -31.918973 ], [ -60.832605, -31.924673 ], [ -60.839966, -31.929282 ], [ -60.846023, -31.934644 ], [ -60.847483, -31.927089 ], [ -60.846682, -31.923089 ], [ -60.844469, -31.92003 ], [ -60.844332, -31.916957 ], [ -60.846284, -31.915453 ], [ -60.848221, -31.912273 ], [ -60.848732, -31.908451 ], [ -60.842761, -31.897956 ], [ -60.847584, -31.896939 ], [ -60.854714, -31.8987 ], [ -60.857982, -31.898565 ], [ -60.860115, -31.899794 ], [ -60.860801, -31.901277 ], [ -60.862511, -31.901339 ], [ -60.863248, -31.897908 ], [ -60.861821, -31.891505 ], [ -60.863887, -31.888668 ], [ -60.861247, -31.885406 ], [ -60.861044, -31.883802 ], [ -60.864692, -31.881643 ], [ -60.862634, -31.878376 ], [ -60.864429, -31.875012 ], [ -60.862764, -31.874037 ], [ -60.86263, -31.873172 ], [ -60.86389, -31.87194 ], [ -60.868656, -31.870577 ], [ -60.869289, -31.869831 ], [ -60.868111, -31.86833 ], [ -60.863067, -31.868402 ], [ -60.86254, -31.867572 ], [ -60.865145, -31.865693 ], [ -60.865023, -31.86483 ], [ -60.861919, -31.865012 ], [ -60.860843, -31.860942 ], [ -60.858129, -31.86171 ], [ -60.856386, -31.860505 ], [ -60.856832, -31.855495 ], [ -60.859885, -31.852677 ], [ -60.869951, -31.856048 ], [ -60.873877, -31.860442 ], [ -60.876563, -31.872732 ], [ -60.877217, -31.882875 ], [ -60.882355, -31.886596 ], [ -60.88933, -31.889357 ], [ -60.892134, -31.89534 ], [ -60.893618, -31.902609 ], [ -60.895662, -31.905422 ], [ -60.897213, -31.90569 ], [ -60.897469, -31.907679 ], [ -60.898951, -31.909418 ], [ -60.899268, -31.912166 ], [ -60.90181, -31.911896 ], [ -60.903401, -31.910663 ], [ -60.90361, -31.911138 ], [ -60.912289, -31.909581 ], [ -60.905293, -31.895925 ], [ -60.899041, -31.879702 ], [ -60.993187, -31.86433 ], [ -60.97823, -31.800272 ], [ -60.853042, -31.821096 ], [ -60.848119, -31.813285 ], [ -60.845218, -31.805248 ], [ -60.837048, -31.795174 ], [ -60.835388, -31.790236 ], [ -60.832775, -31.78681 ], [ -60.829141, -31.786717 ], [ -60.82766, -31.788148 ], [ -60.819966, -31.791298 ], [ -60.819406, -31.792726 ], [ -60.820157, -31.793753 ], [ -60.826421, -31.796217 ], [ -60.829739, -31.798545 ], [ -60.832696, -31.805427 ], [ -60.833231, -31.809246 ], [ -60.835381, -31.811988 ], [ -60.834077, -31.818672 ], [ -60.829333, -31.822991 ], [ -60.831895, -31.825364 ], [ -60.827832, -31.827179 ], [ -60.829578, -31.828291 ], [ -60.83029, -31.829875 ], [ -60.830186, -31.831276 ], [ -60.82807, -31.833885 ], [ -60.829925, -31.835081 ], [ -60.830096, -31.836191 ], [ -60.828149, -31.83771 ], [ -60.829536, -31.838653 ], [ -60.829531, -31.841065 ], [ -60.830815, -31.842597 ], [ -60.829482, -31.846598 ], [ -60.830449, -31.848655 ], [ -60.831258, -31.849025 ], [ -60.834836, -31.84816 ], [ -60.83777, -31.851196 ], [ -60.837929, -31.852979 ], [ -60.840937, -31.853456 ], [ -60.836842, -31.85631 ], [ -60.83715, -31.867376 ], [ -60.833354, -31.87046 ], [ -60.830392, -31.876661 ], [ -60.827428, -31.878866 ], [ -60.826652, -31.880688 ], [ -60.819367, -31.882145 ], [ -60.812662, -31.880367 ], [ -60.798558, -31.873873 ], [ -60.789863, -31.872088 ], [ -60.786616, -31.872276 ], [ -60.785004, -31.874188 ], [ -60.785227, -31.876184 ], [ -60.780871, -31.877014 ], [ -60.777872, -31.876189 ], [ -60.770551, -31.871724 ], [ -60.762011, -31.869243 ], [ -60.757956, -31.874243 ], [ -60.755249, -31.875704 ], [ -60.753009, -31.878091 ], [ -60.749468, -31.876145 ], [ -60.748217, -31.869378 ], [ -60.746311, -31.86779 ], [ -60.741621, -31.866026 ], [ -60.731252, -31.865719 ], [ -60.735633, -31.877415 ], [ -60.735003, -31.881751 ], [ -60.736496, -31.88681 ], [ -60.747592, -31.908545 ], [ -60.746143, -31.918733 ] ] ] ] } },
{ "type": "Feature", "properties": { "fid": 6, "DISTRITO": "1105", "NOMBRE1": "Coronda", "riesgo_median": 2.0, "riesgo_ponderado": 2.1980423161154339, "pct_n4_n5": 0.16684244906286863, "riesgo_alto_clase": 3, "ha": 54710.78, "b12_ha": 42136.29, "n3_ha": 12470.76, "n4_ha": 91.26, "n5_ha": 0.0 }, "geometry": { "type": "MultiPolygon", "coordinates": [ [ [ [ -60.726075, -31.967787 ], [ -60.722917, -31.971727 ], [ -60.717289, -31.981828 ], [ -60.711135, -31.989728 ], [ -60.682736, -32.016942 ], [ -60.678875, -32.023477 ], [ -60.670587, -32.041435 ], [ -60.658853, -32.055932 ], [ -60.655453, -32.062792 ], [ -60.666599, -32.059252 ], [ -60.672615, -32.06018 ], [ -60.680525, -32.063335 ], [ -60.692945, -32.066785 ], [ -60.696137, -32.069377 ], [ -60.71546, -32.071 ], [ -60.821809, -32.071132 ], [ -60.856383, -32.073141 ], [ -60.857167, -32.076452 ], [ -60.858743, -32.077791 ], [ -60.860713, -32.078273 ], [ -60.863498, -32.078083 ], [ -60.883205, -32.072428 ], [ -60.883726, -32.070902 ], [ -60.887285, -32.069203 ], [ -60.89337, -32.069921 ], [ -60.896309, -32.068835 ], [ -60.900247, -32.069416 ], [ -60.906407, -32.068687 ], [ -60.914565, -32.071216 ], [ -60.919822, -32.068677 ], [ -60.921315, -32.069433 ], [ -60.921975, -32.071866 ], [ -60.928402, -32.072858 ], [ -60.930029, -32.07279 ], [ -60.930493, -32.070461 ], [ -60.932027, -32.072797 ], [ -60.941191, -32.070124 ], [ -60.944074, -32.068367 ], [ -60.945244, -32.065769 ], [ -60.943119, -32.062881 ], [ -60.942778, -32.060921 ], [ -60.943466, -32.059212 ], [ -60.945027, -32.058543 ], [ -60.944461, -32.057298 ], [ -60.946642, -32.054649 ], [ -60.946067, -32.051922 ], [ -60.942894, -32.050685 ], [ -60.941983, -32.04873 ], [ -60.951361, -32.046982 ], [ -60.953315, -32.04803 ], [ -60.954826, -32.047448 ], [ -60.955946, -32.048262 ], [ -60.959421, -32.047579 ], [ -60.95754, -32.044368 ], [ -60.958825, -32.043269 ], [ -60.958016, -32.042015 ], [ -60.959993, -32.039658 ], [ -60.958616, -32.036826 ], [ -60.960514, -32.035645 ], [ -60.960549, -32.034133 ], [ -60.961906, -32.033652 ], [ -60.962007, -32.032255 ], [ -60.963283, -32.031511 ], [ -60.962913, -32.030517 ], [ -60.965034, -32.028699 ], [ -60.965114, -32.027724 ], [ -60.967002, -32.027676 ], [ -60.967044, -32.026821 ], [ -60.965722, -32.025777 ], [ -60.96648, -32.024533 ], [ -60.96601, -32.023814 ], [ -60.967766, -32.023505 ], [ -60.967618, -32.02189 ], [ -60.969216, -32.020346 ], [ -60.970579, -32.020445 ], [ -60.973958, -32.018991 ], [ -60.974174, -32.016957 ], [ -61.014911, -32.010026 ], [ -61.023802, -32.007598 ], [ -61.025472, -32.00805 ], [ -61.027454, -32.006198 ], [ -61.032383, -32.003605 ], [ -61.032493, -32.002452 ], [ -61.035374, -32.00179 ], [ -61.033349, -31.991305 ], [ -61.031333, -31.991629 ], [ -61.029457, -31.983181 ], [ -61.027425, -31.983523 ], [ -61.019216, -31.953421 ], [ -61.027001, -31.951797 ], [ -61.016403, -31.912643 ], [ -61.025861, -31.911023 ], [ -61.021051, -31.890221 ], [ -61.028993, -31.88892 ], [ -61.025416, -31.87329 ], [ -61.023827, -31.873575 ], [ -61.020625, -31.859685 ], [ -60.899041, -31.879702 ], [ -60.905293, -31.895925 ], [ -60.912289, -31.909581 ], [ -60.90361, -31.911138 ], [ -60.903401, -31.910663 ], [ -60.90181, -31.911896 ], [ -60.899268, -31.912166 ], [ -60.898951, -31.909418 ], [ -60.897469, -31.907679 ], [ -60.897213, -31.90569 ], [ -60.895662, -31.905422 ], [ -60.893618, -31.902609 ], [ -60.892134, -31.89534 ], [ -60.88933, -31.889357 ], [ -60.882355, -31.886596 ], [ -60.877217, -31.882875 ], [ -60.876563, -31.872732 ], [ -60.873877, -31.860442 ], [ -60.869951, -31.856048 ], [ -60.859706, -31.852739 ], [ -60.856832, -31.855495 ], [ -60.856386, -31.860505 ], [ -60.858129, -31.86171 ], [ -60.860843, -31.860942 ], [ -60.861919, -31.865012 ], [ -60.865023, -31.86483 ], [ -60.865145, -31.865693 ], [ -60.86254, -31.867572 ], [ -60.863067, -31.868402 ], [ -60.868111, -31.86833 ], [ -60.869289, -31.869831 ], [ -60.868656, -31.870577 ], [ -60.86389, -31.87194 ], [ -60.86263, -31.873172 ], [ -60.862764, -31.874037 ], [ -60.864429, -31.875012 ], [ -60.862634, -31.878376 ], [ -60.864692, -31.881643 ], [ -60.861044, -31.883802 ], [ -60.861247, -31.885406 ], [ -60.863887, -31.888668 ], [ -60.861821, -31.891505 ], [ -60.863248, -31.897908 ], [ -60.862511, -31.901339 ], [ -60.860801, -31.901277 ], [ -60.860115, -31.899794 ], [ -60.857982, -31.898565 ], [ -60.854714, -31.8987 ], [ -60.847584, -31.896939 ], [ -60.842761, -31.897956 ], [ -60.848732, -31.908451 ], [ -60.848221, -31.912273 ], [ -60.846284, -31.915453 ], [ -60.844332, -31.916957 ], [ -60.844469, -31.92003 ], [ -60.846682, -31.923089 ], [ -60.847483, -31.927089 ], [ -60.846023, -31.934644 ], [ -60.839966, -31.929282 ], [ -60.832605, -31.924673 ], [ -60.820865, -31.918973 ], [ -60.81197, -31.913535 ], [ -60.804137, -31.904642 ], [ -60.802266, -31.902977 ], [ -60.801393, -31.903075 ], [ -60.800745, -31.903918 ], [ -60.800718, -31.913327 ], [ -60.797435, -31.912695 ], [ -60.795878, -31.909445 ], [ -60.776636, -31.932595 ], [ -60.744892, -31.932289 ], [ -60.739624, -31.931707 ], [ -60.73431, -31.943233 ], [ -60.726075, -31.967787 ] ] ] ] } },
{ "type": "Feature", "properties": { "fid": 7, "DISTRITO": "0705", "NOMBRE1": "Las Avispas", "riesgo_median": 2.0, "riesgo_ponderado": 2.0030099238929915, "pct_n4_n5": 0.0, "riesgo_alto_clase": 1, "ha": 84219.96, "b12_ha": 82593.99, "n3_ha": 1756.98, "n4_ha": 0.0, "n5_ha": 0.0 }, "geometry": { "type": "MultiPolygon", "coordinates": [ [ [ [ -61.461684, -29.965275 ], [ -61.431516, -29.826141 ], [ -61.391065, -29.83274 ], [ -61.376906, -29.83434 ], [ -61.37391, -29.835952 ], [ -61.368547, -29.836383 ], [ -61.363816, -29.83876 ], [ -61.360814, -29.838666 ], [ -61.35773, -29.839571 ], [ -61.355765, -29.838676 ], [ -61.353, -29.839388 ], [ -61.282399, -29.516389 ], [ -61.277256, -29.517387 ], [ -61.273478, -29.517181 ], [ -61.273216, -29.520683 ], [ -61.270054, -29.522609 ], [ -61.269221, -29.522312 ], [ -61.268626, -29.520103 ], [ -61.267182, -29.520353 ], [ -61.265096, -29.52343 ], [ -61.265087, -29.525688 ], [ -61.264066, -29.527212 ], [ -61.262281, -29.526975 ], [ -61.260794, -29.525591 ], [ -61.258895, -29.526158 ], [ -61.257615, -29.52498 ], [ -61.25649, -29.525239 ], [ -61.255689, -29.527518 ], [ -61.2562, -29.531178 ], [ -61.252154, -29.533026 ], [ -61.251674, -29.536568 ], [ -61.250276, -29.53653 ], [ -61.246213, -29.533871 ], [ -61.242793, -29.537427 ], [ -61.236789, -29.537929 ], [ -61.236172, -29.541027 ], [ -61.237255, -29.545127 ], [ -61.236799, -29.545901 ], [ -61.229281, -29.544558 ], [ -61.226619, -29.541014 ], [ -61.225536, -29.540578 ], [ -61.221926, -29.541668 ], [ -61.220132, -29.546189 ], [ -61.218909, -29.547301 ], [ -61.217738, -29.54735 ], [ -61.215742, -29.545994 ], [ -61.213958, -29.542854 ], [ -61.212453, -29.541723 ], [ -61.209208, -29.541682 ], [ -61.206982, -29.540551 ], [ -61.202116, -29.540041 ], [ -61.198128, -29.541235 ], [ -61.196946, -29.544714 ], [ -61.195663, -29.544458 ], [ -61.194893, -29.543307 ], [ -61.193497, -29.543447 ], [ -61.192953, -29.544215 ], [ -61.193731, -29.54599 ], [ -61.196466, -29.547174 ], [ -61.204215, -29.546178 ], [ -61.20475, -29.547713 ], [ -61.202805, -29.551904 ], [ -61.201133, -29.551996 ], [ -61.198268, -29.548459 ], [ -61.197242, -29.548676 ], [ -61.194818, -29.55165 ], [ -61.193087, -29.551704 ], [ -61.189101, -29.548126 ], [ -61.186828, -29.549139 ], [ -61.185353, -29.552486 ], [ -61.184272, -29.552795 ], [ -61.181901, -29.548985 ], [ -61.180364, -29.548538 ], [ -61.177315, -29.554177 ], [ -61.175161, -29.554119 ], [ -61.170246, -29.551974 ], [ -61.169318, -29.552339 ], [ -61.168889, -29.5542 ], [ -61.170378, -29.557133 ], [ -61.169689, -29.557992 ], [ -61.167594, -29.558036 ], [ -61.161312, -29.556023 ], [ -61.160116, -29.557604 ], [ -61.160037, -29.859052 ], [ -61.182645, -29.859055 ], [ -61.182848, -29.916122 ], [ -61.27394, -29.916359 ], [ -61.245554, -29.962388 ], [ -61.379287, -29.960838 ], [ -61.382925, -29.977952 ], [ -61.461684, -29.965275 ] ] ] ] } },
{ "type": "Feature", "properties": { "fid": 8, "DISTRITO": "0704", "NOMBRE1": "Huanqueros", "riesgo_median": 2.0, "riesgo_ponderado": 1.9887191956745052, "pct_n4_n5": 0.0, "riesgo_alto_clase": 1, "ha": 115092.66, "b12_ha": 111529.71, "n3_ha": 3507.3, "n4_ha": 0.0, "n5_ha": 0.0 }, "geometry": { "type": "MultiPolygon", "coordinates": [ [ [ [ -61.35957, -30.017989 ], [ -61.391518, -30.018353 ], [ -61.379287, -29.960838 ], [ -61.245554, -29.962388 ], [ -61.27394, -29.916359 ], [ -61.182848, -29.916122 ], [ -61.182645, -29.859055 ], [ -61.160037, -29.859052 ], [ -61.160116, -29.557604 ], [ -61.158392, -29.558364 ], [ -61.156933, -29.555527 ], [ -61.155842, -29.554982 ], [ -61.152218, -29.556274 ], [ -61.148423, -29.555295 ], [ -61.14615, -29.557611 ], [ -61.141457, -29.55965 ], [ -61.138819, -29.564584 ], [ -61.138546, -29.569397 ], [ -61.135924, -29.572492 ], [ -61.134324, -29.572646 ], [ -61.132961, -29.571742 ], [ -61.131704, -29.568081 ], [ -61.127413, -29.569002 ], [ -61.123472, -29.56733 ], [ -61.12251, -29.568515 ], [ -61.122595, -29.571632 ], [ -61.121534, -29.572475 ], [ -61.118483, -29.573022 ], [ -61.117738, -29.576032 ], [ -61.115557, -29.578302 ], [ -61.111814, -29.578779 ], [ -61.10984, -29.580832 ], [ -61.106711, -29.579229 ], [ -61.105097, -29.579459 ], [ -61.104953, -29.582921 ], [ -61.107373, -29.585583 ], [ -61.104865, -29.586864 ], [ -61.105024, -29.588122 ], [ -61.109092, -29.592663 ], [ -61.103589, -29.594681 ], [ -61.104603, -29.598268 ], [ -61.097288, -29.603781 ], [ -61.096402, -29.605354 ], [ -61.098356, -29.606953 ], [ -61.103632, -29.606044 ], [ -61.104767, -29.606891 ], [ -61.10461, -29.607904 ], [ -61.098413, -29.611213 ], [ -61.096784, -29.611328 ], [ -61.095597, -29.613361 ], [ -61.092649, -29.615498 ], [ -61.095977, -29.617545 ], [ -61.101984, -29.616833 ], [ -61.103291, -29.619164 ], [ -61.100885, -29.621576 ], [ -61.09936, -29.621932 ], [ -61.094949, -29.620155 ], [ -61.092244, -29.621139 ], [ -61.084875, -29.631238 ], [ -61.083965, -29.634687 ], [ -61.080045, -29.636841 ], [ -61.080937, -29.640594 ], [ -61.076817, -29.645622 ], [ -61.079239, -29.648065 ], [ -61.077752, -29.649973 ], [ -61.074847, -29.651435 ], [ -61.073646, -29.650916 ], [ -61.071522, -29.644237 ], [ -61.065406, -29.650051 ], [ -61.065551, -29.652734 ], [ -61.0676, -29.653621 ], [ -61.066879, -29.654295 ], [ -61.059962, -29.655119 ], [ -61.060023, -29.647064 ], [ -61.059218, -29.646765 ], [ -61.05643, -29.648976 ], [ -61.058008, -29.65217 ], [ -61.057234, -29.65379 ], [ -61.054396, -29.653662 ], [ -61.052, -29.650251 ], [ -61.050427, -29.651015 ], [ -61.049986, -29.6568 ], [ -61.048966, -29.656592 ], [ -61.0471, -29.653629 ], [ -61.04425, -29.654523 ], [ -61.043824, -29.652821 ], [ -61.044439, -29.651678 ], [ -61.042554, -29.650375 ], [ -61.038191, -29.653114 ], [ -61.038275, -29.654904 ], [ -61.039508, -29.65721 ], [ -61.043957, -29.656323 ], [ -61.04432, -29.657605 ], [ -61.037917, -29.659781 ], [ -61.037519, -29.6607 ], [ -61.038376, -29.661915 ], [ -61.041777, -29.66318 ], [ -61.041713, -29.664027 ], [ -61.038573, -29.664713 ], [ -61.033329, -29.661299 ], [ -61.031972, -29.661093 ], [ -61.0281, -29.663618 ], [ -61.027482, -29.666651 ], [ -61.026508, -29.667524 ], [ -61.013748, -29.663229 ], [ -61.011205, -29.663547 ], [ -61.009674, -29.667116 ], [ -61.006334, -29.663864 ], [ -60.999675, -29.663864 ], [ -60.999679, -29.662702 ], [ -61.001636, -29.66096 ], [ -61.001308, -29.660218 ], [ -60.999857, -29.660127 ], [ -60.996361, -29.661479 ], [ -60.995843, -29.663832 ], [ -60.994045, -29.665515 ], [ -60.989583, -29.667196 ], [ -60.989016, -29.669683 ], [ -60.986399, -29.670403 ], [ -60.98645, -29.672256 ], [ -60.983821, -29.670082 ], [ -60.982134, -29.669911 ], [ -60.979617, -29.672533 ], [ -60.977535, -29.673383 ], [ -60.970588, -29.668596 ], [ -60.969505, -29.668759 ], [ -60.969131, -29.671574 ], [ -60.973173, -29.674154 ], [ -60.973989, -29.675662 ], [ -60.970796, -29.676244 ], [ -60.969201, -29.678462 ], [ -60.963848, -29.673451 ], [ -60.960434, -29.672581 ], [ -60.957846, -29.673848 ], [ -60.95297, -29.673869 ], [ -60.951019, -29.673134 ], [ -60.951683, -29.670971 ], [ -60.950545, -29.670499 ], [ -60.948751, -29.670908 ], [ -60.946373, -29.673004 ], [ -60.945488, -29.67533 ], [ -60.944454, -29.675621 ], [ -60.937729, -29.675442 ], [ -60.936145, -29.674081 ], [ -60.935382, -29.672141 ], [ -60.926877, -29.673849 ], [ -60.925991, -29.675213 ], [ -60.928113, -29.676995 ], [ -60.927298, -29.678246 ], [ -60.925215, -29.678968 ], [ -60.924339, -29.678818 ], [ -60.923268, -29.676845 ], [ -60.919617, -29.676121 ], [ -60.913551, -29.677139 ], [ -60.912619, -29.678022 ], [ -60.913199, -29.679447 ], [ -60.912067, -29.679582 ], [ -60.91192, -29.674066 ], [ -60.910796, -29.673427 ], [ -60.908915, -29.676325 ], [ -60.908185, -29.681607 ], [ -60.907035, -29.683532 ], [ -60.905641, -29.684263 ], [ -60.902126, -29.680757 ], [ -60.900406, -29.677756 ], [ -60.898679, -29.677506 ], [ -60.89598, -29.681839 ], [ -60.897267, -29.68265 ], [ -60.901123, -29.682663 ], [ -60.901939, -29.683386 ], [ -60.900404, -29.740836 ], [ -60.900189, -29.804052 ], [ -60.933533, -29.803553 ], [ -60.989748, -29.804256 ], [ -60.988162, -29.861915 ], [ -61.014012, -29.86228 ], [ -61.010402, -29.869015 ], [ -61.012001, -29.872912 ], [ -61.011505, -29.874284 ], [ -61.006234, -29.882527 ], [ -61.006264, -29.884697 ], [ -61.007778, -29.888202 ], [ -61.001051, -29.896179 ], [ -61.001491, -29.89733 ], [ -61.005012, -29.898917 ], [ -61.007195, -29.900858 ], [ -61.007991, -29.905076 ], [ -61.005495, -29.908057 ], [ -61.005183, -29.914057 ], [ -61.003527, -29.91602 ], [ -61.006178, -29.919976 ], [ -61.005704, -29.920308 ], [ -61.006408, -29.921531 ], [ -61.005245, -29.922102 ], [ -61.005087, -29.92311 ], [ -61.005795, -29.924698 ], [ -61.002912, -29.924635 ], [ -61.001057, -29.925822 ], [ -61.000964, -29.928027 ], [ -61.002438, -29.930088 ], [ -61.000945, -29.93205 ], [ -60.998309, -29.931818 ], [ -60.99728, -29.930608 ], [ -60.996021, -29.930903 ], [ -60.997351, -29.93288 ], [ -60.99747, -29.935417 ], [ -60.999409, -29.937675 ], [ -60.998848, -29.941096 ], [ -61.000165, -29.94135 ], [ -61.001239, -29.943454 ], [ -61.000883, -29.944734 ], [ -60.997775, -29.946067 ], [ -60.997729, -29.947112 ], [ -60.995434, -29.94844 ], [ -60.994934, -29.949143 ], [ -60.996203, -29.949311 ], [ -60.995636, -29.950833 ], [ -60.992934, -29.950584 ], [ -60.989028, -29.953827 ], [ -60.986894, -29.953563 ], [ -60.986676, -29.957171 ], [ -60.985431, -29.959667 ], [ -60.982055, -29.962455 ], [ -60.983157, -29.964919 ], [ -60.981169, -29.96594 ], [ -60.981688, -29.967254 ], [ -60.983085, -29.967268 ], [ -60.982135, -29.970203 ], [ -60.98293, -29.971703 ], [ -60.982568, -29.974177 ], [ -60.983717, -29.97516 ], [ -60.983644, -29.975712 ], [ -60.981034, -29.976172 ], [ -60.980185, -29.97726 ], [ -60.982779, -29.979105 ], [ -60.981811, -29.98041 ], [ -60.982462, -29.981452 ], [ -60.981136, -29.982323 ], [ -60.981852, -29.985386 ], [ -60.985082, -29.986805 ], [ -60.981306, -29.989153 ], [ -60.976182, -29.990319 ], [ -60.974763, -29.992922 ], [ -60.975186, -29.999433 ], [ -60.977522, -30.001764 ], [ -60.973645, -30.006322 ], [ -60.973575, -30.009111 ], [ -60.974958, -30.009637 ], [ -60.976929, -30.012494 ], [ -60.975935, -30.013473 ], [ -60.976045, -30.015733 ], [ -60.982347, -30.026319 ], [ -60.984439, -30.027682 ], [ -60.987988, -30.02793 ], [ -60.987968, -30.032303 ], [ -61.084405, -30.018517 ], [ -61.084619, -30.03823 ], [ -61.137155, -30.037423 ], [ -61.137422, -30.05894 ], [ -61.185842, -30.058542 ], [ -61.186276, -30.057857 ], [ -61.26965, -30.05877 ], [ -61.26963, -30.060769 ], [ -61.274988, -30.061131 ], [ -61.318797, -30.057795 ], [ -61.359087, -30.053154 ], [ -61.35957, -30.017989 ] ] ] ] } },
{ "type": "Feature", "properties": { "fid": 9, "DISTRITO": "0308", "NOMBRE1": "Villa Ocampo", "riesgo_median": 3.0, "riesgo_ponderado": 3.1509474132424953, "pct_n4_n5": 19.30225928558799, "riesgo_alto_clase": 5, "ha": 75663.63, "b12_ha": 3192.12, "n3_ha": 57188.52, "n4_ha": 14398.65, "n5_ha": 43.92 }, "geometry": { "type": "MultiPolygon", "coordinates": [ [ [ [ -59.25415, -28.399398 ], [ -59.105573, -28.398298 ], [ -59.059288, -28.398585 ], [ -59.05517, -28.404319 ], [ -59.05214, -28.410473 ], [ -59.051013, -28.41549 ], [ -59.05153, -28.419746 ], [ -59.055085, -28.427308 ], [ -59.060833, -28.436275 ], [ -59.067708, -28.445605 ], [ -59.078135, -28.455573 ], [ -59.080246, -28.460675 ], [ -59.07826, -28.466656 ], [ -59.064897, -28.482561 ], [ -59.060511, -28.492272 ], [ -59.06153, -28.514445 ], [ -59.07112, -28.524689 ], [ -59.075273, -28.526118 ], [ -59.087159, -28.528121 ], [ -59.091565, -28.531081 ], [ -59.093129, -28.535296 ], [ -59.093772, -28.540356 ], [ -59.09265, -28.56249 ], [ -59.255358, -28.561403 ], [ -59.254859, -28.593547 ], [ -59.346553, -28.594509 ], [ -59.357535, -28.59492 ], [ -59.357387, -28.596471 ], [ -59.475348, -28.596866 ], [ -59.476395, -28.402888 ], [ -59.396659, -28.402438 ], [ -59.396737, -28.400858 ], [ -59.392855, -28.400863 ], [ -59.392889, -28.400186 ], [ -59.327912, -28.400252 ], [ -59.32736, -28.447035 ], [ -59.319102, -28.446976 ], [ -59.253445, -28.445878 ], [ -59.25415, -28.399398 ] ] ] ] } },
{ "type": "Feature", "properties": { "fid": 10, "DISTRITO": "0209", "NOMBRE1": "Golondrina", "riesgo_median": 2.0, "riesgo_ponderado": 2.1048606976445021, "pct_n4_n5": 0.026923554182372075, "riesgo_alto_clase": 2, "ha": 158256.11, "b12_ha": 141572.52, "n3_ha": 16499.25, "n4_ha": 42.57, "n5_ha": 0.0 }, "geometry": { "type": "MultiPolygon", "coordinates": [ [ [ [ -59.954798, -28.547419 ], [ -59.854925, -28.563114 ], [ -59.854006, -28.581148 ], [ -59.956862, -28.565163 ], [ -59.934239, -28.589892 ], [ -59.932833, -28.590981 ], [ -59.927782, -28.592372 ], [ -59.907378, -28.609571 ], [ -59.963602, -28.601337 ], [ -59.970621, -28.636954 ], [ -60.10922, -28.616101 ], [ -60.094872, -28.544744 ], [ -60.321212, -28.507804 ], [ -60.517965, -28.478381 ], [ -60.519457, -28.486041 ], [ -60.618411, -28.471509 ], [ -60.637808, -28.56914 ], [ -60.880935, -28.533926 ], [ -60.83581, -28.304303 ], [ -60.761623, -28.315481 ], [ -60.76303, -28.322857 ], [ -60.612063, -28.343505 ], [ -60.480994, -28.365078 ], [ -60.322588, -28.389306 ], [ -60.313252, -28.391334 ], [ -60.199553, -28.406813 ], [ -60.191383, -28.365732 ], [ -60.083568, -28.381987 ], [ -60.093765, -28.428601 ], [ -60.087433, -28.430293 ], [ -60.094256, -28.458239 ], [ -59.98657, -28.474829 ], [ -60.006676, -28.523233 ], [ -60.001526, -28.524746 ], [ -60.001023, -28.523564 ], [ -59.951636, -28.531488 ], [ -59.954798, -28.547419 ] ] ] ] } },
{ "type": "Feature", "properties": { "fid": 11, "DISTRITO": "1406", "NOMBRE1": "Serodino", "riesgo_median": 2.0, "riesgo_ponderado": 2.1452145992282086, "pct_n4_n5": 0.17792441158276137, "riesgo_alto_clase": 3, "ha": 15285.06, "b12_ha": 12348.9, "n3_ha": 2900.07, "n4_ha": 27.18, "n5_ha": 0.0 }, "geometry": { "type": "MultiPolygon", "coordinates": [ [ [ [ -60.997125, -32.549889 ], [ -60.976596, -32.538284 ], [ -60.967059, -32.540042 ], [ -60.972119, -32.560829 ], [ -60.97034, -32.563085 ], [ -60.871667, -32.580896 ], [ -60.88221, -32.622425 ], [ -60.875172, -32.6237 ], [ -60.921406, -32.648798 ], [ -60.922422, -32.647483 ], [ -60.929373, -32.650008 ], [ -60.944456, -32.662366 ], [ -60.952566, -32.666909 ], [ -60.952008, -32.667725 ], [ -60.983544, -32.684843 ], [ -60.989785, -32.689232 ], [ -61.041229, -32.623258 ], [ -61.038907, -32.622625 ], [ -61.050494, -32.607797 ], [ -61.051788, -32.608551 ], [ -61.054761, -32.605003 ], [ -61.047974, -32.600884 ], [ -61.047099, -32.601994 ], [ -61.044221, -32.600594 ], [ -61.049994, -32.593218 ], [ -61.037269, -32.587996 ], [ -61.035852, -32.588562 ], [ -61.028473, -32.585129 ], [ -61.027095, -32.586882 ], [ -61.024045, -32.585154 ], [ -61.030009, -32.577571 ], [ -61.021706, -32.573295 ], [ -61.022153, -32.572716 ], [ -61.020275, -32.572011 ], [ -61.020805, -32.571241 ], [ -61.017064, -32.569299 ], [ -61.015822, -32.570892 ], [ -61.004717, -32.564774 ], [ -61.006805, -32.562077 ], [ -60.998888, -32.562952 ], [ -60.989583, -32.559551 ], [ -60.997125, -32.549889 ] ] ] ] } },
{ "type": "Feature", "properties": { "fid": 12, "DISTRITO": "1510", "NOMBRE1": "San Jeronimo Sur", "riesgo_median": 2.0, "riesgo_ponderado": 2.4121967006339826, "pct_n4_n5": 0.9509742091811334, "riesgo_alto_clase": 4, "ha": 10854.05, "b12_ha": 6245.19, "n3_ha": 4497.39, "n4_ha": 103.14, "n5_ha": 0.0 }, "geometry": { "type": "MultiPolygon", "coordinates": [ [ [ [ -60.986849, -32.93357 ], [ -61.0956, -32.914373 ], [ -61.07251, -32.822204 ], [ -60.964023, -32.84152 ], [ -60.986849, -32.93357 ] ] ] ] } },
{ "type": "Feature", "properties": { "fid": 13, "DISTRITO": "1917", "NOMBRE1": "Theobald", "riesgo_median": 2.0, "riesgo_ponderado": 2.0775879354559557, "pct_n4_n5": 0.32715261141657082, "riesgo_alto_clase": 3, "ha": 8548.96, "b12_ha": 7300.89, "n3_ha": 1199.34, "n4_ha": 27.9, "n5_ha": 0.0 }, "geometry": { "type": "MultiPolygon", "coordinates": [ [ [ [ -60.330736, -33.274346 ], [ -60.28429, -33.308776 ], [ -60.282943, -33.313842 ], [ -60.287826, -33.318823 ], [ -60.290103, -33.322671 ], [ -60.309984, -33.334913 ], [ -60.314466, -33.33952 ], [ -60.316422, -33.343374 ], [ -60.324143, -33.350599 ], [ -60.32209, -33.352818 ], [ -60.321961, -33.354195 ], [ -60.323507, -33.355577 ], [ -60.325747, -33.3561 ], [ -60.327114, -33.358528 ], [ -60.326656, -33.359349 ], [ -60.32403, -33.35934 ], [ -60.325585, -33.360724 ], [ -60.324559, -33.363534 ], [ -60.325381, -33.365898 ], [ -60.326859, -33.366272 ], [ -60.327114, -33.367467 ], [ -60.321897, -33.373737 ], [ -60.326398, -33.381129 ], [ -60.325268, -33.383481 ], [ -60.328347, -33.389063 ], [ -60.329586, -33.389367 ], [ -60.329304, -33.391156 ], [ -60.330958, -33.391565 ], [ -60.330346, -33.394246 ], [ -60.332257, -33.396764 ], [ -60.334894, -33.396528 ], [ -60.334547, -33.398329 ], [ -60.412456, -33.339991 ], [ -60.377726, -33.289485 ], [ -60.375177, -33.291343 ], [ -60.359968, -33.27723 ], [ -60.345342, -33.287725 ], [ -60.330736, -33.274346 ] ] ] ] } },
{ "type": "Feature", "properties": { "fid": 14, "DISTRITO": "0101", "NOMBRE1": "Gregoria Perez de Denis", "riesgo_median": 2.0, "riesgo_ponderado": 1.9536750234472571, "pct_n4_n5": 0.00019438140547475231, "riesgo_alto_clase": 2, "ha": 92577.46, "b12_ha": 89133.39, "n3_ha": 3467.88, "n4_ha": 0.18, "n5_ha": 0.0 }, "geometry": { "type": "MultiPolygon", "coordinates": [ [ [ [ -61.407328, -27.999714 ], [ -61.407942, -28.087883 ], [ -61.374716, -28.088421 ], [ -61.375961, -28.08984 ], [ -61.376907, -28.246847 ], [ -61.619368, -28.246824 ], [ -61.752707, -28.245151 ], [ -61.739144, -28.1674 ], [ -61.712216, -27.999696 ], [ -61.407328, -27.999714 ] ] ] ] } },
{ "type": "Feature", "properties": { "fid": 15, "DISTRITO": "0723", "NOMBRE1": "Constanza", "riesgo_median": 2.0, "riesgo_ponderado": 2.1140795166067923, "pct_n4_n5": 0.064511522201074034, "riesgo_alto_clase": 3, "ha": 36616.12, "b12_ha": 32121.45, "n3_ha": 4406.58, "n4_ha": 23.58, "n5_ha": 0.0 }, "geometry": { "type": "MultiPolygon", "coordinates": [ [ [ [ -61.209778, -30.747963 ], [ -61.423124, -30.711713 ], [ -61.383888, -30.539494 ], [ -61.324185, -30.549516 ], [ -61.320662, -30.549408 ], [ -61.319324, -30.550356 ], [ -61.277405, -30.557373 ], [ -61.285127, -30.591747 ], [ -61.178508, -30.609709 ], [ -61.209778, -30.747963 ] ] ] ] } },
{ "type": "Feature", "properties": { "fid": 16, "DISTRITO": "1124", "NOMBRE1": "San Genaro", "riesgo_median": 2.0, "riesgo_ponderado": 2.2374854790585128, "pct_n4_n5": 0.38320824837678774, "riesgo_alto_clase": 3, "ha": 37328.5, "b12_ha": 27338.58, "n3_ha": 9860.94, "n4_ha": 143.1, "n5_ha": 0.0 }, "geometry": { "type": "MultiPolygon", "coordinates": [ [ [ [ -61.165836, -32.287249 ], [ -61.161907, -32.287949 ], [ -61.15482, -32.305235 ], [ -61.1545, -32.307059 ], [ -61.155517, -32.309904 ], [ -61.151167, -32.317333 ], [ -61.150307, -32.322206 ], [ -61.147956, -32.328041 ], [ -61.141369, -32.334108 ], [ -61.138965, -32.342874 ], [ -61.149972, -32.388731 ], [ -61.12113, -32.439405 ], [ -61.190913, -32.431436 ], [ -61.192764, -32.438852 ], [ -61.459696, -32.389779 ], [ -61.453944, -32.385126 ], [ -61.446115, -32.375057 ], [ -61.438616, -32.367316 ], [ -61.431574, -32.363023 ], [ -61.423451, -32.356612 ], [ -61.42197, -32.356871 ], [ -61.42156, -32.355861 ], [ -61.396623, -32.337391 ], [ -61.389439, -32.331068 ], [ -61.385147, -32.329234 ], [ -61.369825, -32.316703 ], [ -61.348196, -32.306973 ], [ -61.330532, -32.301983 ], [ -61.321182, -32.298509 ], [ -61.30577, -32.289764 ], [ -61.297085, -32.286081 ], [ -61.27619, -32.281263 ], [ -61.274471, -32.279819 ], [ -61.250996, -32.268834 ], [ -61.248655, -32.267108 ], [ -61.239107, -32.265337 ], [ -61.239383, -32.266421 ], [ -61.197587, -32.273988 ], [ -61.198713, -32.278304 ], [ -61.165336, -32.284308 ], [ -61.165836, -32.287249 ] ] ] ] } },
{ "type": "Feature", "properties": { "fid": 17, "DISTRITO": "0111", "NOMBRE1": "Santa Margarita", "riesgo_median": 2.0, "riesgo_ponderado": 1.9520463538211237, "pct_n4_n5": 0.0028773831926292952, "riesgo_alto_clase": 2, "ha": 109573.1, "b12_ha": 103460.22, "n3_ha": 6011.1, "n4_ha": 3.15, "n5_ha": 0.0 }, "geometry": { "type": "MultiPolygon", "coordinates": [ [ [ [ -61.619368, -28.246824 ], [ -61.261274, -28.247317 ], [ -61.186632, -28.246728 ], [ -61.229046, -28.458575 ], [ -61.234262, -28.480911 ], [ -61.486053, -28.44107 ], [ -61.481481, -28.417378 ], [ -61.774017, -28.372143 ], [ -61.752707, -28.245151 ], [ -61.619368, -28.246824 ] ] ] ] } },
{ "type": "Feature", "properties": { "fid": 18, "DISTRITO": "0102", "NOMBRE1": "Gato Colorado", "riesgo_median": 2.0, "riesgo_ponderado": 2.0333850405845237, "pct_n4_n5": 0.0011534315327478436, "riesgo_alto_clase": 2, "ha": 304481.28, "b12_ha": 288676.53, "n3_ha": 15629.31, "n4_ha": 3.51, "n5_ha": 0.0 }, "geometry": { "type": "MultiPolygon", "coordinates": [ [ [ [ -60.829859, -28.273576 ], [ -60.889748, -28.577539 ], [ -60.895867, -28.57866 ], [ -60.898355, -28.581979 ], [ -61.142392, -28.543475 ], [ -61.141357, -28.538977 ], [ -61.242323, -28.52358 ], [ -61.234262, -28.480911 ], [ -61.229046, -28.458575 ], [ -61.186632, -28.246728 ], [ -61.261274, -28.247317 ], [ -61.376907, -28.246847 ], [ -61.375961, -28.08984 ], [ -61.374716, -28.088421 ], [ -61.407942, -28.087883 ], [ -61.407328, -27.999714 ], [ -60.996202, -27.99965 ], [ -60.644405, -27.999695 ], [ -60.644583, -28.100244 ], [ -60.68814, -28.099083 ], [ -60.747738, -28.099336 ], [ -60.748567, -28.221659 ], [ -60.827231, -28.270659 ], [ -60.829859, -28.273576 ] ] ] ] } },
{ "type": "Feature", "properties": { "fid": 19, "DISTRITO": "0304", "NOMBRE1": "Villa Guillermina", "riesgo_median": 3.0, "riesgo_ponderado": 2.8449043130411362, "pct_n4_n5": 1.651114043495765, "riesgo_alto_clase": 4, "ha": 125831.56, "b12_ha": 21559.14, "n3_ha": 101998.08, "n4_ha": 2074.32, "n5_ha": 0.0 }, "geometry": { "type": "MultiPolygon", "coordinates": [ [ [ [ -59.380043, -27.999661 ], [ -59.380997, -28.145282 ], [ -59.397581, -28.145277 ], [ -59.397852, -28.190679 ], [ -59.427624, -28.190232 ], [ -59.428472, -28.214542 ], [ -59.4258, -28.215332 ], [ -59.425876, -28.217387 ], [ -59.422904, -28.218988 ], [ -59.422796, -28.219546 ], [ -59.424974, -28.220092 ], [ -59.423374, -28.221316 ], [ -59.421822, -28.221465 ], [ -59.423239, -28.223133 ], [ -59.420546, -28.223893 ], [ -59.421261, -28.224982 ], [ -59.420381, -28.225992 ], [ -59.417263, -28.225201 ], [ -59.418297, -28.227896 ], [ -59.417814, -28.228804 ], [ -59.416532, -28.229351 ], [ -59.415676, -28.226897 ], [ -59.415079, -28.227208 ], [ -59.41569, -28.228792 ], [ -59.413224, -28.232708 ], [ -59.413683, -28.234446 ], [ -59.41266, -28.233619 ], [ -59.411706, -28.234229 ], [ -59.414174, -28.235771 ], [ -59.410281, -28.235892 ], [ -59.407516, -28.238316 ], [ -59.406878, -28.240169 ], [ -59.408182, -28.241975 ], [ -59.407376, -28.242426 ], [ -59.406349, -28.245954 ], [ -59.406482, -28.248729 ], [ -59.408234, -28.248416 ], [ -59.408865, -28.250158 ], [ -59.4098, -28.250524 ], [ -59.406947, -28.251193 ], [ -59.406682, -28.253242 ], [ -59.410452, -28.251203 ], [ -59.411995, -28.254001 ], [ -59.411857, -28.254718 ], [ -59.410632, -28.255083 ], [ -59.410853, -28.257549 ], [ -59.414365, -28.255785 ], [ -59.414146, -28.259807 ], [ -59.41716, -28.261815 ], [ -59.418173, -28.263515 ], [ -59.417665, -28.264744 ], [ -59.419552, -28.264891 ], [ -59.418735, -28.266397 ], [ -59.420826, -28.265873 ], [ -59.421821, -28.266599 ], [ -59.420175, -28.269047 ], [ -59.417668, -28.269337 ], [ -59.421536, -28.270784 ], [ -59.422027, -28.271474 ], [ -59.421075, -28.273698 ], [ -59.423074, -28.275311 ], [ -59.423454, -28.277357 ], [ -59.42661, -28.277449 ], [ -59.428055, -28.278291 ], [ -59.428439, -28.280396 ], [ -59.427556, -28.281642 ], [ -59.429895, -28.282285 ], [ -59.429652, -28.283643 ], [ -59.694069, -28.277351 ], [ -59.740322, -28.277001 ], [ -59.745875, -28.276993 ], [ -59.743476, -28.281387 ], [ -59.877189, -28.281777 ], [ -59.87627, -28.251563 ], [ -59.7904, -28.250813 ], [ -59.790197, -28.104534 ], [ -59.811039, -28.104633 ], [ -59.811183, -27.999661 ], [ -59.380043, -27.999661 ] ] ] ] } },
{ "type": "Feature", "properties": { "fid": 20, "DISTRITO": "0302", "NOMBRE1": "Florencia", "riesgo_median": 3.0, "riesgo_ponderado": 3.0164544216075342, "pct_n4_n5": 7.231682757803708, "riesgo_alto_clase": 5, "ha": 64159.08, "b12_ha": 3395.25, "n3_ha": 52988.22, "n4_ha": 4395.33, "n5_ha": 0.0 }, "geometry": { "type": "MultiPolygon", "coordinates": [ [ [ [ -59.380613, -28.091897 ], [ -59.380043, -27.999661 ], [ -58.89046, -27.999647 ], [ -58.892775, -28.007335 ], [ -58.89684, -28.048463 ], [ -58.895971, -28.050604 ], [ -58.890685, -28.056046 ], [ -58.892862, -28.061748 ], [ -58.901067, -28.073345 ], [ -58.925442, -28.102334 ], [ -58.927261, -28.106824 ], [ -58.929515, -28.119259 ], [ -58.933789, -28.125558 ], [ -58.939429, -28.129961 ], [ -58.946154, -28.133105 ], [ -58.957265, -28.136004 ], [ -58.969661, -28.138124 ], [ -58.985167, -28.139343 ], [ -59.000861, -28.139029 ], [ -59.032832, -28.133881 ], [ -59.057739, -28.131228 ], [ -59.064784, -28.13217 ], [ -59.070905, -28.134685 ], [ -59.076707, -28.139114 ], [ -59.080811, -28.144501 ], [ -59.174849, -28.142888 ], [ -59.171744, -28.140993 ], [ -59.170269, -28.13347 ], [ -59.172242, -28.130218 ], [ -59.175892, -28.128891 ], [ -59.174185, -28.126963 ], [ -59.176637, -28.125117 ], [ -59.174921, -28.122063 ], [ -59.172327, -28.120996 ], [ -59.171847, -28.119861 ], [ -59.215244, -28.113518 ], [ -59.34897, -28.096008 ], [ -59.350628, -28.099214 ], [ -59.380613, -28.091897 ] ] ] ] } },
{ "type": "Feature", "properties": { "fid": 21, "DISTRITO": "0303", "NOMBRE1": "El Rabon", "riesgo_median": 3.0, "riesgo_ponderado": 3.001327481104604, "pct_n4_n5": 5.8870792670906953, "riesgo_alto_clase": 5, "ha": 36110.05, "b12_ha": 2075.49, "n3_ha": 31869.45, "n4_ha": 2123.37, "n5_ha": 0.0 }, "geometry": { "type": "MultiPolygon", "coordinates": [ [ [ [ -59.095251, -28.176313 ], [ -59.083849, -28.176237 ], [ -59.083978, -28.198851 ], [ -59.085739, -28.216635 ], [ -59.086917, -28.218871 ], [ -59.089247, -28.220695 ], [ -59.103227, -28.225637 ], [ -59.108036, -28.229177 ], [ -59.113961, -28.243595 ], [ -59.115978, -28.25784 ], [ -59.114567, -28.271934 ], [ -59.110232, -28.283606 ], [ -59.106478, -28.288417 ], [ -59.095618, -28.295495 ], [ -59.132187, -28.295436 ], [ -59.203369, -28.279636 ], [ -59.203708, -28.280117 ], [ -59.20252, -28.281229 ], [ -59.204851, -28.281157 ], [ -59.204492, -28.282727 ], [ -59.2053, -28.282474 ], [ -59.205533, -28.280353 ], [ -59.207807, -28.280172 ], [ -59.206686, -28.279101 ], [ -59.207146, -28.278749 ], [ -59.209867, -28.280341 ], [ -59.210246, -28.278564 ], [ -59.211537, -28.278954 ], [ -59.212545, -28.277596 ], [ -59.220334, -28.275864 ], [ -59.27493, -28.276339 ], [ -59.274959, -28.269113 ], [ -59.303024, -28.269128 ], [ -59.303064, -28.25843 ], [ -59.328817, -28.258672 ], [ -59.328632, -28.289171 ], [ -59.385761, -28.290805 ], [ -59.385823, -28.279398 ], [ -59.428412, -28.279843 ], [ -59.427512, -28.277773 ], [ -59.423454, -28.277357 ], [ -59.423074, -28.275311 ], [ -59.421075, -28.273698 ], [ -59.422027, -28.271474 ], [ -59.421536, -28.270784 ], [ -59.417668, -28.269337 ], [ -59.420175, -28.269047 ], [ -59.421821, -28.266599 ], [ -59.420826, -28.265873 ], [ -59.418735, -28.266397 ], [ -59.419552, -28.264891 ], [ -59.417665, -28.264744 ], [ -59.418173, -28.263515 ], [ -59.41716, -28.261815 ], [ -59.414146, -28.259807 ], [ -59.414162, -28.255604 ], [ -59.410853, -28.257549 ], [ -59.410632, -28.255083 ], [ -59.411857, -28.254718 ], [ -59.411995, -28.254001 ], [ -59.410968, -28.251581 ], [ -59.409467, -28.251259 ], [ -59.406682, -28.253242 ], [ -59.406947, -28.251193 ], [ -59.4098, -28.250524 ], [ -59.408865, -28.250158 ], [ -59.408234, -28.248416 ], [ -59.406482, -28.248729 ], [ -59.406349, -28.245954 ], [ -59.407376, -28.242426 ], [ -59.408182, -28.241975 ], [ -59.406878, -28.240169 ], [ -59.407516, -28.238316 ], [ -59.410281, -28.235892 ], [ -59.414174, -28.235771 ], [ -59.411706, -28.234229 ], [ -59.41266, -28.233619 ], [ -59.413683, -28.234446 ], [ -59.413224, -28.232708 ], [ -59.41569, -28.228792 ], [ -59.415079, -28.227208 ], [ -59.415676, -28.226897 ], [ -59.416532, -28.229351 ], [ -59.417814, -28.228804 ], [ -59.418297, -28.227896 ], [ -59.417263, -28.225201 ], [ -59.420381, -28.225992 ], [ -59.421261, -28.224982 ], [ -59.420546, -28.223893 ], [ -59.423239, -28.223133 ], [ -59.421822, -28.221465 ], [ -59.423374, -28.221316 ], [ -59.424974, -28.220092 ], [ -59.422796, -28.219546 ], [ -59.422904, -28.218988 ], [ -59.425876, -28.217387 ], [ -59.4258, -28.215332 ], [ -59.428472, -28.214542 ], [ -59.427624, -28.190232 ], [ -59.397852, -28.190679 ], [ -59.397581, -28.145277 ], [ -59.380997, -28.145282 ], [ -59.376522, -28.163652 ], [ -59.264376, -28.163417 ], [ -59.267629, -28.187276 ], [ -59.267205, -28.190577 ], [ -59.262291, -28.190559 ], [ -59.261432, -28.18938 ], [ -59.260043, -28.191998 ], [ -59.256737, -28.190122 ], [ -59.257451, -28.191176 ], [ -59.257137, -28.192458 ], [ -59.252592, -28.191189 ], [ -59.251427, -28.191391 ], [ -59.249634, -28.193379 ], [ -59.247356, -28.193199 ], [ -59.246751, -28.191705 ], [ -59.24317, -28.190824 ], [ -59.241817, -28.191928 ], [ -59.241563, -28.188356 ], [ -59.243021, -28.186584 ], [ -59.241756, -28.185954 ], [ -59.23853, -28.188208 ], [ -59.237593, -28.189285 ], [ -59.23792, -28.190367 ], [ -59.236743, -28.190989 ], [ -59.1881, -28.190388 ], [ -59.183251, -28.189261 ], [ -59.18408, -28.188515 ], [ -59.180867, -28.188235 ], [ -59.178835, -28.189262 ], [ -59.175969, -28.189394 ], [ -59.169813, -28.187249 ], [ -59.111093, -28.186256 ], [ -59.105406, -28.18425 ], [ -59.105711, -28.181282 ], [ -59.102951, -28.178887 ], [ -59.095251, -28.176313 ] ] ] ] } },
{ "type": "Feature", "properties": { "fid": 22, "DISTRITO": "0305", "NOMBRE1": "Las Toscas", "riesgo_median": 3.0, "riesgo_ponderado": 3.0568892651813102, "pct_n4_n5": 10.158003400821588, "riesgo_alto_clase": 5, "ha": 38054.87, "b12_ha": 1702.44, "n3_ha": 32487.39, "n4_ha": 3863.97, "n5_ha": 1.71 }, "geometry": { "type": "MultiPolygon", "coordinates": [ [ [ [ -59.203369, -28.279636 ], [ -59.132187, -28.295436 ], [ -59.095618, -28.295495 ], [ -59.093742, -28.297931 ], [ -59.076364, -28.332627 ], [ -59.08042, -28.36392 ], [ -59.079056, -28.372792 ], [ -59.075914, -28.379614 ], [ -59.069669, -28.389698 ], [ -59.059736, -28.398149 ], [ -59.235448, -28.398923 ], [ -59.236066, -28.372939 ], [ -59.396744, -28.375056 ], [ -59.396069, -28.373331 ], [ -59.397842, -28.373725 ], [ -59.39937, -28.372098 ], [ -59.396573, -28.370963 ], [ -59.396435, -28.370014 ], [ -59.398781, -28.370898 ], [ -59.399795, -28.368662 ], [ -59.398672, -28.368051 ], [ -59.39767, -28.369461 ], [ -59.394845, -28.367853 ], [ -59.397078, -28.367966 ], [ -59.398712, -28.366935 ], [ -59.396816, -28.366358 ], [ -59.398285, -28.365173 ], [ -59.398811, -28.363487 ], [ -59.395761, -28.36352 ], [ -59.399087, -28.360748 ], [ -59.398195, -28.359993 ], [ -59.398129, -28.357548 ], [ -59.39709, -28.355594 ], [ -59.397662, -28.354809 ], [ -59.401126, -28.355201 ], [ -59.40109, -28.354444 ], [ -59.399499, -28.353554 ], [ -59.400313, -28.352398 ], [ -59.401785, -28.351938 ], [ -59.399072, -28.350597 ], [ -59.398572, -28.34881 ], [ -59.400731, -28.350626 ], [ -59.401464, -28.349988 ], [ -59.401099, -28.347978 ], [ -59.402503, -28.349645 ], [ -59.403113, -28.347787 ], [ -59.403783, -28.348338 ], [ -59.404964, -28.34704 ], [ -59.405554, -28.347491 ], [ -59.409044, -28.346214 ], [ -59.408805, -28.342488 ], [ -59.410827, -28.34265 ], [ -59.410344, -28.340315 ], [ -59.411858, -28.341295 ], [ -59.413374, -28.34017 ], [ -59.412868, -28.337408 ], [ -59.414022, -28.337266 ], [ -59.415378, -28.338775 ], [ -59.41712, -28.339335 ], [ -59.417609, -28.338705 ], [ -59.416273, -28.335284 ], [ -59.418372, -28.335301 ], [ -59.418081, -28.33262 ], [ -59.422225, -28.333537 ], [ -59.420922, -28.332029 ], [ -59.420959, -28.330731 ], [ -59.422759, -28.332672 ], [ -59.423654, -28.330999 ], [ -59.425424, -28.330672 ], [ -59.425846, -28.329527 ], [ -59.426475, -28.329649 ], [ -59.4269, -28.330653 ], [ -59.425138, -28.331419 ], [ -59.425491, -28.333367 ], [ -59.427269, -28.335005 ], [ -59.42809, -28.331802 ], [ -59.429878, -28.333639 ], [ -59.430226, -28.332099 ], [ -59.431374, -28.332441 ], [ -59.433442, -28.331699 ], [ -59.432736, -28.329842 ], [ -59.433523, -28.328934 ], [ -59.43748, -28.330613 ], [ -59.438774, -28.328819 ], [ -59.437743, -28.327851 ], [ -59.438552, -28.327572 ], [ -59.439559, -28.324777 ], [ -59.441081, -28.325851 ], [ -59.442072, -28.32551 ], [ -59.441504, -28.323916 ], [ -59.442525, -28.322812 ], [ -59.441065, -28.321804 ], [ -59.44427, -28.320178 ], [ -59.443234, -28.31811 ], [ -59.441021, -28.320032 ], [ -59.438792, -28.319839 ], [ -59.437787, -28.317865 ], [ -59.441132, -28.316804 ], [ -59.438988, -28.316559 ], [ -59.440218, -28.31447 ], [ -59.439871, -28.313677 ], [ -59.43873, -28.313705 ], [ -59.437346, -28.315393 ], [ -59.436833, -28.313712 ], [ -59.435444, -28.31399 ], [ -59.433022, -28.312778 ], [ -59.434892, -28.310905 ], [ -59.434252, -28.309345 ], [ -59.432792, -28.30907 ], [ -59.431458, -28.310074 ], [ -59.430846, -28.308934 ], [ -59.427706, -28.308625 ], [ -59.426466, -28.307011 ], [ -59.428678, -28.305489 ], [ -59.426739, -28.30493 ], [ -59.42646, -28.303491 ], [ -59.430421, -28.302339 ], [ -59.428506, -28.299528 ], [ -59.425367, -28.299752 ], [ -59.424212, -28.297448 ], [ -59.426745, -28.297536 ], [ -59.425279, -28.295491 ], [ -59.427251, -28.295775 ], [ -59.427344, -28.292692 ], [ -59.429537, -28.29168 ], [ -59.427782, -28.289246 ], [ -59.428944, -28.288398 ], [ -59.428799, -28.285017 ], [ -59.429891, -28.282903 ], [ -59.429426, -28.281986 ], [ -59.427556, -28.281642 ], [ -59.428412, -28.279843 ], [ -59.385823, -28.279398 ], [ -59.385761, -28.290805 ], [ -59.328632, -28.289171 ], [ -59.328817, -28.258672 ], [ -59.303064, -28.25843 ], [ -59.303024, -28.269128 ], [ -59.274959, -28.269113 ], [ -59.27493, -28.276339 ], [ -59.220334, -28.275864 ], [ -59.212545, -28.277596 ], [ -59.211537, -28.278954 ], [ -59.210246, -28.278564 ], [ -59.209867, -28.280341 ], [ -59.207146, -28.278749 ], [ -59.206686, -28.279101 ], [ -59.207807, -28.280172 ], [ -59.205533, -28.280353 ], [ -59.2053, -28.282474 ], [ -59.204492, -28.282727 ], [ -59.204851, -28.281157 ], [ -59.20252, -28.281229 ], [ -59.203708, -28.280117 ], [ -59.203369, -28.279636 ] ] ] ] } },
{ "type": "Feature", "properties": { "fid": 23, "DISTRITO": "0306", "NOMBRE1": "San Antonio de Obligado", "riesgo_median": 3.0, "riesgo_ponderado": 3.0748356270674235, "pct_n4_n5": 19.18569036631682, "riesgo_alto_clase": 5, "ha": 4472.28, "b12_ha": 519.39, "n3_ha": 3042.63, "n4_ha": 842.04, "n5_ha": 3.6 }, "geometry": { "type": "MultiPolygon", "coordinates": [ [ [ [ -59.235448, -28.398923 ], [ -59.392868, -28.400186 ], [ -59.389501, -28.397967 ], [ -59.392914, -28.397835 ], [ -59.390874, -28.396056 ], [ -59.393548, -28.395637 ], [ -59.393836, -28.394822 ], [ -59.390943, -28.392706 ], [ -59.389781, -28.392725 ], [ -59.389477, -28.390392 ], [ -59.390636, -28.389478 ], [ -59.391108, -28.390853 ], [ -59.394202, -28.391968 ], [ -59.3944, -28.390946 ], [ -59.392147, -28.389562 ], [ -59.392487, -28.388578 ], [ -59.397931, -28.388537 ], [ -59.397768, -28.386789 ], [ -59.396779, -28.387062 ], [ -59.393307, -28.385 ], [ -59.39396, -28.384298 ], [ -59.396584, -28.384305 ], [ -59.397195, -28.382428 ], [ -59.395488, -28.383093 ], [ -59.393486, -28.381819 ], [ -59.394881, -28.380601 ], [ -59.396483, -28.381701 ], [ -59.397363, -28.380365 ], [ -59.399796, -28.379043 ], [ -59.398797, -28.377883 ], [ -59.395652, -28.37711 ], [ -59.397489, -28.376422 ], [ -59.396744, -28.375056 ], [ -59.236066, -28.372939 ], [ -59.235448, -28.398923 ] ] ] ] } },
{ "type": "Feature", "properties": { "fid": 24, "DISTRITO": "0307", "NOMBRE1": "Tacuarendi", "riesgo_median": 3.0, "riesgo_ponderado": 2.9851723473907184, "pct_n4_n5": 8.4609089158482575, "riesgo_alto_clase": 5, "ha": 3736.65, "b12_ha": 373.68, "n3_ha": 3048.93, "n4_ha": 314.46, "n5_ha": 1.89 }, "geometry": { "type": "MultiPolygon", "coordinates": [ [ [ [ -59.327912, -28.400252 ], [ -59.25415, -28.39939 ], [ -59.253445, -28.445878 ], [ -59.32736, -28.447035 ], [ -59.327912, -28.400252 ] ] ] ] } },
{ "type": "Feature", "properties": { "fid": 25, "DISTRITO": "0314", "NOMBRE1": "Arroyo Ceibal", "riesgo_median": 3.0, "riesgo_ponderado": 3.0795390926593855, "pct_n4_n5": 11.04281553757893, "riesgo_alto_clase": 5, "ha": 46191.96, "b12_ha": 1429.2, "n3_ha": 39613.59, "n4_ha": 5090.85, "n5_ha": 4.05 }, "geometry": { "type": "MultiPolygon", "coordinates": [ [ [ [ -59.553237, -28.572313 ], [ -59.50715, -28.57236 ], [ -59.51025, -28.595036 ], [ -59.497976, -28.596484 ], [ -59.507123, -28.659229 ], [ -59.488686, -28.661424 ], [ -59.490023, -28.670338 ], [ -59.479913, -28.671499 ], [ -59.481293, -28.680466 ], [ -59.471149, -28.681629 ], [ -59.472557, -28.690566 ], [ -59.442064, -28.69408 ], [ -59.443462, -28.703019 ], [ -59.412817, -28.706359 ], [ -59.411583, -28.697465 ], [ -59.367101, -28.702425 ], [ -59.365839, -28.700768 ], [ -59.360929, -28.701995 ], [ -59.359358, -28.701252 ], [ -59.358191, -28.697971 ], [ -59.355891, -28.695866 ], [ -59.35695, -28.693615 ], [ -59.354889, -28.690303 ], [ -59.35605, -28.688568 ], [ -59.359076, -28.68881 ], [ -59.359446, -28.68806 ], [ -59.358288, -28.685271 ], [ -59.260265, -28.685157 ], [ -59.259803, -28.686216 ], [ -59.257292, -28.686159 ], [ -59.256431, -28.687035 ], [ -59.256764, -28.688365 ], [ -59.258522, -28.689159 ], [ -59.261175, -28.687892 ], [ -59.266047, -28.687865 ], [ -59.266945, -28.688526 ], [ -59.266878, -28.690408 ], [ -59.263822, -28.693023 ], [ -59.26445, -28.694142 ], [ -59.092456, -28.696142 ], [ -59.120357, -28.74923 ], [ -59.132502, -28.777825 ], [ -59.383729, -28.774519 ], [ -59.387326, -28.775317 ], [ -59.3909, -28.777203 ], [ -59.39369, -28.775724 ], [ -59.396676, -28.776094 ], [ -59.397939, -28.776927 ], [ -59.400589, -28.77616 ], [ -59.402302, -28.776702 ], [ -59.404599, -28.776337 ], [ -59.406112, -28.777071 ], [ -59.406095, -28.778872 ], [ -59.407539, -28.777053 ], [ -59.409593, -28.778252 ], [ -59.411194, -28.775591 ], [ -59.412852, -28.776112 ], [ -59.415395, -28.773502 ], [ -59.420848, -28.77448 ], [ -59.423205, -28.768918 ], [ -59.424208, -28.768167 ], [ -59.421956, -28.766498 ], [ -59.424749, -28.766198 ], [ -59.426472, -28.764469 ], [ -59.42805, -28.764989 ], [ -59.428716, -28.766137 ], [ -59.427958, -28.76738 ], [ -59.428597, -28.768528 ], [ -59.427321, -28.769114 ], [ -59.427339, -28.770727 ], [ -59.430765, -28.770991 ], [ -59.431408, -28.772956 ], [ -59.435257, -28.771936 ], [ -59.436517, -28.772495 ], [ -59.438789, -28.772185 ], [ -59.440473, -28.771148 ], [ -59.441893, -28.771699 ], [ -59.443653, -28.771278 ], [ -59.443428, -28.772134 ], [ -59.445554, -28.772742 ], [ -59.44634, -28.771133 ], [ -59.444784, -28.771244 ], [ -59.444029, -28.770391 ], [ -59.445617, -28.769183 ], [ -59.446355, -28.769832 ], [ -59.448267, -28.769178 ], [ -59.450012, -28.768266 ], [ -59.450371, -28.76724 ], [ -59.450074, -28.766623 ], [ -59.448677, -28.766843 ], [ -59.446699, -28.764989 ], [ -59.446774, -28.764047 ], [ -59.449562, -28.761434 ], [ -59.451047, -28.762896 ], [ -59.45176, -28.762147 ], [ -59.450335, -28.761351 ], [ -59.45062, -28.7609 ], [ -59.453223, -28.761604 ], [ -59.453139, -28.758995 ], [ -59.454293, -28.758018 ], [ -59.453932, -28.759489 ], [ -59.45561, -28.759519 ], [ -59.455449, -28.758093 ], [ -59.456464, -28.756531 ], [ -59.456757, -28.757997 ], [ -59.457707, -28.758818 ], [ -59.45838, -28.758525 ], [ -59.457298, -28.757648 ], [ -59.460585, -28.757373 ], [ -59.462388, -28.760675 ], [ -59.463113, -28.758715 ], [ -59.46413, -28.760316 ], [ -59.466596, -28.760123 ], [ -59.464799, -28.75901 ], [ -59.466852, -28.758255 ], [ -59.468401, -28.762857 ], [ -59.469965, -28.761157 ], [ -59.469941, -28.762364 ], [ -59.471339, -28.76374 ], [ -59.469425, -28.764722 ], [ -59.47018, -28.765769 ], [ -59.470103, -28.768853 ], [ -59.471323, -28.766809 ], [ -59.472449, -28.767811 ], [ -59.471144, -28.769059 ], [ -59.470798, -28.771589 ], [ -59.469717, -28.772755 ], [ -59.468624, -28.772235 ], [ -59.46419, -28.773468 ], [ -59.461767, -28.772479 ], [ -59.460092, -28.773149 ], [ -59.459067, -28.772304 ], [ -59.459768, -28.773312 ], [ -59.457889, -28.774131 ], [ -59.462142, -28.775586 ], [ -59.459883, -28.776035 ], [ -59.461058, -28.77636 ], [ -59.460246, -28.777127 ], [ -59.461261, -28.778839 ], [ -59.462576, -28.777389 ], [ -59.463006, -28.779211 ], [ -59.464582, -28.779933 ], [ -59.465215, -28.779543 ], [ -59.464783, -28.778273 ], [ -59.465444, -28.778271 ], [ -59.466128, -28.77973 ], [ -59.467025, -28.778166 ], [ -59.468346, -28.779422 ], [ -59.468069, -28.778313 ], [ -59.469339, -28.778683 ], [ -59.470506, -28.777682 ], [ -59.471636, -28.778781 ], [ -59.470841, -28.780158 ], [ -59.47136, -28.780485 ], [ -59.472799, -28.779484 ], [ -59.472171, -28.777786 ], [ -59.473148, -28.778288 ], [ -59.47446, -28.776438 ], [ -59.476175, -28.775674 ], [ -59.476119, -28.776738 ], [ -59.479446, -28.775976 ], [ -59.47993, -28.775457 ], [ -59.479331, -28.774564 ], [ -59.481611, -28.775027 ], [ -59.479834, -28.770979 ], [ -59.481291, -28.771416 ], [ -59.481023, -28.770365 ], [ -59.482658, -28.76945 ], [ -59.484382, -28.769818 ], [ -59.484229, -28.769065 ], [ -59.486344, -28.769011 ], [ -59.486794, -28.76782 ], [ -59.485947, -28.766566 ], [ -59.489161, -28.765666 ], [ -59.48783, -28.765487 ], [ -59.487642, -28.764556 ], [ -59.488034, -28.764998 ], [ -59.488295, -28.764207 ], [ -59.489225, -28.764104 ], [ -59.489862, -28.764903 ], [ -59.491735, -28.762675 ], [ -59.492913, -28.763374 ], [ -59.492835, -28.761758 ], [ -59.495067, -28.762639 ], [ -59.495634, -28.761261 ], [ -59.496434, -28.762818 ], [ -59.496749, -28.761332 ], [ -59.497932, -28.760958 ], [ -59.4977, -28.762101 ], [ -59.499454, -28.762504 ], [ -59.498336, -28.761921 ], [ -59.499451, -28.761155 ], [ -59.498806, -28.759747 ], [ -59.501176, -28.760383 ], [ -59.50097, -28.759002 ], [ -59.503252, -28.757787 ], [ -59.503024, -28.755354 ], [ -59.50397, -28.755989 ], [ -59.504206, -28.755202 ], [ -59.506197, -28.754733 ], [ -59.506191, -28.753812 ], [ -59.507094, -28.753958 ], [ -59.509014, -28.752682 ], [ -59.509821, -28.753833 ], [ -59.509863, -28.752516 ], [ -59.512057, -28.751687 ], [ -59.513651, -28.752 ], [ -59.513576, -28.75078 ], [ -59.514981, -28.752525 ], [ -59.51544, -28.751379 ], [ -59.516823, -28.751455 ], [ -59.517426, -28.750177 ], [ -59.518422, -28.750575 ], [ -59.517544, -28.750717 ], [ -59.517712, -28.752335 ], [ -59.519198, -28.753083 ], [ -59.520092, -28.750808 ], [ -59.522103, -28.751879 ], [ -59.523833, -28.750523 ], [ -59.523796, -28.752688 ], [ -59.52434, -28.752198 ], [ -59.525439, -28.752629 ], [ -59.527139, -28.751527 ], [ -59.528149, -28.752656 ], [ -59.530632, -28.750382 ], [ -59.530577, -28.749305 ], [ -59.532194, -28.74765 ], [ -59.534307, -28.748 ], [ -59.534712, -28.749933 ], [ -59.536078, -28.749212 ], [ -59.537319, -28.749439 ], [ -59.538158, -28.748018 ], [ -59.538895, -28.749151 ], [ -59.541255, -28.749711 ], [ -59.540982, -28.748695 ], [ -59.542301, -28.748268 ], [ -59.543228, -28.746402 ], [ -59.543425, -28.747524 ], [ -59.544796, -28.747898 ], [ -59.544097, -28.748479 ], [ -59.54485, -28.749322 ], [ -59.546205, -28.748917 ], [ -59.546834, -28.748167 ], [ -59.54598, -28.745145 ], [ -59.549085, -28.744814 ], [ -59.550256, -28.743295 ], [ -59.548562, -28.743104 ], [ -59.5505, -28.74185 ], [ -59.549788, -28.740748 ], [ -59.547694, -28.739998 ], [ -59.549852, -28.739405 ], [ -59.549603, -28.737722 ], [ -59.551105, -28.737423 ], [ -59.548892, -28.736637 ], [ -59.550104, -28.736251 ], [ -59.54988, -28.734779 ], [ -59.55196, -28.733874 ], [ -59.551464, -28.731972 ], [ -59.550408, -28.73126 ], [ -59.551164, -28.730451 ], [ -59.550481, -28.729719 ], [ -59.551185, -28.729116 ], [ -59.550295, -28.72841 ], [ -59.550801, -28.724521 ], [ -59.553052, -28.724395 ], [ -59.554749, -28.725349 ], [ -59.555106, -28.724217 ], [ -59.553949, -28.723278 ], [ -59.554282, -28.722278 ], [ -59.555064, -28.72208 ], [ -59.554732, -28.723076 ], [ -59.557547, -28.722222 ], [ -59.557625, -28.721661 ], [ -59.555766, -28.720925 ], [ -59.555471, -28.719139 ], [ -59.556269, -28.720028 ], [ -59.557619, -28.719364 ], [ -59.559997, -28.72024 ], [ -59.559441, -28.718102 ], [ -59.558558, -28.718037 ], [ -59.558214, -28.717088 ], [ -59.559336, -28.716566 ], [ -59.560066, -28.718269 ], [ -59.56106, -28.716948 ], [ -59.559166, -28.716007 ], [ -59.558483, -28.714649 ], [ -59.560855, -28.715491 ], [ -59.560644, -28.713763 ], [ -59.561926, -28.7135 ], [ -59.562335, -28.714574 ], [ -59.564186, -28.714918 ], [ -59.565474, -28.713431 ], [ -59.565271, -28.7123 ], [ -59.566012, -28.712583 ], [ -59.569019, -28.711293 ], [ -59.568232, -28.711317 ], [ -59.566958, -28.709497 ], [ -59.56694, -28.70836 ], [ -59.568188, -28.707999 ], [ -59.567708, -28.705314 ], [ -59.568553, -28.703456 ], [ -59.566672, -28.703308 ], [ -59.567559, -28.702296 ], [ -59.56668, -28.698919 ], [ -59.567324, -28.698205 ], [ -59.565109, -28.697988 ], [ -59.564277, -28.696314 ], [ -59.565811, -28.696301 ], [ -59.565959, -28.694729 ], [ -59.564642, -28.694656 ], [ -59.565632, -28.693523 ], [ -59.568326, -28.693256 ], [ -59.56828, -28.69259 ], [ -59.566278, -28.691991 ], [ -59.565949, -28.690913 ], [ -59.56645, -28.690541 ], [ -59.567836, -28.691992 ], [ -59.568948, -28.691004 ], [ -59.567027, -28.689369 ], [ -59.568085, -28.688491 ], [ -59.567852, -28.686425 ], [ -59.569232, -28.685686 ], [ -59.568767, -28.68463 ], [ -59.569431, -28.681454 ], [ -59.567065, -28.677059 ], [ -59.566189, -28.677456 ], [ -59.566665, -28.678978 ], [ -59.565337, -28.67917 ], [ -59.562882, -28.676101 ], [ -59.565202, -28.676359 ], [ -59.566046, -28.673837 ], [ -59.567165, -28.674392 ], [ -59.569951, -28.673374 ], [ -59.569885, -28.671751 ], [ -59.568891, -28.67185 ], [ -59.567079, -28.670607 ], [ -59.568233, -28.670024 ], [ -59.566844, -28.668384 ], [ -59.567536, -28.668037 ], [ -59.569152, -28.668927 ], [ -59.570511, -28.665385 ], [ -59.569966, -28.664751 ], [ -59.567957, -28.665084 ], [ -59.56542, -28.663336 ], [ -59.566265, -28.662356 ], [ -59.565109, -28.660888 ], [ -59.56715, -28.659389 ], [ -59.563832, -28.656552 ], [ -59.564286, -28.655052 ], [ -59.566646, -28.653482 ], [ -59.564773, -28.652705 ], [ -59.561962, -28.654395 ], [ -59.559901, -28.654215 ], [ -59.560139, -28.652077 ], [ -59.5617, -28.651603 ], [ -59.56068, -28.649774 ], [ -59.561304, -28.647888 ], [ -59.558381, -28.646733 ], [ -59.557346, -28.644818 ], [ -59.557813, -28.643542 ], [ -59.555952, -28.641413 ], [ -59.557271, -28.639289 ], [ -59.558931, -28.638921 ], [ -59.558591, -28.637022 ], [ -59.557594, -28.636221 ], [ -59.558081, -28.635435 ], [ -59.56008, -28.634856 ], [ -59.562826, -28.637118 ], [ -59.564856, -28.636845 ], [ -59.565361, -28.635271 ], [ -59.564363, -28.634883 ], [ -59.564378, -28.633253 ], [ -59.56338, -28.632096 ], [ -59.564445, -28.629852 ], [ -59.566301, -28.629848 ], [ -59.567535, -28.628107 ], [ -59.568675, -28.629244 ], [ -59.569924, -28.627021 ], [ -59.572647, -28.627569 ], [ -59.573171, -28.62607 ], [ -59.574752, -28.625622 ], [ -59.574908, -28.624569 ], [ -59.578027, -28.621976 ], [ -59.578737, -28.620142 ], [ -59.579997, -28.619933 ], [ -59.580818, -28.617514 ], [ -59.580426, -28.615606 ], [ -59.583751, -28.613668 ], [ -59.582098, -28.612101 ], [ -59.579776, -28.612257 ], [ -59.579388, -28.611302 ], [ -59.576912, -28.610275 ], [ -59.576692, -28.608605 ], [ -59.575039, -28.607857 ], [ -59.57625, -28.604825 ], [ -59.572625, -28.604839 ], [ -59.571129, -28.602807 ], [ -59.569738, -28.603047 ], [ -59.56854, -28.602173 ], [ -59.568447, -28.600404 ], [ -59.566365, -28.6002 ], [ -59.56508, -28.599187 ], [ -59.562405, -28.600663 ], [ -59.560014, -28.598957 ], [ -59.558166, -28.598931 ], [ -59.55781, -28.59795 ], [ -59.560967, -28.59632 ], [ -59.559501, -28.595026 ], [ -59.554691, -28.595357 ], [ -59.553397, -28.592716 ], [ -59.55669, -28.591086 ], [ -59.557072, -28.590131 ], [ -59.556195, -28.589095 ], [ -59.552592, -28.58836 ], [ -59.553449, -28.585601 ], [ -59.551487, -28.585124 ], [ -59.55217, -28.582144 ], [ -59.550046, -28.582746 ], [ -59.54746, -28.57952 ], [ -59.550857, -28.579402 ], [ -59.549633, -28.576759 ], [ -59.551249, -28.57607 ], [ -59.551428, -28.575287 ], [ -59.549538, -28.573117 ], [ -59.553168, -28.573864 ], [ -59.553237, -28.572313 ] ] ] ] } },
{ "type": "Feature", "properties": { "fid": 26, "DISTRITO": "0319", "NOMBRE1": "Avellaneda", "riesgo_median": 2.0, "riesgo_ponderado": 2.3921694772675943, "pct_n4_n5": 0.3655956754248017, "riesgo_alto_clase": 3, "ha": 89467.08, "b12_ha": 52092.45, "n3_ha": 34464.6, "n4_ha": 317.61, "n5_ha": 0.0 }, "geometry": { "type": "MultiPolygon", "coordinates": [ [ [ [ -59.781631, -29.074136 ], [ -59.779578, -29.068866 ], [ -59.782312, -29.068011 ], [ -59.780014, -29.066429 ], [ -59.782611, -29.066637 ], [ -59.783522, -29.066025 ], [ -59.782056, -29.064811 ], [ -59.782044, -29.063834 ], [ -59.779298, -29.062944 ], [ -59.77924, -29.061187 ], [ -59.781751, -29.060255 ], [ -59.780767, -29.057711 ], [ -59.782746, -29.059665 ], [ -59.785556, -29.057929 ], [ -59.784569, -29.057428 ], [ -59.782869, -29.058154 ], [ -59.784527, -29.056361 ], [ -59.783308, -29.055526 ], [ -59.783794, -29.054271 ], [ -59.782352, -29.052042 ], [ -59.785434, -29.05132 ], [ -59.787397, -29.049266 ], [ -59.78587, -29.050108 ], [ -59.784221, -29.049631 ], [ -59.783768, -29.04823 ], [ -59.784715, -29.04703 ], [ -59.779873, -29.044412 ], [ -59.779414, -29.042668 ], [ -59.780182, -29.040608 ], [ -59.776924, -29.039585 ], [ -59.774085, -29.037603 ], [ -59.774204, -29.036631 ], [ -59.77589, -29.037348 ], [ -59.777416, -29.037063 ], [ -59.778153, -29.035417 ], [ -59.776411, -29.034391 ], [ -59.777413, -29.033692 ], [ -59.776351, -29.030226 ], [ -59.777301, -29.028643 ], [ -59.773879, -29.027543 ], [ -59.774179, -29.026441 ], [ -59.775272, -29.025919 ], [ -59.774014, -29.022479 ], [ -59.773101, -29.022299 ], [ -59.773083, -29.021013 ], [ -59.772094, -29.020628 ], [ -59.770356, -29.021785 ], [ -59.769798, -29.02144 ], [ -59.77209, -29.017455 ], [ -59.770791, -29.015105 ], [ -59.770581, -29.011315 ], [ -59.767957, -29.012615 ], [ -59.766994, -29.010854 ], [ -59.765989, -29.011396 ], [ -59.764865, -29.010202 ], [ -59.762135, -29.009827 ], [ -59.761529, -29.011078 ], [ -59.761875, -29.013605 ], [ -59.759792, -29.014865 ], [ -59.758852, -29.014736 ], [ -59.759546, -29.013153 ], [ -59.758821, -29.009781 ], [ -59.757546, -29.010733 ], [ -59.757061, -29.009374 ], [ -59.756148, -29.009488 ], [ -59.75621, -29.011962 ], [ -59.754729, -29.009508 ], [ -59.753299, -29.010864 ], [ -59.750483, -29.009677 ], [ -59.748211, -29.011157 ], [ -59.747492, -29.008504 ], [ -59.748314, -29.007381 ], [ -59.747825, -29.004025 ], [ -59.748854, -29.003664 ], [ -59.749389, -29.004956 ], [ -59.750673, -29.004909 ], [ -59.753648, -29.000835 ], [ -59.752169, -28.996761 ], [ -59.750454, -28.997319 ], [ -59.749054, -28.996402 ], [ -59.75144, -28.992563 ], [ -59.748874, -28.991114 ], [ -59.748175, -28.987944 ], [ -59.745645, -28.984504 ], [ -59.745699, -28.981717 ], [ -59.74472, -28.981241 ], [ -59.743516, -28.982725 ], [ -59.741957, -28.98264 ], [ -59.741454, -28.981795 ], [ -59.743028, -28.979771 ], [ -59.740555, -28.977764 ], [ -59.740766, -28.976981 ], [ -59.742582, -28.977009 ], [ -59.742998, -28.975117 ], [ -59.742133, -28.97183 ], [ -59.743399, -28.96979 ], [ -59.744664, -28.969564 ], [ -59.747486, -28.972465 ], [ -59.748277, -28.971702 ], [ -59.747273, -28.970897 ], [ -59.747487, -28.970104 ], [ -59.748345, -28.970008 ], [ -59.748583, -28.970982 ], [ -59.750124, -28.971574 ], [ -59.751316, -28.970317 ], [ -59.75033, -28.969333 ], [ -59.748034, -28.969052 ], [ -59.746846, -28.967724 ], [ -59.748117, -28.961054 ], [ -59.748926, -28.962951 ], [ -59.750061, -28.963396 ], [ -59.750941, -28.962132 ], [ -59.751126, -28.962913 ], [ -59.752263, -28.962909 ], [ -59.754334, -28.964986 ], [ -59.754963, -28.964487 ], [ -59.754083, -28.961938 ], [ -59.755197, -28.963075 ], [ -59.7562, -28.962514 ], [ -59.755279, -28.961426 ], [ -59.757163, -28.9592 ], [ -59.757157, -28.957971 ], [ -59.754867, -28.954403 ], [ -59.75263, -28.948177 ], [ -59.749739, -28.947423 ], [ -59.752216, -28.945391 ], [ -59.752662, -28.94379 ], [ -59.752093, -28.942232 ], [ -59.750466, -28.941386 ], [ -59.751888, -28.936226 ], [ -59.750017, -28.934394 ], [ -59.751035, -28.932985 ], [ -59.750953, -28.935005 ], [ -59.752866, -28.935154 ], [ -59.753989, -28.933763 ], [ -59.754614, -28.930236 ], [ -59.762038, -28.927238 ], [ -59.761445, -28.926103 ], [ -59.763322, -28.92462 ], [ -59.76297, -28.923394 ], [ -59.759113, -28.923545 ], [ -59.75892, -28.922102 ], [ -59.612867, -28.938936 ], [ -59.621249, -28.99361 ], [ -59.39682, -29.017345 ], [ -59.193, -29.02203 ], [ -59.19396, -29.02777 ], [ -59.196828, -29.034383 ], [ -59.201133, -29.040743 ], [ -59.207435, -29.047838 ], [ -59.229616, -29.068093 ], [ -59.241835, -29.077185 ], [ -59.254777, -29.085602 ], [ -59.270594, -29.09378 ], [ -59.291208, -29.100921 ], [ -59.297737, -29.10173 ], [ -59.312462, -29.100436 ], [ -59.318818, -29.100773 ], [ -59.327979, -29.103981 ], [ -59.336051, -29.10901 ], [ -59.34453, -29.117862 ], [ -59.350762, -29.12847 ], [ -59.353026, -29.137907 ], [ -59.352088, -29.148269 ], [ -59.373102, -29.157859 ], [ -59.381117, -29.160048 ], [ -59.394304, -29.162021 ], [ -59.406574, -29.166896 ], [ -59.414549, -29.172777 ], [ -59.425083, -29.175236 ], [ -59.432448, -29.17785 ], [ -59.434361, -29.17803 ], [ -59.439619, -29.176415 ], [ -59.445076, -29.171981 ], [ -59.447013, -29.167549 ], [ -59.453111, -29.164644 ], [ -59.457001, -29.161901 ], [ -59.459063, -29.161565 ], [ -59.463418, -29.163608 ], [ -59.465904, -29.166807 ], [ -59.466219, -29.178077 ], [ -59.470912, -29.181371 ], [ -59.473149, -29.181258 ], [ -59.475215, -29.180189 ], [ -59.480639, -29.174952 ], [ -59.486488, -29.172776 ], [ -59.492822, -29.17168 ], [ -59.4896, -29.168478 ], [ -59.490884, -29.166673 ], [ -59.49716, -29.167429 ], [ -59.501452, -29.164427 ], [ -59.503111, -29.164197 ], [ -59.519166, -29.17713 ], [ -59.538767, -29.190699 ], [ -59.553422, -29.205235 ], [ -59.559572, -29.213099 ], [ -59.571217, -29.221811 ], [ -59.575759, -29.230552 ], [ -59.580279, -29.23095 ], [ -59.580964, -29.23236 ], [ -59.581621, -29.232173 ], [ -59.581857, -29.229802 ], [ -59.584844, -29.229716 ], [ -59.584364, -29.226634 ], [ -59.587891, -29.219998 ], [ -59.587647, -29.218197 ], [ -59.585733, -29.215621 ], [ -59.583426, -29.214265 ], [ -59.587022, -29.213667 ], [ -59.588661, -29.210263 ], [ -59.588338, -29.208325 ], [ -59.587128, -29.207885 ], [ -59.586278, -29.20895 ], [ -59.582955, -29.208273 ], [ -59.582774, -29.207498 ], [ -59.585279, -29.205036 ], [ -59.584831, -29.204081 ], [ -59.583748, -29.204075 ], [ -59.582961, -29.205224 ], [ -59.578161, -29.204649 ], [ -59.577891, -29.202294 ], [ -59.575822, -29.20138 ], [ -59.57527, -29.200374 ], [ -59.571545, -29.199104 ], [ -59.572513, -29.196376 ], [ -59.572081, -29.195737 ], [ -59.569854, -29.19346 ], [ -59.567573, -29.194304 ], [ -59.566112, -29.191198 ], [ -59.564991, -29.191802 ], [ -59.563021, -29.191391 ], [ -59.563599, -29.189891 ], [ -59.561085, -29.186937 ], [ -59.561923, -29.186533 ], [ -59.561575, -29.186144 ], [ -59.560287, -29.186281 ], [ -59.560142, -29.184179 ], [ -59.560244, -29.18317 ], [ -59.562194, -29.184383 ], [ -59.561396, -29.183103 ], [ -59.561769, -29.181852 ], [ -59.563906, -29.183216 ], [ -59.564348, -29.18283 ], [ -59.563316, -29.18179 ], [ -59.563884, -29.180953 ], [ -59.565402, -29.182876 ], [ -59.566472, -29.183099 ], [ -59.56846, -29.18328 ], [ -59.568464, -29.181563 ], [ -59.569325, -29.18143 ], [ -59.57212, -29.182997 ], [ -59.573194, -29.182364 ], [ -59.572118, -29.180899 ], [ -59.57265, -29.180057 ], [ -59.574797, -29.179619 ], [ -59.574802, -29.178296 ], [ -59.57414, -29.177463 ], [ -59.572086, -29.178014 ], [ -59.572089, -29.177343 ], [ -59.572528, -29.175198 ], [ -59.57405, -29.174975 ], [ -59.575122, -29.17319 ], [ -59.573994, -29.172988 ], [ -59.57355, -29.171564 ], [ -59.574603, -29.170787 ], [ -59.57412, -29.16796 ], [ -59.575682, -29.16678 ], [ -59.574821, -29.16521 ], [ -59.576083, -29.164297 ], [ -59.576667, -29.164861 ], [ -59.577833, -29.16438 ], [ -59.577272, -29.162352 ], [ -59.582546, -29.15793 ], [ -59.581578, -29.155941 ], [ -59.582262, -29.154631 ], [ -59.580542, -29.151695 ], [ -59.58351, -29.151699 ], [ -59.583391, -29.150033 ], [ -59.585622, -29.148735 ], [ -59.587657, -29.148717 ], [ -59.58647, -29.146476 ], [ -59.587, -29.144946 ], [ -59.590824, -29.145073 ], [ -59.591852, -29.146876 ], [ -59.593806, -29.147042 ], [ -59.592644, -29.144421 ], [ -59.593296, -29.143564 ], [ -59.596882, -29.144167 ], [ -59.597389, -29.142869 ], [ -59.598875, -29.142783 ], [ -59.598369, -29.141194 ], [ -59.600257, -29.139603 ], [ -59.602916, -29.138749 ], [ -59.603468, -29.137841 ], [ -59.606098, -29.138182 ], [ -59.612947, -29.134804 ], [ -59.612617, -29.132273 ], [ -59.614882, -29.131646 ], [ -59.614846, -29.130689 ], [ -59.615831, -29.129973 ], [ -59.618121, -29.129598 ], [ -59.619158, -29.131325 ], [ -59.62056, -29.130512 ], [ -59.621848, -29.130889 ], [ -59.62235, -29.133563 ], [ -59.620547, -29.13509 ], [ -59.621859, -29.136585 ], [ -59.622715, -29.136429 ], [ -59.623078, -29.13477 ], [ -59.624702, -29.135946 ], [ -59.627006, -29.134693 ], [ -59.629444, -29.134891 ], [ -59.630294, -29.133655 ], [ -59.630066, -29.129899 ], [ -59.631808, -29.128421 ], [ -59.634214, -29.128784 ], [ -59.634921, -29.129313 ], [ -59.634517, -29.13065 ], [ -59.637309, -29.131739 ], [ -59.637685, -29.128096 ], [ -59.638701, -29.127255 ], [ -59.639761, -29.128579 ], [ -59.639092, -29.130111 ], [ -59.640715, -29.12968 ], [ -59.640632, -29.131688 ], [ -59.641244, -29.131959 ], [ -59.642534, -29.131544 ], [ -59.642327, -29.130993 ], [ -59.644014, -29.131127 ], [ -59.644464, -29.131723 ], [ -59.643605, -29.132714 ], [ -59.645059, -29.13422 ], [ -59.646919, -29.133604 ], [ -59.648619, -29.13425 ], [ -59.64822, -29.13211 ], [ -59.651277, -29.129857 ], [ -59.651117, -29.131565 ], [ -59.652206, -29.13228 ], [ -59.656475, -29.132269 ], [ -59.658101, -29.131056 ], [ -59.658289, -29.129176 ], [ -59.65899, -29.128858 ], [ -59.663097, -29.130172 ], [ -59.663318, -29.132829 ], [ -59.665074, -29.134074 ], [ -59.667535, -29.134587 ], [ -59.668318, -29.133933 ], [ -59.668476, -29.132048 ], [ -59.667484, -29.129781 ], [ -59.670764, -29.130873 ], [ -59.672171, -29.132258 ], [ -59.675809, -29.130152 ], [ -59.676491, -29.134232 ], [ -59.680492, -29.134621 ], [ -59.68215, -29.133968 ], [ -59.686662, -29.138016 ], [ -59.687639, -29.137746 ], [ -59.688786, -29.135796 ], [ -59.69065, -29.1369 ], [ -59.692317, -29.135277 ], [ -59.693209, -29.136158 ], [ -59.695383, -29.134997 ], [ -59.697657, -29.135832 ], [ -59.700725, -29.134142 ], [ -59.702189, -29.134725 ], [ -59.702315, -29.135993 ], [ -59.703726, -29.136874 ], [ -59.704559, -29.135607 ], [ -59.706583, -29.135722 ], [ -59.709224, -29.134246 ], [ -59.712327, -29.137039 ], [ -59.713792, -29.137251 ], [ -59.714909, -29.136029 ], [ -59.718831, -29.137319 ], [ -59.719358, -29.135011 ], [ -59.720094, -29.134715 ], [ -59.723069, -29.135666 ], [ -59.723108, -29.134736 ], [ -59.724633, -29.133416 ], [ -59.723549, -29.130639 ], [ -59.726247, -29.129993 ], [ -59.724897, -29.128129 ], [ -59.7262, -29.123546 ], [ -59.724589, -29.122433 ], [ -59.724354, -29.119401 ], [ -59.726832, -29.118398 ], [ -59.725415, -29.115655 ], [ -59.727938, -29.11716 ], [ -59.729757, -29.116641 ], [ -59.729403, -29.112136 ], [ -59.734786, -29.113152 ], [ -59.737666, -29.115274 ], [ -59.74049, -29.114109 ], [ -59.74348, -29.115027 ], [ -59.744577, -29.113852 ], [ -59.747857, -29.114652 ], [ -59.748346, -29.113225 ], [ -59.749974, -29.113381 ], [ -59.751445, -29.112214 ], [ -59.752272, -29.11242 ], [ -59.752475, -29.114572 ], [ -59.753114, -29.114685 ], [ -59.754518, -29.111783 ], [ -59.755914, -29.111374 ], [ -59.755764, -29.110475 ], [ -59.75758, -29.110942 ], [ -59.757148, -29.108467 ], [ -59.758753, -29.109198 ], [ -59.759034, -29.107348 ], [ -59.760415, -29.106887 ], [ -59.759097, -29.104171 ], [ -59.759522, -29.103587 ], [ -59.763984, -29.104156 ], [ -59.767975, -29.102055 ], [ -59.765737, -29.100293 ], [ -59.76768, -29.099692 ], [ -59.768329, -29.0971 ], [ -59.769286, -29.098786 ], [ -59.769992, -29.0988 ], [ -59.769988, -29.097024 ], [ -59.77203, -29.093922 ], [ -59.770138, -29.094345 ], [ -59.770549, -29.091438 ], [ -59.772222, -29.091043 ], [ -59.774251, -29.09286 ], [ -59.775901, -29.091717 ], [ -59.778094, -29.091964 ], [ -59.778478, -29.089845 ], [ -59.776903, -29.089758 ], [ -59.776552, -29.085548 ], [ -59.77738, -29.085063 ], [ -59.778409, -29.085961 ], [ -59.780283, -29.084221 ], [ -59.780123, -29.083017 ], [ -59.782307, -29.082822 ], [ -59.781794, -29.081032 ], [ -59.782574, -29.080355 ], [ -59.784053, -29.08083 ], [ -59.784935, -29.080007 ], [ -59.782824, -29.078858 ], [ -59.785535, -29.078819 ], [ -59.786116, -29.077673 ], [ -59.783403, -29.077041 ], [ -59.782876, -29.074897 ], [ -59.784463, -29.07468 ], [ -59.784671, -29.073817 ], [ -59.783343, -29.072973 ], [ -59.782963, -29.074126 ], [ -59.781631, -29.074136 ] ] ] ] } },
{ "type": "Feature", "properties": { "fid": 27, "DISTRITO": "0320", "NOMBRE1": "Reconquista", "riesgo_median": 2.0, "riesgo_ponderado": 2.3486081178315867, "pct_n4_n5": 0.56061800845154508, "riesgo_alto_clase": 4, "ha": 52361.6, "b12_ha": 32755.95, "n3_ha": 19110.15, "n4_ha": 292.41, "n5_ha": 0.0 }, "geometry": { "type": "MultiPolygon", "coordinates": [ [ [ [ -59.735737, -29.12952 ], [ -59.733459, -29.112881 ], [ -59.729403, -29.112136 ], [ -59.729757, -29.116641 ], [ -59.727938, -29.11716 ], [ -59.725415, -29.115655 ], [ -59.726832, -29.118398 ], [ -59.724354, -29.119401 ], [ -59.724589, -29.122433 ], [ -59.7262, -29.123546 ], [ -59.724897, -29.128129 ], [ -59.726247, -29.129993 ], [ -59.723549, -29.130639 ], [ -59.724633, -29.133416 ], [ -59.723108, -29.134736 ], [ -59.723069, -29.135666 ], [ -59.720094, -29.134715 ], [ -59.719358, -29.135011 ], [ -59.718831, -29.137319 ], [ -59.714909, -29.136029 ], [ -59.713792, -29.137251 ], [ -59.712327, -29.137039 ], [ -59.709224, -29.134246 ], [ -59.706583, -29.135722 ], [ -59.704559, -29.135607 ], [ -59.703726, -29.136874 ], [ -59.702315, -29.135993 ], [ -59.702189, -29.134725 ], [ -59.700725, -29.134142 ], [ -59.697657, -29.135832 ], [ -59.695383, -29.134997 ], [ -59.693209, -29.136158 ], [ -59.692317, -29.135277 ], [ -59.69065, -29.1369 ], [ -59.688786, -29.135796 ], [ -59.687639, -29.137746 ], [ -59.686662, -29.138016 ], [ -59.68215, -29.133968 ], [ -59.680492, -29.134621 ], [ -59.676491, -29.134232 ], [ -59.675809, -29.130152 ], [ -59.672171, -29.132258 ], [ -59.670764, -29.130873 ], [ -59.667484, -29.129781 ], [ -59.668476, -29.132048 ], [ -59.668318, -29.133933 ], [ -59.667535, -29.134587 ], [ -59.665074, -29.134074 ], [ -59.663318, -29.132829 ], [ -59.663097, -29.130172 ], [ -59.65899, -29.128858 ], [ -59.658289, -29.129176 ], [ -59.658101, -29.131056 ], [ -59.656475, -29.132269 ], [ -59.652206, -29.13228 ], [ -59.651117, -29.131565 ], [ -59.651277, -29.129857 ], [ -59.64822, -29.13211 ], [ -59.648619, -29.13425 ], [ -59.646919, -29.133604 ], [ -59.645059, -29.13422 ], [ -59.643605, -29.132714 ], [ -59.644464, -29.131723 ], [ -59.644014, -29.131127 ], [ -59.642327, -29.130993 ], [ -59.642534, -29.131544 ], [ -59.641244, -29.131959 ], [ -59.640632, -29.131688 ], [ -59.640715, -29.12968 ], [ -59.639092, -29.130111 ], [ -59.639761, -29.128579 ], [ -59.638701, -29.127255 ], [ -59.637685, -29.128096 ], [ -59.637309, -29.131739 ], [ -59.634517, -29.13065 ], [ -59.634921, -29.129313 ], [ -59.634214, -29.128784 ], [ -59.631808, -29.128421 ], [ -59.630066, -29.129899 ], [ -59.630294, -29.133655 ], [ -59.629444, -29.134891 ], [ -59.627006, -29.134693 ], [ -59.624702, -29.135946 ], [ -59.623078, -29.13477 ], [ -59.622715, -29.136429 ], [ -59.621859, -29.136585 ], [ -59.620547, -29.13509 ], [ -59.62235, -29.133563 ], [ -59.621848, -29.130889 ], [ -59.62056, -29.130512 ], [ -59.619158, -29.131325 ], [ -59.618121, -29.129598 ], [ -59.615831, -29.129973 ], [ -59.614846, -29.130689 ], [ -59.614882, -29.131646 ], [ -59.612617, -29.132273 ], [ -59.612947, -29.134804 ], [ -59.606098, -29.138182 ], [ -59.603468, -29.137841 ], [ -59.602916, -29.138749 ], [ -59.600257, -29.139603 ], [ -59.598369, -29.141194 ], [ -59.598875, -29.142783 ], [ -59.597389, -29.142869 ], [ -59.596882, -29.144167 ], [ -59.593296, -29.143564 ], [ -59.592644, -29.144421 ], [ -59.593806, -29.147042 ], [ -59.591852, -29.146876 ], [ -59.590824, -29.145073 ], [ -59.587, -29.144946 ], [ -59.58647, -29.146476 ], [ -59.587657, -29.148717 ], [ -59.585622, -29.148735 ], [ -59.583391, -29.150033 ], [ -59.58351, -29.151699 ], [ -59.580542, -29.151695 ], [ -59.582262, -29.154631 ], [ -59.581578, -29.155941 ], [ -59.582546, -29.15793 ], [ -59.577272, -29.162352 ], [ -59.577833, -29.16438 ], [ -59.576667, -29.164861 ], [ -59.576083, -29.164297 ], [ -59.574821, -29.16521 ], [ -59.575682, -29.16678 ], [ -59.57412, -29.16796 ], [ -59.574603, -29.170787 ], [ -59.57355, -29.171564 ], [ -59.573994, -29.172988 ], [ -59.575122, -29.17319 ], [ -59.57405, -29.174975 ], [ -59.572528, -29.175198 ], [ -59.572089, -29.177343 ], [ -59.572086, -29.178014 ], [ -59.57414, -29.177463 ], [ -59.574802, -29.178296 ], [ -59.574797, -29.179619 ], [ -59.57265, -29.180057 ], [ -59.572118, -29.180899 ], [ -59.573194, -29.182364 ], [ -59.57212, -29.182997 ], [ -59.569325, -29.18143 ], [ -59.568464, -29.181563 ], [ -59.56846, -29.18328 ], [ -59.566472, -29.183099 ], [ -59.565402, -29.182876 ], [ -59.563884, -29.180953 ], [ -59.563316, -29.18179 ], [ -59.564348, -29.18283 ], [ -59.563906, -29.183216 ], [ -59.561769, -29.181852 ], [ -59.561396, -29.183103 ], [ -59.562194, -29.184383 ], [ -59.560244, -29.18317 ], [ -59.560142, -29.184179 ], [ -59.560287, -29.186281 ], [ -59.561575, -29.186144 ], [ -59.561923, -29.186533 ], [ -59.561085, -29.186937 ], [ -59.563599, -29.189891 ], [ -59.563021, -29.191391 ], [ -59.564991, -29.191802 ], [ -59.566112, -29.191198 ], [ -59.567573, -29.194304 ], [ -59.569854, -29.19346 ], [ -59.572081, -29.195737 ], [ -59.572513, -29.196376 ], [ -59.571545, -29.199104 ], [ -59.57527, -29.200374 ], [ -59.575822, -29.20138 ], [ -59.577891, -29.202294 ], [ -59.578161, -29.204649 ], [ -59.582961, -29.205224 ], [ -59.583748, -29.204075 ], [ -59.584831, -29.204081 ], [ -59.585279, -29.205036 ], [ -59.582774, -29.207498 ], [ -59.582955, -29.208273 ], [ -59.586278, -29.20895 ], [ -59.587128, -29.207885 ], [ -59.588338, -29.208325 ], [ -59.588661, -29.210263 ], [ -59.587022, -29.213667 ], [ -59.583426, -29.214265 ], [ -59.585733, -29.215621 ], [ -59.587647, -29.218197 ], [ -59.587891, -29.219998 ], [ -59.584364, -29.226634 ], [ -59.584844, -29.229716 ], [ -59.581857, -29.229802 ], [ -59.581115, -29.23236 ], [ -59.580279, -29.23095 ], [ -59.575759, -29.230552 ], [ -59.571217, -29.221811 ], [ -59.559572, -29.213099 ], [ -59.553422, -29.205235 ], [ -59.538767, -29.190699 ], [ -59.519166, -29.17713 ], [ -59.503111, -29.164197 ], [ -59.501452, -29.164427 ], [ -59.49716, -29.167429 ], [ -59.490884, -29.166673 ], [ -59.4896, -29.168478 ], [ -59.492822, -29.17168 ], [ -59.486488, -29.172776 ], [ -59.480639, -29.174952 ], [ -59.475215, -29.180189 ], [ -59.473149, -29.181258 ], [ -59.470912, -29.181371 ], [ -59.466219, -29.178077 ], [ -59.465904, -29.166807 ], [ -59.463418, -29.163608 ], [ -59.459063, -29.161565 ], [ -59.457001, -29.161901 ], [ -59.453111, -29.164644 ], [ -59.447013, -29.167549 ], [ -59.445076, -29.171981 ], [ -59.439619, -29.176415 ], [ -59.434361, -29.17803 ], [ -59.432448, -29.17785 ], [ -59.425083, -29.175236 ], [ -59.414549, -29.172777 ], [ -59.406574, -29.166896 ], [ -59.394304, -29.162021 ], [ -59.381117, -29.160048 ], [ -59.373102, -29.157859 ], [ -59.352088, -29.148269 ], [ -59.34886, -29.166043 ], [ -59.348686, -29.174837 ], [ -59.350289, -29.179352 ], [ -59.354232, -29.181723 ], [ -59.359668, -29.182452 ], [ -59.375646, -29.182518 ], [ -59.382597, -29.184591 ], [ -59.392444, -29.195459 ], [ -59.399047, -29.207298 ], [ -59.4033, -29.210819 ], [ -59.417111, -29.213655 ], [ -59.442552, -29.226502 ], [ -59.485833, -29.238063 ], [ -59.491789, -29.240436 ], [ -59.496493, -29.243527 ], [ -59.510102, -29.260394 ], [ -59.515305, -29.27157 ], [ -59.517892, -29.284861 ], [ -59.519199, -29.310766 ], [ -59.520443, -29.321074 ], [ -59.524624, -29.33882 ], [ -59.529426, -29.34884 ], [ -59.533741, -29.353876 ], [ -59.539501, -29.358508 ], [ -59.560768, -29.370394 ], [ -59.567069, -29.372786 ], [ -59.583083, -29.376489 ], [ -59.590125, -29.37897 ], [ -59.574785, -29.349455 ], [ -59.573562, -29.343805 ], [ -59.573582, -29.338887 ], [ -59.57505, -29.335613 ], [ -59.584444, -29.323257 ], [ -59.594871, -29.311997 ], [ -59.597169, -29.308361 ], [ -59.599483, -29.296333 ], [ -59.761287, -29.272022 ], [ -59.774804, -29.276712 ], [ -59.786594, -29.279191 ], [ -59.787131, -29.277602 ], [ -59.789161, -29.277315 ], [ -59.789022, -29.275907 ], [ -59.790063, -29.274584 ], [ -59.793745, -29.273844 ], [ -59.794361, -29.272313 ], [ -59.795917, -29.272936 ], [ -59.796533, -29.271612 ], [ -59.797663, -29.272898 ], [ -59.798656, -29.271533 ], [ -59.797148, -29.269973 ], [ -59.798469, -29.270223 ], [ -59.799556, -29.268817 ], [ -59.799086, -29.268071 ], [ -59.802014, -29.266461 ], [ -59.802016, -29.265716 ], [ -59.800741, -29.266086 ], [ -59.801498, -29.265259 ], [ -59.801027, -29.264637 ], [ -59.799043, -29.266125 ], [ -59.799198, -29.264663 ], [ -59.797678, -29.264402 ], [ -59.797965, -29.262581 ], [ -59.796589, -29.261779 ], [ -59.796709, -29.260865 ], [ -59.799148, -29.260471 ], [ -59.79915, -29.259394 ], [ -59.798349, -29.259103 ], [ -59.796082, -29.260176 ], [ -59.794105, -29.257979 ], [ -59.796046, -29.254794 ], [ -59.796277, -29.257278 ], [ -59.798682, -29.257862 ], [ -59.799438, -29.256911 ], [ -59.799347, -29.25542 ], [ -59.798075, -29.254673 ], [ -59.800343, -29.252647 ], [ -59.798752, -29.250328 ], [ -59.800205, -29.250742 ], [ -59.800388, -29.24939 ], [ -59.80714, -29.246212 ], [ -59.807428, -29.243479 ], [ -59.80974, -29.243151 ], [ -59.809779, -29.240057 ], [ -59.811432, -29.239107 ], [ -59.810728, -29.237325 ], [ -59.812652, -29.236426 ], [ -59.814582, -29.238333 ], [ -59.816989, -29.237591 ], [ -59.817835, -29.239414 ], [ -59.817791, -29.237219 ], [ -59.818688, -29.236848 ], [ -59.819612, -29.237898 ], [ -59.818541, -29.23987 ], [ -59.820711, -29.239956 ], [ -59.820877, -29.237773 ], [ -59.803828, -29.225167 ], [ -59.811259, -29.217189 ], [ -59.790333, -29.220489 ], [ -59.784878, -29.193298 ], [ -59.754315, -29.197912 ], [ -59.751077, -29.172015 ], [ -59.750272, -29.171847 ], [ -59.748732, -29.161822 ], [ -59.742429, -29.162393 ], [ -59.737595, -29.12929 ], [ -59.735737, -29.12952 ] ] ] ] } },
{ "type": "Feature", "properties": { "fid": 28, "DISTRITO": "0402", "NOMBRE1": "Colonia Duran", "riesgo_median": 2.0, "riesgo_ponderado": 2.0923762775771992, "pct_n4_n5": 0.018575177158083298, "riesgo_alto_clase": 2, "ha": 42149.1, "b12_ha": 36828.09, "n3_ha": 5317.11, "n4_ha": 7.83, "n5_ha": 0.0 }, "geometry": { "type": "MultiPolygon", "coordinates": [ [ [ [ -60.098845, -29.470743 ], [ -60.063792, -29.47585 ], [ -60.06467, -29.485244 ], [ -59.97328, -29.499188 ], [ -59.972413, -29.494231 ], [ -59.869006, -29.509394 ], [ -59.867779, -29.508498 ], [ -59.867864, -29.512571 ], [ -59.822774, -29.519263 ], [ -59.821605, -29.523748 ], [ -59.822968, -29.528121 ], [ -59.821881, -29.529887 ], [ -59.822177, -29.530725 ], [ -59.820122, -29.533233 ], [ -59.818846, -29.533492 ], [ -59.819397, -29.534423 ], [ -59.818821, -29.535483 ], [ -59.816557, -29.535851 ], [ -59.816767, -29.537377 ], [ -59.815577, -29.53758 ], [ -59.815873, -29.538362 ], [ -59.813862, -29.53942 ], [ -59.814521, -29.545374 ], [ -59.816004, -29.547813 ], [ -59.814627, -29.551234 ], [ -59.814687, -29.553224 ], [ -59.81613, -29.554547 ], [ -59.815894, -29.556203 ], [ -59.816957, -29.556093 ], [ -59.817784, -29.55708 ], [ -59.819469, -29.562284 ], [ -59.816066, -29.567656 ], [ -59.816794, -29.569244 ], [ -59.81605, -29.57095 ], [ -59.816711, -29.571924 ], [ -59.816324, -29.57296 ], [ -59.817905, -29.574737 ], [ -59.813428, -29.57829 ], [ -59.812758, -29.577467 ], [ -59.810663, -29.577864 ], [ -59.807538, -29.579927 ], [ -59.803969, -29.578688 ], [ -59.797376, -29.579207 ], [ -59.796566, -29.581038 ], [ -59.793632, -29.582739 ], [ -59.790059, -29.583532 ], [ -59.787288, -29.585783 ], [ -59.784544, -29.590017 ], [ -59.787076, -29.592658 ], [ -59.785798, -29.594172 ], [ -59.783756, -29.593898 ], [ -59.783821, -29.592042 ], [ -59.782935, -29.5919 ], [ -59.781401, -29.593307 ], [ -59.779574, -29.593774 ], [ -59.778549, -29.595675 ], [ -59.77641, -29.596214 ], [ -59.777262, -29.6024 ], [ -59.871257, -29.589086 ], [ -59.857887, -29.643418 ], [ -59.948395, -29.629991 ], [ -59.959608, -29.684197 ], [ -59.994905, -29.679147 ], [ -59.993941, -29.675588 ], [ -59.994225, -29.672927 ], [ -59.996928, -29.669028 ], [ -59.997804, -29.664893 ], [ -59.999775, -29.662571 ], [ -60.000066, -29.654724 ], [ -60.002219, -29.655911 ], [ -60.003284, -29.658492 ], [ -60.003998, -29.658223 ], [ -60.004202, -29.656077 ], [ -60.005173, -29.655976 ], [ -60.004738, -29.658407 ], [ -60.009996, -29.659125 ], [ -60.009857, -29.657401 ], [ -60.010893, -29.656013 ], [ -60.014119, -29.658633 ], [ -60.014728, -29.658481 ], [ -60.014341, -29.656848 ], [ -60.016717, -29.65776 ], [ -60.01707, -29.654054 ], [ -60.025401, -29.654522 ], [ -60.026402, -29.653335 ], [ -60.02841, -29.653684 ], [ -60.032423, -29.652097 ], [ -60.033162, -29.653139 ], [ -60.03587, -29.65336 ], [ -60.038304, -29.655905 ], [ -60.039627, -29.655587 ], [ -60.041304, -29.656412 ], [ -60.041406, -29.657302 ], [ -60.04317, -29.657116 ], [ -60.045286, -29.658112 ], [ -60.051329, -29.657952 ], [ -60.052797, -29.65681 ], [ -60.054781, -29.656602 ], [ -60.054973, -29.655848 ], [ -60.057825, -29.656524 ], [ -60.059139, -29.654984 ], [ -60.060612, -29.655101 ], [ -60.061458, -29.656678 ], [ -60.063602, -29.653519 ], [ -60.072369, -29.647112 ], [ -60.075657, -29.643547 ], [ -60.075611, -29.642294 ], [ -60.076963, -29.640731 ], [ -60.081401, -29.640061 ], [ -60.082188, -29.637906 ], [ -60.084963, -29.634656 ], [ -60.084546, -29.630415 ], [ -60.082132, -29.627486 ], [ -60.081779, -29.62582 ], [ -60.083895, -29.617646 ], [ -60.083858, -29.609639 ], [ -60.085194, -29.608352 ], [ -60.083289, -29.605527 ], [ -60.08442, -29.602151 ], [ -60.082742, -29.600442 ], [ -60.083973, -29.597682 ], [ -60.083901, -29.597184 ], [ -60.080882, -29.597441 ], [ -60.083382, -29.59647 ], [ -60.083493, -29.595841 ], [ -60.080091, -29.595411 ], [ -60.079658, -29.593722 ], [ -60.082944, -29.592868 ], [ -60.083286, -29.592176 ], [ -60.084036, -29.589969 ], [ -60.083228, -29.587866 ], [ -60.085165, -29.587234 ], [ -60.083902, -29.585331 ], [ -60.085384, -29.585409 ], [ -60.085464, -29.584785 ], [ -60.085188, -29.5841 ], [ -60.08259, -29.583728 ], [ -60.082278, -29.582012 ], [ -60.085235, -29.583291 ], [ -60.085082, -29.580552 ], [ -60.085937, -29.579263 ], [ -60.084017, -29.575677 ], [ -60.084029, -29.573101 ], [ -60.084862, -29.571853 ], [ -60.083826, -29.570331 ], [ -60.084205, -29.568416 ], [ -60.083299, -29.567318 ], [ -60.081697, -29.567503 ], [ -60.081246, -29.564865 ], [ -60.08191, -29.56418 ], [ -60.081371, -29.56328 ], [ -60.081829, -29.56009 ], [ -60.082964, -29.560287 ], [ -60.084149, -29.559127 ], [ -60.082875, -29.556504 ], [ -60.083356, -29.555731 ], [ -60.082203, -29.554254 ], [ -60.084089, -29.550308 ], [ -60.083034, -29.549353 ], [ -60.082697, -29.544944 ], [ -60.087395, -29.542386 ], [ -60.0881, -29.539811 ], [ -60.085451, -29.539454 ], [ -60.08694, -29.536911 ], [ -60.083315, -29.535705 ], [ -60.08277, -29.534729 ], [ -60.085594, -29.533852 ], [ -60.08873, -29.53121 ], [ -60.091498, -29.530856 ], [ -60.092991, -29.529859 ], [ -60.092832, -29.529343 ], [ -60.088452, -29.529963 ], [ -60.088424, -29.525976 ], [ -60.090814, -29.524319 ], [ -60.089704, -29.52003 ], [ -60.091617, -29.517303 ], [ -60.090142, -29.516627 ], [ -60.089857, -29.515324 ], [ -60.092556, -29.513755 ], [ -60.094092, -29.511597 ], [ -60.095308, -29.503491 ], [ -60.096817, -29.501643 ], [ -60.097529, -29.49815 ], [ -60.095923, -29.4979 ], [ -60.095353, -29.496755 ], [ -60.096991, -29.494948 ], [ -60.099902, -29.493421 ], [ -60.099484, -29.492544 ], [ -60.098193, -29.492964 ], [ -60.097755, -29.4925 ], [ -60.098808, -29.491927 ], [ -60.099486, -29.489583 ], [ -60.104306, -29.486356 ], [ -60.104062, -29.484334 ], [ -60.105279, -29.483001 ], [ -60.105212, -29.482208 ], [ -60.10407, -29.481856 ], [ -60.102359, -29.482857 ], [ -60.100915, -29.481447 ], [ -60.100746, -29.480683 ], [ -60.101853, -29.479712 ], [ -60.099989, -29.47867 ], [ -60.101263, -29.477405 ], [ -60.099987, -29.476642 ], [ -60.101631, -29.475965 ], [ -60.099986, -29.475025 ], [ -60.098845, -29.470743 ] ] ] ] } },
{ "type": "Feature", "properties": { "fid": 29, "DISTRITO": "0208", "NOMBRE1": "Ca�ada Ombu", "riesgo_median": 2.0, "riesgo_ponderado": 2.103629100554659, "pct_n4_n5": 0.0050140055851130511, "riesgo_alto_clase": 2, "ha": 147127.54, "b12_ha": 131940.0, "n3_ha": 15240.33, "n4_ha": 7.38, "n5_ha": 0.0 }, "geometry": { "type": "MultiPolygon", "coordinates": [ [ [ [ -59.983683, -28.397127 ], [ -60.191383, -28.365732 ], [ -60.199553, -28.406813 ], [ -60.313252, -28.391334 ], [ -60.322588, -28.389306 ], [ -60.480994, -28.365078 ], [ -60.612063, -28.343505 ], [ -60.76303, -28.322857 ], [ -60.761623, -28.315481 ], [ -60.83581, -28.304303 ], [ -60.829859, -28.273576 ], [ -60.829022, -28.272299 ], [ -60.748567, -28.221659 ], [ -60.747738, -28.099336 ], [ -60.68814, -28.099083 ], [ -60.644583, -28.100244 ], [ -60.64508, -28.250268 ], [ -60.572699, -28.250699 ], [ -60.447922, -28.249241 ], [ -60.08415, -28.251826 ], [ -59.934953, -28.25165 ], [ -59.933779, -28.178148 ], [ -59.862731, -28.177955 ], [ -59.863092, -28.196696 ], [ -59.790391, -28.196542 ], [ -59.7904, -28.250813 ], [ -59.87627, -28.251563 ], [ -59.878712, -28.331848 ], [ -59.858282, -28.378591 ], [ -59.929179, -28.378462 ], [ -59.935569, -28.373705 ], [ -59.983316, -28.373313 ], [ -59.983683, -28.397127 ] ] ] ] } },
{ "type": "Feature", "properties": { "fid": 30, "DISTRITO": "0110", "NOMBRE1": "Villa Minetti", "riesgo_median": 2.0, "riesgo_ponderado": 1.9028105689585491, "pct_n4_n5": 0.0012927474148453672, "riesgo_alto_clase": 2, "ha": 132212.02, "b12_ha": 125294.31, "n3_ha": 6980.4, "n4_ha": 1.71, "n5_ha": 0.0 }, "geometry": { "type": "MultiPolygon", "coordinates": [ [ [ [ -61.481481, -28.417378 ], [ -61.516492, -28.595233 ], [ -61.560452, -28.828615 ], [ -61.822641, -28.789754 ], [ -61.822127, -28.786883 ], [ -61.843209, -28.783797 ], [ -61.833482, -28.722491 ], [ -61.774017, -28.372143 ], [ -61.481481, -28.417378 ] ] ] ] } },
{ "type": "Feature", "properties": { "fid": 31, "DISTRITO": "0103", "NOMBRE1": "San Bernardo", "riesgo_median": 2.0, "riesgo_ponderado": 2.0435021807220668, "pct_n4_n5": 0.024323132214336556, "riesgo_alto_clase": 2, "ha": 225963.18, "b12_ha": 208321.65, "n3_ha": 17704.44, "n4_ha": 54.99, "n5_ha": 0.0 }, "geometry": { "type": "MultiPolygon", "coordinates": [ [ [ [ -61.142392, -28.543475 ], [ -60.898355, -28.581979 ], [ -60.911749, -28.66516 ], [ -60.91494, -28.674087 ], [ -60.947717, -28.881361 ], [ -61.301474, -28.828992 ], [ -61.309103, -28.867174 ], [ -61.560491, -28.828812 ], [ -61.516492, -28.595233 ], [ -61.486053, -28.44107 ], [ -61.234262, -28.480911 ], [ -61.242323, -28.52358 ], [ -61.141357, -28.538977 ], [ -61.142392, -28.543475 ] ] ] ] } },
{ "type": "Feature", "properties": { "fid": 32, "DISTRITO": "0207", "NOMBRE1": "Fortin Olmos", "riesgo_median": 2.0, "riesgo_ponderado": 2.0387653992618748, "pct_n4_n5": 0.0, "riesgo_alto_clase": 1, "ha": 399864.36, "b12_ha": 380950.83, "n3_ha": 19005.84, "n4_ha": 0.0, "n5_ha": 0.0 }, "geometry": { "type": "MultiPolygon", "coordinates": [ [ [ [ -60.880935, -28.533926 ], [ -60.637808, -28.56914 ], [ -60.648881, -28.624057 ], [ -60.632589, -28.626556 ], [ -60.660143, -28.749619 ], [ -60.687759, -28.79462 ], [ -60.477353, -28.829975 ], [ -60.501496, -28.949406 ], [ -60.46034, -28.955739 ], [ -60.457492, -28.953967 ], [ -60.454487, -28.948672 ], [ -60.452854, -28.947704 ], [ -60.443756, -28.944501 ], [ -60.438715, -28.944599 ], [ -60.436668, -28.942638 ], [ -60.286651, -28.942976 ], [ -60.286739, -28.965606 ], [ -60.265447, -28.965615 ], [ -60.203607, -28.975408 ], [ -60.209462, -29.004803 ], [ -60.157883, -29.01282 ], [ -60.174458, -29.096025 ], [ -60.20689, -29.094353 ], [ -60.212437, -29.123301 ], [ -60.24428, -29.118743 ], [ -60.30186, -29.243691 ], [ -60.367913, -29.23984 ], [ -60.368137, -29.242402 ], [ -60.427397, -29.237875 ], [ -60.427822, -29.246736 ], [ -60.421648, -29.253474 ], [ -60.425321, -29.252289 ], [ -60.535449, -29.236776 ], [ -60.654171, -29.220804 ], [ -60.672294, -29.312545 ], [ -60.938049, -29.272361 ], [ -60.940878, -29.286654 ], [ -60.972602, -29.273726 ], [ -61.022269, -29.261892 ], [ -61.001418, -29.149263 ], [ -60.997697, -29.135543 ], [ -60.954074, -28.919291 ], [ -60.91494, -28.674087 ], [ -60.911749, -28.66516 ], [ -60.898394, -28.582116 ], [ -60.897987, -28.580677 ], [ -60.895867, -28.57866 ], [ -60.889748, -28.577539 ], [ -60.880935, -28.533926 ] ] ] ] } },
{ "type": "Feature", "properties": { "fid": 33, "DISTRITO": "0309", "NOMBRE1": "Villa Ana", "riesgo_median": 3.0, "riesgo_ponderado": 2.7433338352335479, "pct_n4_n5": 2.6001233604486833, "riesgo_alto_clase": 5, "ha": 117680.43, "b12_ha": 33283.44, "n3_ha": 81407.34, "n4_ha": 3061.71, "n5_ha": 0.0 }, "geometry": { "type": "MultiPolygon", "coordinates": [ [ [ [ -59.798359, -28.379122 ], [ -59.85829, -28.378572 ], [ -59.878712, -28.331848 ], [ -59.877189, -28.281777 ], [ -59.743476, -28.281387 ], [ -59.745875, -28.276993 ], [ -59.740322, -28.277001 ], [ -59.694069, -28.277351 ], [ -59.429652, -28.283643 ], [ -59.428641, -28.285997 ], [ -59.428944, -28.288398 ], [ -59.427782, -28.289246 ], [ -59.429537, -28.29168 ], [ -59.427344, -28.292692 ], [ -59.427251, -28.295775 ], [ -59.425279, -28.295491 ], [ -59.426745, -28.297536 ], [ -59.424212, -28.297448 ], [ -59.425367, -28.299752 ], [ -59.428506, -28.299528 ], [ -59.430424, -28.301859 ], [ -59.430061, -28.302718 ], [ -59.42646, -28.303491 ], [ -59.426739, -28.30493 ], [ -59.428678, -28.305489 ], [ -59.426466, -28.307011 ], [ -59.427706, -28.308625 ], [ -59.430846, -28.308934 ], [ -59.431458, -28.310074 ], [ -59.432792, -28.30907 ], [ -59.434252, -28.309345 ], [ -59.434892, -28.310905 ], [ -59.433022, -28.312778 ], [ -59.435444, -28.31399 ], [ -59.436833, -28.313712 ], [ -59.437346, -28.315393 ], [ -59.43873, -28.313705 ], [ -59.439871, -28.313677 ], [ -59.440218, -28.31447 ], [ -59.438988, -28.316559 ], [ -59.441132, -28.316804 ], [ -59.437787, -28.317865 ], [ -59.438792, -28.319839 ], [ -59.441021, -28.320032 ], [ -59.443234, -28.31811 ], [ -59.44427, -28.320178 ], [ -59.441065, -28.321804 ], [ -59.442525, -28.322812 ], [ -59.441504, -28.323916 ], [ -59.442072, -28.32551 ], [ -59.441081, -28.325851 ], [ -59.439559, -28.324777 ], [ -59.438552, -28.327572 ], [ -59.437743, -28.327851 ], [ -59.438774, -28.328819 ], [ -59.43748, -28.330613 ], [ -59.433523, -28.328934 ], [ -59.432736, -28.329842 ], [ -59.433442, -28.331699 ], [ -59.431374, -28.332441 ], [ -59.430226, -28.332099 ], [ -59.429878, -28.333639 ], [ -59.42809, -28.331802 ], [ -59.427269, -28.335005 ], [ -59.425491, -28.333367 ], [ -59.425138, -28.331419 ], [ -59.4269, -28.330653 ], [ -59.426475, -28.329649 ], [ -59.425846, -28.329527 ], [ -59.425424, -28.330672 ], [ -59.423654, -28.330999 ], [ -59.422759, -28.332672 ], [ -59.420959, -28.330731 ], [ -59.420922, -28.332029 ], [ -59.422225, -28.333537 ], [ -59.418081, -28.33262 ], [ -59.418372, -28.335301 ], [ -59.416273, -28.335284 ], [ -59.417609, -28.338705 ], [ -59.41712, -28.339335 ], [ -59.415378, -28.338775 ], [ -59.414022, -28.337266 ], [ -59.412868, -28.337408 ], [ -59.413374, -28.34017 ], [ -59.411858, -28.341295 ], [ -59.410344, -28.340315 ], [ -59.410827, -28.34265 ], [ -59.408805, -28.342488 ], [ -59.409044, -28.346214 ], [ -59.405554, -28.347491 ], [ -59.404964, -28.34704 ], [ -59.403783, -28.348338 ], [ -59.403113, -28.347787 ], [ -59.402503, -28.349645 ], [ -59.401099, -28.347978 ], [ -59.401464, -28.349988 ], [ -59.400731, -28.350626 ], [ -59.398572, -28.34881 ], [ -59.399072, -28.350597 ], [ -59.401785, -28.351938 ], [ -59.400313, -28.352398 ], [ -59.399499, -28.353554 ], [ -59.401288, -28.354889 ], [ -59.40039, -28.355415 ], [ -59.398391, -28.354776 ], [ -59.397212, -28.355203 ], [ -59.398195, -28.359993 ], [ -59.399087, -28.360748 ], [ -59.395761, -28.36352 ], [ -59.398811, -28.363487 ], [ -59.398285, -28.365173 ], [ -59.396816, -28.366358 ], [ -59.398712, -28.366935 ], [ -59.397078, -28.367966 ], [ -59.394845, -28.367853 ], [ -59.39767, -28.369461 ], [ -59.398672, -28.368051 ], [ -59.399795, -28.368662 ], [ -59.398781, -28.370898 ], [ -59.396435, -28.370014 ], [ -59.396573, -28.370963 ], [ -59.39937, -28.372098 ], [ -59.397842, -28.373725 ], [ -59.396069, -28.373331 ], [ -59.397528, -28.3763 ], [ -59.395599, -28.376973 ], [ -59.398946, -28.377959 ], [ -59.399797, -28.379333 ], [ -59.397396, -28.38034 ], [ -59.396441, -28.381717 ], [ -59.394899, -28.380601 ], [ -59.39362, -28.381379 ], [ -59.393604, -28.382342 ], [ -59.395366, -28.383064 ], [ -59.397195, -28.382428 ], [ -59.396584, -28.384305 ], [ -59.39396, -28.384298 ], [ -59.393307, -28.385 ], [ -59.396779, -28.387062 ], [ -59.397754, -28.386778 ], [ -59.398078, -28.388272 ], [ -59.397215, -28.388867 ], [ -59.392487, -28.388578 ], [ -59.392147, -28.389562 ], [ -59.3944, -28.390946 ], [ -59.394224, -28.391963 ], [ -59.391108, -28.390853 ], [ -59.390636, -28.389478 ], [ -59.389507, -28.390342 ], [ -59.389781, -28.392725 ], [ -59.390951, -28.39271 ], [ -59.393855, -28.394947 ], [ -59.393496, -28.395658 ], [ -59.390877, -28.396046 ], [ -59.392906, -28.39784 ], [ -59.389499, -28.397997 ], [ -59.392633, -28.399592 ], [ -59.392855, -28.400863 ], [ -59.396737, -28.400858 ], [ -59.396659, -28.402438 ], [ -59.476395, -28.402888 ], [ -59.475484, -28.572383 ], [ -59.815001, -28.571586 ], [ -59.816, -28.567917 ], [ -59.817809, -28.565863 ], [ -59.818149, -28.562701 ], [ -59.815483, -28.560647 ], [ -59.815586, -28.559189 ], [ -59.813876, -28.557805 ], [ -59.814291, -28.556326 ], [ -59.811739, -28.551969 ], [ -59.812275, -28.548629 ], [ -59.811772, -28.5453 ], [ -59.810078, -28.542153 ], [ -59.810852, -28.537468 ], [ -59.809018, -28.53422 ], [ -59.810212, -28.533253 ], [ -59.809735, -28.530832 ], [ -59.810916, -28.527957 ], [ -59.809499, -28.527453 ], [ -59.809379, -28.526285 ], [ -59.806871, -28.526221 ], [ -59.803858, -28.524446 ], [ -59.79944, -28.523742 ], [ -59.796999, -28.519955 ], [ -59.794717, -28.518246 ], [ -59.793648, -28.51292 ], [ -59.795332, -28.510599 ], [ -59.796894, -28.505443 ], [ -59.792667, -28.498622 ], [ -59.792615, -28.497231 ], [ -59.788763, -28.492565 ], [ -59.789318, -28.491154 ], [ -59.788937, -28.486598 ], [ -59.786396, -28.483772 ], [ -59.785791, -28.481632 ], [ -59.781689, -28.480293 ], [ -59.778722, -28.478078 ], [ -59.769843, -28.473875 ], [ -59.769714, -28.471767 ], [ -59.766882, -28.468714 ], [ -59.765867, -28.46606 ], [ -59.765713, -28.463079 ], [ -59.766518, -28.461441 ], [ -59.765656, -28.459988 ], [ -59.766256, -28.459074 ], [ -59.765017, -28.457324 ], [ -59.765313, -28.455372 ], [ -59.766916, -28.453136 ], [ -59.770492, -28.454138 ], [ -59.774584, -28.450319 ], [ -59.776214, -28.44996 ], [ -59.778056, -28.451585 ], [ -59.780909, -28.451329 ], [ -59.781954, -28.450113 ], [ -59.791073, -28.448483 ], [ -59.789483, -28.443585 ], [ -59.798451, -28.433831 ], [ -59.798359, -28.379122 ] ] ] ] } },
{ "type": "Feature", "properties": { "fid": 34, "DISTRITO": "0716", "NOMBRE1": "San Guillermo", "riesgo_median": 2.0, "riesgo_ponderado": 2.1632976381555911, "pct_n4_n5": 0.030160056298771755, "riesgo_alto_clase": 2, "ha": 25937.08, "b12_ha": 21176.73, "n3_ha": 4776.93, "n4_ha": 7.83, "n5_ha": 0.0 }, "geometry": { "type": "MultiPolygon", "coordinates": [ [ [ [ -61.981711, -30.431978 ], [ -61.949163, -30.296815 ], [ -61.82284, -30.319557 ], [ -61.823601, -30.32284 ], [ -61.813588, -30.324603 ], [ -61.826256, -30.376902 ], [ -61.764056, -30.388115 ], [ -61.78318, -30.467611 ], [ -61.981711, -30.431978 ] ] ] ] } },
{ "type": "Feature", "properties": { "fid": 35, "DISTRITO": "0717", "NOMBRE1": "Curupayti", "riesgo_median": 2.0, "riesgo_ponderado": 1.9755770957629006, "pct_n4_n5": 0.0, "riesgo_alto_clase": 1, "ha": 39990.22, "b12_ha": 38629.89, "n3_ha": 1360.44, "n4_ha": 0.0, "n5_ha": 0.0 }, "geometry": { "type": "MultiPolygon", "coordinates": [ [ [ [ -61.826256, -30.376902 ], [ -61.81241, -30.319697 ], [ -61.679291, -30.342692 ], [ -61.695992, -30.307747 ], [ -61.652316, -30.315247 ], [ -61.651848, -30.313326 ], [ -61.482919, -30.3439 ], [ -61.508294, -30.456076 ], [ -61.677934, -30.424855 ], [ -61.691475, -30.48376 ], [ -61.78318, -30.467611 ], [ -61.764056, -30.388115 ], [ -61.826256, -30.376902 ] ] ] ] } },
{ "type": "Feature", "properties": { "fid": 36, "DISTRITO": "0711", "NOMBRE1": "Arrufo", "riesgo_median": 2.0, "riesgo_ponderado": 1.9814418080533842, "pct_n4_n5": 0.00036705284704540813, "riesgo_alto_clase": 2, "ha": 73533.74, "b12_ha": 69382.26, "n3_ha": 4176.36, "n4_ha": 0.27, "n5_ha": 0.0 }, "geometry": { "type": "MultiPolygon", "coordinates": [ [ [ [ -61.698894, -30.172322 ], [ -61.686278, -30.117748 ], [ -61.679827, -30.115201 ], [ -61.600294, -30.133416 ], [ -61.42197, -30.163995 ], [ -61.462216, -30.347654 ], [ -61.651848, -30.313326 ], [ -61.652316, -30.315247 ], [ -61.695992, -30.307747 ], [ -61.679291, -30.342692 ], [ -61.81241, -30.319697 ], [ -61.813588, -30.324603 ], [ -61.823601, -30.32284 ], [ -61.807288, -30.248368 ], [ -61.830767, -30.24427 ], [ -61.810071, -30.153899 ], [ -61.765585, -30.161779 ], [ -61.766148, -30.160593 ], [ -61.698894, -30.172322 ] ] ] ] } },
{ "type": "Feature", "properties": { "fid": 37, "DISTRITO": "0825", "NOMBRE1": "Bella Italia", "riesgo_median": 2.0, "riesgo_ponderado": 2.2739180627903703, "pct_n4_n5": 0.27087146276221313, "riesgo_alto_clase": 3, "ha": 15952.21, "b12_ha": 11452.32, "n3_ha": 4486.14, "n4_ha": 43.29, "n5_ha": 0.0 }, "geometry": { "type": "MultiPolygon", "coordinates": [ [ [ [ -61.311142, -31.203231 ], [ -61.327201, -31.273524 ], [ -61.331827, -31.272752 ], [ -61.338154, -31.30573 ], [ -61.346417, -31.340784 ], [ -61.449522, -31.32313 ], [ -61.418647, -31.184676 ], [ -61.311142, -31.203231 ] ] ] ] } },
{ "type": "Feature", "properties": { "fid": 38, "DISTRITO": "0712", "NOMBRE1": "La Rubia", "riesgo_median": 2.0, "riesgo_ponderado": 2.0909665597068074, "pct_n4_n5": 0.072818058878601891, "riesgo_alto_clase": 3, "ha": 22463.47, "b12_ha": 20152.26, "n3_ha": 2325.78, "n4_ha": 16.38, "n5_ha": 0.0 }, "geometry": { "type": "MultiPolygon", "coordinates": [ [ [ [ -61.848299, -30.089311 ], [ -61.851687, -30.088719 ], [ -61.821495, -30.044194 ], [ -61.765943, -30.056268 ], [ -61.761102, -30.033956 ], [ -61.754814, -30.035513 ], [ -61.746632, -30.013516 ], [ -61.719839, -30.021127 ], [ -61.678699, -30.021144 ], [ -61.66632, -30.017384 ], [ -61.68799, -30.117469 ], [ -61.686278, -30.117748 ], [ -61.698894, -30.172322 ], [ -61.766148, -30.160593 ], [ -61.765585, -30.161779 ], [ -61.810071, -30.153899 ], [ -61.811795, -30.161368 ], [ -61.86285, -30.152555 ], [ -61.848299, -30.089311 ] ] ] ] } },
{ "type": "Feature", "properties": { "fid": 39, "DISTRITO": "0713", "NOMBRE1": "Colonia Ana", "riesgo_median": 2.0, "riesgo_ponderado": 2.1702771069287143, "pct_n4_n5": 0.076511492338441026, "riesgo_alto_clase": 3, "ha": 17285.23, "b12_ha": 14026.05, "n3_ha": 3252.24, "n4_ha": 13.23, "n5_ha": 0.0 }, "geometry": { "type": "MultiPolygon", "coordinates": [ [ [ [ -61.929329, -30.075188 ], [ -61.848299, -30.089311 ], [ -61.864871, -30.161256 ], [ -61.946085, -30.147337 ], [ -61.952699, -30.176372 ], [ -62.079472, -30.176224 ], [ -62.065935, -30.097955 ], [ -61.93474, -30.098058 ], [ -61.929329, -30.075188 ] ] ] ] } },
{ "type": "Feature", "properties": { "fid": 40, "DISTRITO": "0714", "NOMBRE1": "Villa Trinidad", "riesgo_median": 2.0, "riesgo_ponderado": 2.0374665826859824, "pct_n4_n5": 0.0652249982504024, "riesgo_alto_clase": 3, "ha": 32120.43, "b12_ha": 28034.19, "n3_ha": 4095.09, "n4_ha": 20.97, "n5_ha": 0.0 }, "geometry": { "type": "MultiPolygon", "coordinates": [ [ [ [ -61.864871, -30.161256 ], [ -61.86285, -30.152555 ], [ -61.811795, -30.161368 ], [ -61.830767, -30.24427 ], [ -61.807288, -30.248368 ], [ -61.82284, -30.319557 ], [ -61.949163, -30.296815 ], [ -61.941306, -30.264318 ], [ -62.080156, -30.240108 ], [ -62.080153, -30.239631 ], [ -62.090114, -30.239513 ], [ -62.080027, -30.182453 ], [ -62.080019, -30.176224 ], [ -61.952699, -30.176372 ], [ -61.946085, -30.147337 ], [ -61.864871, -30.161256 ] ] ] ] } },
{ "type": "Feature", "properties": { "fid": 41, "DISTRITO": "0715", "NOMBRE1": "Colonia Rosa", "riesgo_median": 2.0, "riesgo_ponderado": 2.0190508282343465, "pct_n4_n5": 0.020546622340753409, "riesgo_alto_clase": 2, "ha": 21882.41, "b12_ha": 20023.74, "n3_ha": 1873.17, "n4_ha": 4.5, "n5_ha": 0.0 }, "geometry": { "type": "MultiPolygon", "coordinates": [ [ [ [ -62.080156, -30.240108 ], [ -61.941306, -30.264318 ], [ -61.974388, -30.401336 ], [ -62.113653, -30.376102 ], [ -62.10277, -30.311644 ], [ -62.101069, -30.311658 ], [ -62.101052, -30.308974 ], [ -62.102328, -30.308968 ], [ -62.09085, -30.239506 ], [ -62.080153, -30.239631 ], [ -62.080156, -30.240108 ] ] ] ] } },
{ "type": "Feature", "properties": { "fid": 42, "DISTRITO": "0724", "NOMBRE1": "Moises Ville", "riesgo_median": 2.0, "riesgo_ponderado": 2.2447862655295698, "pct_n4_n5": 0.27320879321032082, "riesgo_alto_clase": 3, "ha": 30649.15, "b12_ha": 23080.32, "n3_ha": 7471.89, "n4_ha": 83.7, "n5_ha": 0.0 }, "geometry": { "type": "MultiPolygon", "coordinates": [ [ [ [ -61.526496, -30.536213 ], [ -61.520287, -30.508895 ], [ -61.462091, -30.519131 ], [ -61.463511, -30.525263 ], [ -61.436521, -30.528453 ], [ -61.437392, -30.531042 ], [ -61.429226, -30.532463 ], [ -61.429006, -30.531552 ], [ -61.383888, -30.539494 ], [ -61.438061, -30.776099 ], [ -61.573094, -30.752097 ], [ -61.571562, -30.745267 ], [ -61.550488, -30.747955 ], [ -61.54677, -30.731678 ], [ -61.525886, -30.735133 ], [ -61.527996, -30.744256 ], [ -61.506845, -30.747921 ], [ -61.501296, -30.720864 ], [ -61.511206, -30.718974 ], [ -61.492401, -30.635065 ], [ -61.503051, -30.633278 ], [ -61.502677, -30.631664 ], [ -61.513161, -30.629862 ], [ -61.513535, -30.631518 ], [ -61.529086, -30.628905 ], [ -61.528569, -30.626639 ], [ -61.56007, -30.621036 ], [ -61.541171, -30.539876 ], [ -61.534135, -30.541049 ], [ -61.532921, -30.53507 ], [ -61.526496, -30.536213 ] ] ] ] } },
{ "type": "Feature", "properties": { "fid": 43, "DISTRITO": "0731", "NOMBRE1": "Palacios", "riesgo_median": 2.0, "riesgo_ponderado": 2.2470377176168674, "pct_n4_n5": 0.060988166711549732, "riesgo_alto_clase": 3, "ha": 22711.17, "b12_ha": 17026.56, "n3_ha": 5685.3, "n4_ha": 13.86, "n5_ha": 0.0 }, "geometry": { "type": "MultiPolygon", "coordinates": [ [ [ [ -61.655275, -30.737524 ], [ -61.666151, -30.782476 ], [ -61.768947, -30.763862 ], [ -61.741745, -30.651133 ], [ -61.557711, -30.683116 ], [ -61.553928, -30.664899 ], [ -61.543356, -30.6665 ], [ -61.547185, -30.684692 ], [ -61.504881, -30.691667 ], [ -61.511206, -30.718974 ], [ -61.501296, -30.720864 ], [ -61.506845, -30.747921 ], [ -61.527996, -30.744256 ], [ -61.525886, -30.735133 ], [ -61.54677, -30.731678 ], [ -61.550488, -30.747955 ], [ -61.571562, -30.745267 ], [ -61.573094, -30.752097 ], [ -61.655275, -30.737524 ] ] ] ] } },
{ "type": "Feature", "properties": { "fid": 44, "DISTRITO": "0730", "NOMBRE1": "Las Palmeras", "riesgo_median": 2.0, "riesgo_ponderado": 2.2572100901970713, "pct_n4_n5": 0.051079658071895719, "riesgo_alto_clase": 3, "ha": 20611.28, "b12_ha": 15233.22, "n3_ha": 5371.11, "n4_ha": 10.53, "n5_ha": 0.0 }, "geometry": { "type": "MultiPolygon", "coordinates": [ [ [ [ -61.611043, -30.579904 ], [ -61.553222, -30.589505 ], [ -61.56007, -30.621036 ], [ -61.528569, -30.626639 ], [ -61.529086, -30.628905 ], [ -61.513535, -30.631518 ], [ -61.513161, -30.629862 ], [ -61.502677, -30.631664 ], [ -61.503051, -30.633278 ], [ -61.492401, -30.635065 ], [ -61.503479, -30.682645 ], [ -61.502895, -30.682758 ], [ -61.504881, -30.691667 ], [ -61.547185, -30.684692 ], [ -61.543356, -30.6665 ], [ -61.553928, -30.664899 ], [ -61.557711, -30.683116 ], [ -61.741745, -30.651133 ], [ -61.728722, -30.596891 ], [ -61.718516, -30.598614 ], [ -61.709776, -30.561583 ], [ -61.610894, -30.579253 ], [ -61.611043, -30.579904 ] ] ] ] } },
{ "type": "Feature", "properties": { "fid": 45, "DISTRITO": "0725", "NOMBRE1": "Monigote", "riesgo_median": 2.0, "riesgo_ponderado": 2.0733170518781994, "pct_n4_n5": 0.0757556627357895, "riesgo_alto_clase": 3, "ha": 24914.07, "b12_ha": 22395.06, "n3_ha": 2534.67, "n4_ha": 18.9, "n5_ha": 0.0 }, "geometry": { "type": "MultiPolygon", "coordinates": [ [ [ [ -61.709776, -30.561583 ], [ -61.677934, -30.424855 ], [ -61.508294, -30.456076 ], [ -61.526496, -30.536213 ], [ -61.532921, -30.53507 ], [ -61.534135, -30.541049 ], [ -61.541171, -30.539876 ], [ -61.553222, -30.589505 ], [ -61.611043, -30.579904 ], [ -61.610894, -30.579253 ], [ -61.709776, -30.561583 ] ] ] ] } },
{ "type": "Feature", "properties": { "fid": 46, "DISTRITO": "0703", "NOMBRE1": "Ambrosetti", "riesgo_median": 2.0, "riesgo_ponderado": 1.9830659686568923, "pct_n4_n5": 0.015446783355892897, "riesgo_alto_clase": 2, "ha": 90810.85, "b12_ha": 86001.93, "n3_ha": 4876.74, "n4_ha": 14.04, "n5_ha": 0.0 }, "geometry": { "type": "MultiPolygon", "coordinates": [ [ [ [ -61.68799, -30.117469 ], [ -61.648258, -29.93449 ], [ -61.697947, -29.926459 ], [ -61.668154, -29.786432 ], [ -61.629356, -29.79236 ], [ -61.431516, -29.826141 ], [ -61.461684, -29.965275 ], [ -61.382925, -29.977952 ], [ -61.42197, -30.163995 ], [ -61.600294, -30.133416 ], [ -61.679827, -30.115201 ], [ -61.685971, -30.117798 ], [ -61.68799, -30.117469 ] ] ] ] } },
{ "type": "Feature", "properties": { "fid": 47, "DISTRITO": "0709", "NOMBRE1": "Santurce", "riesgo_median": 2.0, "riesgo_ponderado": 2.0103175701387208, "pct_n4_n5": 0.0, "riesgo_alto_clase": 1, "ha": 10403.89, "b12_ha": 9533.52, "n3_ha": 873.0, "n4_ha": 0.0, "n5_ha": 0.0 }, "geometry": { "type": "MultiPolygon", "coordinates": [ [ [ [ -61.254023, -30.198715 ], [ -61.24887, -30.174159 ], [ -61.174761, -30.174925 ], [ -61.175112, -30.095374 ], [ -61.100511, -30.097589 ], [ -61.126851, -30.219708 ], [ -61.254023, -30.198715 ] ] ] ] } },
{ "type": "Feature", "properties": { "fid": 48, "DISTRITO": "0720", "NOMBRE1": "La Lucila", "riesgo_median": 2.0, "riesgo_ponderado": 1.8998458316365117, "pct_n4_n5": 0.0, "riesgo_alto_clase": 1, "ha": 30941.35, "b12_ha": 30263.67, "n3_ha": 676.53, "n4_ha": 0.0, "n5_ha": 0.0 }, "geometry": { "type": "MultiPolygon", "coordinates": [ [ [ [ -60.986249, -30.495124 ], [ -60.994779, -30.492609 ], [ -60.994163, -30.490617 ], [ -60.996839, -30.491324 ], [ -60.99772, -30.489754 ], [ -61.000868, -30.490049 ], [ -61.001911, -30.489329 ], [ -61.00059, -30.487599 ], [ -61.003386, -30.485018 ], [ -61.005561, -30.48639 ], [ -61.009469, -30.48518 ], [ -61.009368, -30.483829 ], [ -61.008525, -30.483299 ], [ -61.00858, -30.479432 ], [ -61.010126, -30.477816 ], [ -61.011233, -30.478376 ], [ -61.012014, -30.4762 ], [ -61.015369, -30.474742 ], [ -61.016216, -30.472678 ], [ -61.019066, -30.471447 ], [ -61.020637, -30.468245 ], [ -61.023082, -30.467132 ], [ -61.023457, -30.464822 ], [ -61.02918, -30.463262 ], [ -61.03038, -30.460265 ], [ -61.035233, -30.458924 ], [ -61.036823, -30.45756 ], [ -61.044364, -30.456086 ], [ -61.046946, -30.456965 ], [ -61.048888, -30.456639 ], [ -61.049016, -30.45553 ], [ -61.052517, -30.455649 ], [ -61.055127, -30.45449 ], [ -61.058303, -30.455286 ], [ -61.064498, -30.45312 ], [ -61.06663, -30.454642 ], [ -61.069625, -30.453197 ], [ -61.070743, -30.451747 ], [ -61.074104, -30.452661 ], [ -61.079653, -30.452625 ], [ -61.083685, -30.454758 ], [ -61.089309, -30.454937 ], [ -61.093027, -30.456479 ], [ -61.095662, -30.455785 ], [ -61.10022, -30.458264 ], [ -61.105274, -30.457179 ], [ -61.107051, -30.458016 ], [ -61.108371, -30.457418 ], [ -61.086054, -30.361666 ], [ -61.060269, -30.364062 ], [ -61.041372, -30.271331 ], [ -60.906873, -30.294507 ], [ -60.954929, -30.505215 ], [ -60.958974, -30.504241 ], [ -60.959753, -30.502239 ], [ -60.961467, -30.500951 ], [ -60.96226, -30.501263 ], [ -60.963357, -30.50043 ], [ -60.966639, -30.501183 ], [ -60.967695, -30.499895 ], [ -60.968566, -30.50053 ], [ -60.969623, -30.498819 ], [ -60.970674, -30.499556 ], [ -60.971062, -30.498436 ], [ -60.973438, -30.497443 ], [ -60.974101, -30.496214 ], [ -60.978057, -30.495919 ], [ -60.979033, -30.495219 ], [ -60.98335, -30.498081 ], [ -60.986249, -30.495124 ] ] ] ] } },
{ "type": "Feature", "properties": { "fid": 49, "DISTRITO": "0718", "NOMBRE1": "Capivara", "riesgo_median": 2.0, "riesgo_ponderado": 2.0225825755000195, "pct_n4_n5": 0.00087816248264060938, "riesgo_alto_clase": 2, "ha": 71642.99, "b12_ha": 67851.0, "n3_ha": 3889.08, "n4_ha": 0.63, "n5_ha": 0.0 }, "geometry": { "type": "MultiPolygon", "coordinates": [ [ [ [ -61.482919, -30.3439 ], [ -61.217291, -30.388178 ], [ -61.199325, -30.462036 ], [ -61.146739, -30.471104 ], [ -61.139049, -30.432712 ], [ -61.134053, -30.439285 ], [ -61.131942, -30.439512 ], [ -61.131044, -30.442254 ], [ -61.128076, -30.445149 ], [ -61.128403, -30.445878 ], [ -61.123616, -30.453273 ], [ -61.123926, -30.454547 ], [ -61.119767, -30.456075 ], [ -61.11631, -30.455272 ], [ -61.115251, -30.455948 ], [ -61.115139, -30.457302 ], [ -61.112559, -30.458391 ], [ -61.109811, -30.457393 ], [ -61.107289, -30.457981 ], [ -61.143337, -30.615847 ], [ -61.285127, -30.591747 ], [ -61.277405, -30.557373 ], [ -61.319324, -30.550356 ], [ -61.320662, -30.549408 ], [ -61.324185, -30.549516 ], [ -61.429006, -30.531552 ], [ -61.429226, -30.532463 ], [ -61.437392, -30.531042 ], [ -61.436521, -30.528453 ], [ -61.463511, -30.525263 ], [ -61.462091, -30.519131 ], [ -61.520287, -30.508895 ], [ -61.482919, -30.3439 ] ] ] ] } },
{ "type": "Feature", "properties": { "fid": 50, "DISTRITO": "0721", "NOMBRE1": "Colonia La Clara", "riesgo_median": 2.0, "riesgo_ponderado": 2.085809077956442, "pct_n4_n5": 0.0, "riesgo_alto_clase": 1, "ha": 22121.35, "b12_ha": 19613.34, "n3_ha": 2495.16, "n4_ha": 0.0, "n5_ha": 0.0 }, "geometry": { "type": "MultiPolygon", "coordinates": [ [ [ [ -60.991257, -30.493928 ], [ -61.025686, -30.64766 ], [ -61.079026, -30.638503 ], [ -61.07644, -30.627076 ], [ -61.143337, -30.615847 ], [ -61.107289, -30.457981 ], [ -61.10584, -30.457358 ], [ -61.10022, -30.458264 ], [ -61.095662, -30.455785 ], [ -61.093027, -30.456479 ], [ -61.089309, -30.454937 ], [ -61.083685, -30.454758 ], [ -61.079653, -30.452625 ], [ -61.074104, -30.452661 ], [ -61.070743, -30.451747 ], [ -61.069625, -30.453197 ], [ -61.06663, -30.454642 ], [ -61.064498, -30.45312 ], [ -61.058303, -30.455286 ], [ -61.055127, -30.45449 ], [ -61.052517, -30.455649 ], [ -61.049016, -30.45553 ], [ -61.048888, -30.456639 ], [ -61.046946, -30.456965 ], [ -61.044364, -30.456086 ], [ -61.036823, -30.45756 ], [ -61.035233, -30.458924 ], [ -61.03038, -30.460265 ], [ -61.02918, -30.463262 ], [ -61.023457, -30.464822 ], [ -61.023082, -30.467132 ], [ -61.020637, -30.468245 ], [ -61.019066, -30.471447 ], [ -61.016216, -30.472678 ], [ -61.015369, -30.474742 ], [ -61.012014, -30.4762 ], [ -61.011233, -30.478376 ], [ -61.010126, -30.477816 ], [ -61.00858, -30.479432 ], [ -61.008525, -30.483299 ], [ -61.009368, -30.483829 ], [ -61.009469, -30.48518 ], [ -61.005561, -30.48639 ], [ -61.003386, -30.485018 ], [ -61.00059, -30.487599 ], [ -61.001911, -30.489329 ], [ -61.000868, -30.490049 ], [ -60.99772, -30.489754 ], [ -60.996839, -30.491324 ], [ -60.994163, -30.490617 ], [ -60.994779, -30.492609 ], [ -60.991257, -30.493928 ] ] ] ] } },
{ "type": "Feature", "properties": { "fid": 51, "DISTRITO": "0722", "NOMBRE1": "Soledad", "riesgo_median": 2.0, "riesgo_ponderado": 1.9504280667256968, "pct_n4_n5": 0.0084399181476008424, "riesgo_alto_clase": 2, "ha": 60779.29, "b12_ha": 55716.39, "n3_ha": 5061.06, "n4_ha": 5.13, "n5_ha": 0.0 }, "geometry": { "type": "MultiPolygon", "coordinates": [ [ [ [ -60.819023, -30.801054 ], [ -60.819669, -30.797318 ], [ -60.820644, -30.796228 ], [ -60.822145, -30.796238 ], [ -60.82312, -30.795375 ], [ -60.823981, -30.796842 ], [ -60.825056, -30.79556 ], [ -60.828406, -30.795739 ], [ -60.828889, -30.792033 ], [ -60.8302, -30.791686 ], [ -60.828402, -30.790371 ], [ -60.830297, -30.789666 ], [ -60.831616, -30.787821 ], [ -60.832205, -30.788641 ], [ -60.835021, -30.788123 ], [ -60.83604, -30.788842 ], [ -60.837521, -30.787841 ], [ -60.839678, -30.78524 ], [ -60.838337, -30.783335 ], [ -60.839303, -30.782283 ], [ -60.842919, -30.780685 ], [ -60.847121, -30.780424 ], [ -60.852058, -30.776324 ], [ -60.856486, -30.775865 ], [ -60.86037, -30.77409 ], [ -60.864353, -30.771082 ], [ -60.867969, -30.770483 ], [ -60.869955, -30.768005 ], [ -60.871709, -30.767753 ], [ -60.874348, -30.765523 ], [ -60.877855, -30.764563 ], [ -60.882146, -30.764596 ], [ -60.885442, -30.762928 ], [ -60.886998, -30.759166 ], [ -60.886885, -30.756466 ], [ -60.885719, -30.754478 ], [ -60.886503, -30.751935 ], [ -60.888094, -30.751667 ], [ -60.887938, -30.750443 ], [ -60.893696, -30.746873 ], [ -60.893326, -30.743824 ], [ -60.895759, -30.741618 ], [ -60.89259, -30.735532 ], [ -60.893969, -30.731733 ], [ -60.89529, -30.730549 ], [ -60.895555, -30.728598 ], [ -60.897697, -30.726871 ], [ -60.897367, -30.725239 ], [ -60.900758, -30.72407 ], [ -60.900473, -30.721913 ], [ -60.901982, -30.72075 ], [ -60.900425, -30.72016 ], [ -60.901126, -30.718021 ], [ -60.904203, -30.716055 ], [ -60.905268, -30.717003 ], [ -60.906573, -30.716809 ], [ -60.907775, -30.714661 ], [ -60.903885, -30.712578 ], [ -60.904304, -30.71082 ], [ -60.903472, -30.708565 ], [ -60.906971, -30.706682 ], [ -60.908339, -30.708312 ], [ -60.912601, -30.709061 ], [ -60.917149, -30.707301 ], [ -60.925091, -30.708428 ], [ -60.925956, -30.707727 ], [ -60.892466, -30.669324 ], [ -61.025686, -30.64766 ], [ -60.991257, -30.493928 ], [ -60.98707, -30.494665 ], [ -60.98335, -30.498081 ], [ -60.979033, -30.495219 ], [ -60.978057, -30.495919 ], [ -60.974101, -30.496214 ], [ -60.973438, -30.497443 ], [ -60.971062, -30.498436 ], [ -60.970674, -30.499556 ], [ -60.969623, -30.498819 ], [ -60.968566, -30.50053 ], [ -60.967695, -30.499895 ], [ -60.966639, -30.501183 ], [ -60.963357, -30.50043 ], [ -60.96226, -30.501263 ], [ -60.961467, -30.500951 ], [ -60.959753, -30.502239 ], [ -60.959393, -30.503839 ], [ -60.957294, -30.505051 ], [ -60.951892, -30.505731 ], [ -60.948371, -30.504157 ], [ -60.946031, -30.507026 ], [ -60.941098, -30.504664 ], [ -60.939017, -30.505666 ], [ -60.937168, -30.505306 ], [ -60.933411, -30.506799 ], [ -60.934299, -30.509645 ], [ -60.930434, -30.50738 ], [ -60.928653, -30.504434 ], [ -60.924366, -30.505872 ], [ -60.922978, -30.511311 ], [ -60.920053, -30.510906 ], [ -60.919328, -30.511383 ], [ -60.918553, -30.510802 ], [ -60.918539, -30.512588 ], [ -60.915839, -30.51322 ], [ -60.915373, -30.512743 ], [ -60.915293, -30.514077 ], [ -60.913843, -30.513581 ], [ -60.913978, -30.514806 ], [ -60.910404, -30.516929 ], [ -60.910142, -30.521901 ], [ -60.911941, -30.523488 ], [ -60.908051, -30.525195 ], [ -60.900915, -30.533228 ], [ -60.896077, -30.532275 ], [ -60.89578, -30.533424 ], [ -60.893673, -30.5342 ], [ -60.894299, -30.535342 ], [ -60.89382, -30.536758 ], [ -60.892524, -30.536287 ], [ -60.892441, -30.53738 ], [ -60.890395, -30.537999 ], [ -60.891269, -30.539379 ], [ -60.888835, -30.538916 ], [ -60.888378, -30.539425 ], [ -60.887879, -30.538709 ], [ -60.887647, -30.540203 ], [ -60.886323, -30.540079 ], [ -60.886153, -30.541706 ], [ -60.885102, -30.541154 ], [ -60.884865, -30.542115 ], [ -60.882435, -30.542185 ], [ -60.880682, -30.543812 ], [ -60.879849, -30.543498 ], [ -60.879275, -30.544701 ], [ -60.876565, -30.54432 ], [ -60.875216, -30.544862 ], [ -60.874551, -30.546172 ], [ -60.873221, -30.545408 ], [ -60.873386, -30.546687 ], [ -60.872183, -30.546242 ], [ -60.871988, -30.547648 ], [ -60.869068, -30.547934 ], [ -60.869646, -30.550649 ], [ -60.865849, -30.551441 ], [ -60.864971, -30.553019 ], [ -60.862543, -30.553356 ], [ -60.862333, -30.553943 ], [ -60.860699, -30.553554 ], [ -60.858554, -30.554581 ], [ -60.858776, -30.5553 ], [ -60.857319, -30.554136 ], [ -60.854259, -30.559341 ], [ -60.856624, -30.565657 ], [ -60.856248, -30.567383 ], [ -60.858471, -30.568168 ], [ -60.858634, -30.569207 ], [ -60.855427, -30.568535 ], [ -60.852359, -30.569595 ], [ -60.850783, -30.568832 ], [ -60.849403, -30.569347 ], [ -60.846682, -30.574417 ], [ -60.846454, -30.579315 ], [ -60.845907, -30.580092 ], [ -60.842615, -30.580166 ], [ -60.842941, -30.582297 ], [ -60.840974, -30.581405 ], [ -60.838823, -30.581765 ], [ -60.836101, -30.58021 ], [ -60.835242, -30.580535 ], [ -60.835634, -30.583118 ], [ -60.833065, -30.581482 ], [ -60.825469, -30.5835 ], [ -60.821673, -30.582218 ], [ -60.820676, -30.583096 ], [ -60.821364, -30.584478 ], [ -60.820845, -30.584961 ], [ -60.816946, -30.586052 ], [ -60.814447, -30.585348 ], [ -60.812771, -30.587331 ], [ -60.808821, -30.587754 ], [ -60.802956, -30.585657 ], [ -60.801619, -30.587825 ], [ -60.798293, -30.586163 ], [ -60.796847, -30.586305 ], [ -60.795909, -30.588257 ], [ -60.793318, -30.5875 ], [ -60.786675, -30.591131 ], [ -60.781286, -30.596798 ], [ -60.781039, -30.600505 ], [ -60.77988, -30.601818 ], [ -60.776333, -30.600959 ], [ -60.773601, -30.601935 ], [ -60.770972, -30.601734 ], [ -60.770738, -30.603282 ], [ -60.764926, -30.600224 ], [ -60.76315, -30.601327 ], [ -60.762929, -30.600609 ], [ -60.761392, -30.600911 ], [ -60.759406, -30.602762 ], [ -60.756072, -30.602967 ], [ -60.753746, -30.60466 ], [ -60.752724, -30.603813 ], [ -60.747734, -30.603496 ], [ -60.742921, -30.603548 ], [ -60.740741, -30.604254 ], [ -60.738521, -30.603813 ], [ -60.736942, -30.602542 ], [ -60.731269, -30.601428 ], [ -60.72493, -30.602905 ], [ -60.719224, -30.607559 ], [ -60.714306, -30.609853 ], [ -60.71357, -30.612517 ], [ -60.709857, -30.614413 ], [ -60.709563, -30.615461 ], [ -60.704919, -30.61879 ], [ -60.704681, -30.620666 ], [ -60.702503, -30.624318 ], [ -60.703339, -30.628456 ], [ -60.705813, -30.629359 ], [ -60.704019, -30.631985 ], [ -60.703112, -30.63199 ], [ -60.702642, -30.636369 ], [ -60.703965, -30.638106 ], [ -60.703566, -30.638762 ], [ -60.70135, -30.638774 ], [ -60.698503, -30.642191 ], [ -60.694386, -30.644088 ], [ -60.695407, -30.646001 ], [ -60.694084, -30.650094 ], [ -60.694696, -30.651224 ], [ -60.692498, -30.653765 ], [ -60.693699, -30.65897 ], [ -60.691649, -30.661161 ], [ -60.693219, -30.66233 ], [ -60.690864, -30.66413 ], [ -60.691382, -30.666032 ], [ -60.690378, -30.666604 ], [ -60.688246, -30.671051 ], [ -60.692606, -30.674648 ], [ -60.692361, -30.675608 ], [ -60.69439, -30.677603 ], [ -60.693082, -30.678512 ], [ -60.693515, -30.682695 ], [ -60.691833, -30.686906 ], [ -60.692849, -30.688034 ], [ -60.692709, -30.689692 ], [ -60.694536, -30.691426 ], [ -60.692839, -30.693746 ], [ -60.693872, -30.697229 ], [ -60.693529, -30.699077 ], [ -60.692476, -30.699868 ], [ -60.695361, -30.701509 ], [ -60.697243, -30.703898 ], [ -60.696652, -30.705819 ], [ -60.698619, -30.706027 ], [ -60.698775, -30.706593 ], [ -60.69754, -30.710175 ], [ -60.698676, -30.714589 ], [ -60.697736, -30.71708 ], [ -60.698068, -30.721133 ], [ -60.699999, -30.723303 ], [ -60.696946, -30.726224 ], [ -60.697622, -30.729142 ], [ -60.696158, -30.728845 ], [ -60.695749, -30.728018 ], [ -60.694995, -30.728284 ], [ -60.693452, -30.731214 ], [ -60.694388, -30.734321 ], [ -60.695555, -30.735274 ], [ -60.694719, -30.738288 ], [ -60.697395, -30.738709 ], [ -60.697754, -30.739579 ], [ -60.696152, -30.741245 ], [ -60.696765, -30.742288 ], [ -60.696381, -30.74495 ], [ -60.699954, -30.74822 ], [ -60.701223, -30.747547 ], [ -60.702459, -30.748064 ], [ -60.700836, -30.751708 ], [ -60.702146, -30.752975 ], [ -60.705278, -30.750997 ], [ -60.708179, -30.750381 ], [ -60.713097, -30.750976 ], [ -60.715236, -30.752379 ], [ -60.715606, -30.753622 ], [ -60.711793, -30.75429 ], [ -60.709973, -30.75661 ], [ -60.716068, -30.758612 ], [ -60.716536, -30.759854 ], [ -60.715728, -30.763378 ], [ -60.716867, -30.764718 ], [ -60.719469, -30.766542 ], [ -60.725039, -30.76861 ], [ -60.72368, -30.770218 ], [ -60.719574, -30.769668 ], [ -60.714899, -30.772404 ], [ -60.710764, -30.772548 ], [ -60.716476, -30.776085 ], [ -60.721465, -30.775776 ], [ -60.723224, -30.776595 ], [ -60.720188, -30.779586 ], [ -60.719646, -30.783734 ], [ -60.717715, -30.78622 ], [ -60.720345, -30.787158 ], [ -60.722043, -30.786648 ], [ -60.726083, -30.782236 ], [ -60.726576, -30.780513 ], [ -60.728083, -30.780575 ], [ -60.729107, -30.78709 ], [ -60.732367, -30.786972 ], [ -60.730158, -30.792037 ], [ -60.736044, -30.793288 ], [ -60.739702, -30.795785 ], [ -60.742388, -30.795868 ], [ -60.743757, -30.794955 ], [ -60.744237, -30.793425 ], [ -60.745795, -30.793657 ], [ -60.750329, -30.797364 ], [ -60.74833, -30.79937 ], [ -60.745389, -30.800448 ], [ -60.745474, -30.801933 ], [ -60.747123, -30.802401 ], [ -60.750194, -30.801138 ], [ -60.752292, -30.801268 ], [ -60.755913, -30.803283 ], [ -60.760237, -30.807891 ], [ -60.766261, -30.802346 ], [ -60.76809, -30.805644 ], [ -60.77206, -30.808351 ], [ -60.773576, -30.805286 ], [ -60.783527, -30.799809 ], [ -60.782983, -30.795196 ], [ -60.780655, -30.793094 ], [ -60.781091, -30.790376 ], [ -60.783418, -30.786345 ], [ -60.791257, -30.783327 ], [ -60.794301, -30.782927 ], [ -60.799734, -30.786231 ], [ -60.803678, -30.787621 ], [ -60.806263, -30.791113 ], [ -60.814019, -30.793893 ], [ -60.819023, -30.801054 ] ] ] ] } },
{ "type": "Feature", "properties": { "fid": 52, "DISTRITO": "0108", "NOMBRE1": "Montefiore", "riesgo_median": 2.0, "riesgo_ponderado": 2.1150503433885053, "pct_n4_n5": 0.05985586707209041, "riesgo_alto_clase": 3, "ha": 48848.9, "b12_ha": 42141.96, "n3_ha": 6696.18, "n4_ha": 29.25, "n5_ha": 0.0 }, "geometry": { "type": "MultiPolygon", "coordinates": [ [ [ [ -61.801652, -29.603569 ], [ -61.802752, -29.77725 ], [ -61.804678, -29.78104 ], [ -61.802232, -29.779274 ], [ -61.802469, -29.783686 ], [ -61.808762, -29.784026 ], [ -61.808669, -29.779728 ], [ -61.906984, -29.77852 ], [ -61.942135, -29.740638 ], [ -61.927919, -29.662081 ], [ -61.991463, -29.661564 ], [ -61.965762, -29.51232 ], [ -61.888674, -29.511688 ], [ -61.892385, -29.467844 ], [ -61.803008, -29.467943 ], [ -61.801652, -29.603569 ] ] ] ] } },
{ "type": "Feature", "properties": { "fid": 53, "DISTRITO": "0109", "NOMBRE1": "Juan de Garay", "riesgo_median": 2.0, "riesgo_ponderado": 1.9787523506043547, "pct_n4_n5": 0.0, "riesgo_alto_clase": 1, "ha": 29762.19, "b12_ha": 29245.68, "n3_ha": 523.26, "n4_ha": 0.0, "n5_ha": 0.0 }, "geometry": { "type": "MultiPolygon", "coordinates": [ [ [ [ -61.646526, -29.701511 ], [ -61.802105, -29.700683 ], [ -61.801674, -29.609965 ], [ -61.713247, -29.60731 ], [ -61.713175, -29.603053 ], [ -61.578314, -29.604252 ], [ -61.578515, -29.61718 ], [ -61.559115, -29.617407 ], [ -61.559222, -29.701855 ], [ -61.532139, -29.70196 ], [ -61.532483, -29.751321 ], [ -61.609573, -29.75096 ], [ -61.646526, -29.701511 ] ] ] ] } },
{ "type": "Feature", "properties": { "fid": 54, "DISTRITO": "0107", "NOMBRE1": "Esteban Rams", "riesgo_median": 2.0, "riesgo_ponderado": 2.0225106416567677, "pct_n4_n5": 0.0, "riesgo_alto_clase": 1, "ha": 93411.02, "b12_ha": 89808.93, "n3_ha": 3686.85, "n4_ha": 0.0, "n5_ha": 0.0 }, "geometry": { "type": "MultiPolygon", "coordinates": [ [ [ [ -61.802105, -29.700683 ], [ -61.646526, -29.701511 ], [ -61.609573, -29.75096 ], [ -61.532483, -29.751321 ], [ -61.532139, -29.70196 ], [ -61.559222, -29.701855 ], [ -61.559115, -29.617407 ], [ -61.533737, -29.617504 ], [ -61.533736, -29.615705 ], [ -61.443475, -29.615771 ], [ -61.444517, -29.432068 ], [ -61.443515, -29.432584 ], [ -61.441783, -29.431209 ], [ -61.44056, -29.432684 ], [ -61.440281, -29.434991 ], [ -61.443882, -29.440682 ], [ -61.443149, -29.441837 ], [ -61.43955, -29.442733 ], [ -61.437883, -29.442554 ], [ -61.438548, -29.439023 ], [ -61.437803, -29.435581 ], [ -61.432883, -29.435197 ], [ -61.429667, -29.435931 ], [ -61.426408, -29.435367 ], [ -61.42519, -29.4363 ], [ -61.425459, -29.438396 ], [ -61.427701, -29.438876 ], [ -61.430929, -29.441135 ], [ -61.435464, -29.440592 ], [ -61.436232, -29.441351 ], [ -61.433838, -29.443854 ], [ -61.430419, -29.443428 ], [ -61.427608, -29.444353 ], [ -61.429461, -29.447068 ], [ -61.429983, -29.452148 ], [ -61.432196, -29.454635 ], [ -61.431725, -29.45535 ], [ -61.42954, -29.454648 ], [ -61.428876, -29.451886 ], [ -61.425287, -29.447875 ], [ -61.4244, -29.448026 ], [ -61.423535, -29.450245 ], [ -61.420164, -29.449828 ], [ -61.420944, -29.451429 ], [ -61.424174, -29.452983 ], [ -61.427276, -29.459072 ], [ -61.425362, -29.46311 ], [ -61.422999, -29.461779 ], [ -61.418081, -29.452996 ], [ -61.416861, -29.453429 ], [ -61.415818, -29.45709 ], [ -61.412434, -29.456579 ], [ -61.412415, -29.458278 ], [ -61.411774, -29.458535 ], [ -61.409071, -29.45424 ], [ -61.407404, -29.454542 ], [ -61.407026, -29.45584 ], [ -61.406254, -29.455648 ], [ -61.405515, -29.452595 ], [ -61.403833, -29.450935 ], [ -61.402347, -29.451655 ], [ -61.400308, -29.455022 ], [ -61.40209, -29.457054 ], [ -61.40193, -29.459333 ], [ -61.400396, -29.461863 ], [ -61.399981, -29.46576 ], [ -61.396279, -29.464074 ], [ -61.396712, -29.458373 ], [ -61.395531, -29.457286 ], [ -61.390806, -29.46066 ], [ -61.391438, -29.462078 ], [ -61.3939, -29.463241 ], [ -61.393577, -29.465101 ], [ -61.392164, -29.466357 ], [ -61.387316, -29.462558 ], [ -61.380963, -29.462519 ], [ -61.381577, -29.460419 ], [ -61.380936, -29.459679 ], [ -61.37942, -29.459979 ], [ -61.376978, -29.46337 ], [ -61.374478, -29.462049 ], [ -61.372167, -29.462079 ], [ -61.369781, -29.462903 ], [ -61.368075, -29.464782 ], [ -61.363849, -29.46604 ], [ -61.363678, -29.463623 ], [ -61.362855, -29.462758 ], [ -61.357842, -29.463601 ], [ -61.355409, -29.463215 ], [ -61.349915, -29.459526 ], [ -61.347621, -29.462358 ], [ -61.347606, -29.464095 ], [ -61.35105, -29.467177 ], [ -61.350738, -29.467791 ], [ -61.345755, -29.467028 ], [ -61.343265, -29.464597 ], [ -61.342231, -29.462266 ], [ -61.339986, -29.461239 ], [ -61.338176, -29.462956 ], [ -61.334945, -29.46881 ], [ -61.333446, -29.467578 ], [ -61.332094, -29.467674 ], [ -61.331856, -29.470005 ], [ -61.330908, -29.470943 ], [ -61.32831, -29.4713 ], [ -61.325533, -29.468517 ], [ -61.324008, -29.468094 ], [ -61.322828, -29.46906 ], [ -61.323862, -29.471397 ], [ -61.323487, -29.472234 ], [ -61.321494, -29.472159 ], [ -61.319171, -29.469128 ], [ -61.318156, -29.468794 ], [ -61.316515, -29.469498 ], [ -61.315877, -29.473003 ], [ -61.315042, -29.47366 ], [ -61.312868, -29.473084 ], [ -61.306287, -29.47362 ], [ -61.306149, -29.475377 ], [ -61.307943, -29.476899 ], [ -61.310051, -29.475733 ], [ -61.313664, -29.475061 ], [ -61.31795, -29.476966 ], [ -61.316773, -29.47874 ], [ -61.316743, -29.480916 ], [ -61.311626, -29.481094 ], [ -61.311377, -29.478691 ], [ -61.309427, -29.478621 ], [ -61.307765, -29.480546 ], [ -61.305869, -29.485859 ], [ -61.303927, -29.488614 ], [ -61.30422, -29.489921 ], [ -61.306, -29.491482 ], [ -61.303265, -29.492232 ], [ -61.303316, -29.493937 ], [ -61.308807, -29.504009 ], [ -61.303893, -29.504197 ], [ -61.300687, -29.500379 ], [ -61.299655, -29.500994 ], [ -61.29991, -29.504446 ], [ -61.295526, -29.503452 ], [ -61.295177, -29.508036 ], [ -61.292641, -29.507641 ], [ -61.291772, -29.508826 ], [ -61.293572, -29.511666 ], [ -61.298626, -29.514425 ], [ -61.298746, -29.51527 ], [ -61.297341, -29.516861 ], [ -61.294256, -29.517381 ], [ -61.293409, -29.518312 ], [ -61.291021, -29.517534 ], [ -61.288233, -29.517936 ], [ -61.287825, -29.519652 ], [ -61.290724, -29.521647 ], [ -61.287635, -29.524132 ], [ -61.28511, -29.523559 ], [ -61.284179, -29.521214 ], [ -61.286267, -29.516657 ], [ -61.285139, -29.516025 ], [ -61.282399, -29.516389 ], [ -61.353, -29.839388 ], [ -61.355765, -29.838676 ], [ -61.35773, -29.839571 ], [ -61.360814, -29.838666 ], [ -61.363816, -29.83876 ], [ -61.368547, -29.836383 ], [ -61.37391, -29.835952 ], [ -61.376906, -29.83434 ], [ -61.391065, -29.83274 ], [ -61.495851, -29.81551 ], [ -61.629356, -29.79236 ], [ -61.747208, -29.775365 ], [ -61.74896, -29.783483 ], [ -61.802363, -29.783594 ], [ -61.802232, -29.779274 ], [ -61.804678, -29.78104 ], [ -61.802752, -29.77725 ], [ -61.802105, -29.700683 ] ] ] ] } },
{ "type": "Feature", "properties": { "fid": 55, "DISTRITO": "0702", "NOMBRE1": "Hersilia", "riesgo_median": 2.0, "riesgo_ponderado": 2.0448197979047436, "pct_n4_n5": 0.024915449642780269, "riesgo_alto_clase": 2, "ha": 61024.95, "b12_ha": 56550.87, "n3_ha": 4480.38, "n4_ha": 15.21, "n5_ha": 0.0 }, "geometry": { "type": "MultiPolygon", "coordinates": [ [ [ [ -61.851687, -30.088719 ], [ -61.929329, -30.075188 ], [ -61.93474, -30.098058 ], [ -62.065935, -30.097955 ], [ -62.059043, -30.058502 ], [ -62.053413, -30.019582 ], [ -62.017058, -30.019662 ], [ -61.961535, -29.979488 ], [ -61.919802, -29.950302 ], [ -61.912392, -29.952254 ], [ -61.911732, -29.949423 ], [ -61.903861, -29.950902 ], [ -61.900659, -29.939981 ], [ -61.890765, -29.942123 ], [ -61.885367, -29.947896 ], [ -61.85204, -29.936123 ], [ -61.775152, -29.906894 ], [ -61.747208, -29.775365 ], [ -61.668154, -29.786432 ], [ -61.697947, -29.926459 ], [ -61.648258, -29.93449 ], [ -61.66632, -30.017384 ], [ -61.678699, -30.021144 ], [ -61.719839, -30.021127 ], [ -61.746632, -30.013516 ], [ -61.754814, -30.035513 ], [ -61.761102, -30.033956 ], [ -61.765943, -30.056268 ], [ -61.821495, -30.044194 ], [ -61.851687, -30.088719 ] ] ] ] } },
{ "type": "Feature", "properties": { "fid": 56, "DISTRITO": "0701", "NOMBRE1": "Ceres", "riesgo_median": 2.0, "riesgo_ponderado": 2.0854013118880781, "pct_n4_n5": 0.031465950211184937, "riesgo_alto_clase": 2, "ha": 59498.73, "b12_ha": 53213.94, "n3_ha": 6260.22, "n4_ha": 18.72, "n5_ha": 0.0 }, "geometry": { "type": "MultiPolygon", "coordinates": [ [ [ [ -61.808762, -29.784026 ], [ -61.74896, -29.783483 ], [ -61.775152, -29.906894 ], [ -61.85204, -29.936123 ], [ -61.885367, -29.947896 ], [ -61.890765, -29.942123 ], [ -61.900659, -29.939981 ], [ -61.903861, -29.950902 ], [ -61.911732, -29.949423 ], [ -61.912392, -29.952254 ], [ -61.919802, -29.950302 ], [ -61.961535, -29.979488 ], [ -62.017058, -30.019662 ], [ -62.053413, -30.019582 ], [ -62.051288, -30.011646 ], [ -62.039844, -29.947524 ], [ -62.036064, -29.91923 ], [ -62.027675, -29.872981 ], [ -62.029221, -29.87303 ], [ -62.023833, -29.836878 ], [ -62.016291, -29.807258 ], [ -61.991463, -29.661564 ], [ -61.927919, -29.662081 ], [ -61.942135, -29.740638 ], [ -61.906984, -29.77852 ], [ -61.808669, -29.779728 ], [ -61.808762, -29.784026 ] ] ] ] } },
{ "type": "Feature", "properties": { "fid": 57, "DISTRITO": "0719", "NOMBRE1": "Nanducita", "riesgo_median": 2.0, "riesgo_ponderado": 2.0295468839158159, "pct_n4_n5": 0.0, "riesgo_alto_clase": 1, "ha": 21603.99, "b12_ha": 19876.86, "n3_ha": 1731.51, "n4_ha": 0.0, "n5_ha": 0.0 }, "geometry": { "type": "MultiPolygon", "coordinates": [ [ [ [ -61.043393, -30.274683 ], [ -61.041849, -30.27373 ], [ -61.060269, -30.364062 ], [ -61.086054, -30.361666 ], [ -61.108371, -30.457418 ], [ -61.112559, -30.458391 ], [ -61.115139, -30.457302 ], [ -61.115251, -30.455948 ], [ -61.11631, -30.455272 ], [ -61.119767, -30.456075 ], [ -61.123926, -30.454547 ], [ -61.123616, -30.453273 ], [ -61.128403, -30.445878 ], [ -61.128076, -30.445149 ], [ -61.131044, -30.442254 ], [ -61.131942, -30.439512 ], [ -61.134053, -30.439285 ], [ -61.139049, -30.432712 ], [ -61.146739, -30.471104 ], [ -61.199325, -30.462036 ], [ -61.229368, -30.339633 ], [ -61.143616, -30.353714 ], [ -61.122833, -30.263425 ], [ -61.043393, -30.274683 ] ] ] ] } },
{ "type": "Feature", "properties": { "fid": 58, "DISTRITO": "0732", "NOMBRE1": "La Cabral", "riesgo_median": 2.0, "riesgo_ponderado": 1.974743885906973, "pct_n4_n5": 0.0, "riesgo_alto_clase": 1, "ha": 34290.44, "b12_ha": 32985.54, "n3_ha": 1338.03, "n4_ha": 0.0, "n5_ha": 0.0 }, "geometry": { "type": "MultiPolygon", "coordinates": [ [ [ [ -61.357372, -30.174872 ], [ -61.359087, -30.053154 ], [ -61.318797, -30.057795 ], [ -61.274988, -30.061131 ], [ -61.26963, -30.060769 ], [ -61.26965, -30.05877 ], [ -61.186276, -30.057857 ], [ -61.185842, -30.058542 ], [ -61.137422, -30.05894 ], [ -61.137155, -30.037423 ], [ -61.084619, -30.03823 ], [ -61.084405, -30.018517 ], [ -60.987968, -30.032303 ], [ -60.988443, -30.034118 ], [ -60.987504, -30.035401 ], [ -60.993264, -30.039633 ], [ -60.993442, -30.042687 ], [ -60.99222, -30.043995 ], [ -60.992331, -30.045544 ], [ -60.994148, -30.046641 ], [ -60.994587, -30.049756 ], [ -60.993337, -30.050926 ], [ -60.99314, -30.052352 ], [ -60.994393, -30.053559 ], [ -61.000342, -30.055834 ], [ -61.004995, -30.059079 ], [ -61.005434, -30.064029 ], [ -61.001559, -30.065464 ], [ -61.001539, -30.069352 ], [ -60.999348, -30.069962 ], [ -61.001244, -30.072883 ], [ -61.000418, -30.074854 ], [ -61.00185, -30.076996 ], [ -60.997749, -30.08423 ], [ -60.997355, -30.086231 ], [ -60.993267, -30.08971 ], [ -60.992778, -30.092308 ], [ -60.990261, -30.092234 ], [ -60.984833, -30.097168 ], [ -60.985118, -30.098491 ], [ -60.989826, -30.102738 ], [ -61.085164, -30.088429 ], [ -61.085471, -30.096427 ], [ -61.086536, -30.097563 ], [ -61.088611, -30.098043 ], [ -61.175112, -30.095374 ], [ -61.174761, -30.174925 ], [ -61.262942, -30.174051 ], [ -61.357372, -30.174872 ] ] ] ] } },
{ "type": "Feature", "properties": { "fid": 59, "DISTRITO": "0706", "NOMBRE1": "Aguara", "riesgo_median": 2.0, "riesgo_ponderado": 1.9218050387759842, "pct_n4_n5": 0.0035836686705347318, "riesgo_alto_clase": 2, "ha": 130560.75, "b12_ha": 125035.11, "n3_ha": 5552.64, "n4_ha": 4.68, "n5_ha": 0.0 }, "geometry": { "type": "MultiPolygon", "coordinates": [ [ [ [ -60.988443, -30.034118 ], [ -60.987988, -30.02793 ], [ -60.984439, -30.027682 ], [ -60.982347, -30.026319 ], [ -60.976045, -30.015733 ], [ -60.975935, -30.013473 ], [ -60.976929, -30.012494 ], [ -60.974958, -30.009637 ], [ -60.973575, -30.009111 ], [ -60.973645, -30.006322 ], [ -60.977522, -30.001764 ], [ -60.975186, -29.999433 ], [ -60.974763, -29.992922 ], [ -60.976182, -29.990319 ], [ -60.981306, -29.989153 ], [ -60.985082, -29.986805 ], [ -60.981852, -29.985386 ], [ -60.981136, -29.982323 ], [ -60.982462, -29.981452 ], [ -60.981811, -29.98041 ], [ -60.982779, -29.979105 ], [ -60.980185, -29.97726 ], [ -60.981034, -29.976172 ], [ -60.983644, -29.975712 ], [ -60.983717, -29.97516 ], [ -60.982568, -29.974177 ], [ -60.98293, -29.971703 ], [ -60.982135, -29.970203 ], [ -60.983085, -29.967268 ], [ -60.981688, -29.967254 ], [ -60.981169, -29.96594 ], [ -60.983157, -29.964919 ], [ -60.982055, -29.962455 ], [ -60.985431, -29.959667 ], [ -60.986676, -29.957171 ], [ -60.986894, -29.953563 ], [ -60.989028, -29.953827 ], [ -60.992934, -29.950584 ], [ -60.995636, -29.950833 ], [ -60.996203, -29.949311 ], [ -60.994934, -29.949143 ], [ -60.995434, -29.94844 ], [ -60.997729, -29.947112 ], [ -60.997775, -29.946067 ], [ -61.000883, -29.944734 ], [ -61.001239, -29.943454 ], [ -61.000165, -29.94135 ], [ -60.998848, -29.941096 ], [ -60.999409, -29.937675 ], [ -60.99747, -29.935417 ], [ -60.997351, -29.93288 ], [ -60.996021, -29.930903 ], [ -60.99728, -29.930608 ], [ -60.998309, -29.931818 ], [ -61.000945, -29.93205 ], [ -61.002438, -29.930088 ], [ -61.000964, -29.928027 ], [ -61.001057, -29.925822 ], [ -61.002912, -29.924635 ], [ -61.005795, -29.924698 ], [ -61.005087, -29.92311 ], [ -61.005245, -29.922102 ], [ -61.006408, -29.921531 ], [ -61.005704, -29.920308 ], [ -61.006178, -29.919976 ], [ -61.003527, -29.91602 ], [ -61.005183, -29.914057 ], [ -61.005495, -29.908057 ], [ -61.007991, -29.905076 ], [ -61.007195, -29.900858 ], [ -61.005012, -29.898917 ], [ -61.001491, -29.89733 ], [ -61.001051, -29.896179 ], [ -61.007778, -29.888202 ], [ -61.006264, -29.884697 ], [ -61.006234, -29.882527 ], [ -61.011505, -29.874284 ], [ -61.012001, -29.872912 ], [ -61.010402, -29.869015 ], [ -61.014012, -29.86228 ], [ -60.988162, -29.861915 ], [ -60.989748, -29.804256 ], [ -60.933533, -29.803553 ], [ -60.900189, -29.804052 ], [ -60.900404, -29.740836 ], [ -60.901847, -29.683826 ], [ -60.900364, -29.68658 ], [ -60.891738, -29.687713 ], [ -60.890025, -29.690016 ], [ -60.885785, -29.692393 ], [ -60.882043, -29.690664 ], [ -60.878016, -29.696986 ], [ -60.877757, -29.700842 ], [ -60.871112, -29.700603 ], [ -60.868049, -29.702434 ], [ -60.867283, -29.700034 ], [ -60.865752, -29.699111 ], [ -60.864065, -29.700848 ], [ -60.864063, -29.704328 ], [ -60.862252, -29.705712 ], [ -60.859287, -29.703934 ], [ -60.859237, -29.70177 ], [ -60.858011, -29.701085 ], [ -60.856758, -29.701369 ], [ -60.854038, -29.70405 ], [ -60.849397, -29.705126 ], [ -60.84779, -29.704769 ], [ -60.844849, -29.701873 ], [ -60.84267, -29.70292 ], [ -60.843324, -29.705589 ], [ -60.846342, -29.70997 ], [ -60.845118, -29.710826 ], [ -60.840619, -29.710607 ], [ -60.839944, -29.712203 ], [ -60.844154, -29.717623 ], [ -60.84519, -29.721308 ], [ -60.838211, -29.722074 ], [ -60.835538, -29.728089 ], [ -60.831282, -29.728922 ], [ -60.833704, -29.73465 ], [ -60.830405, -29.735103 ], [ -60.826174, -29.737081 ], [ -60.827496, -29.744061 ], [ -60.831788, -29.747536 ], [ -60.835296, -29.749044 ], [ -60.830752, -29.752334 ], [ -60.826545, -29.751426 ], [ -60.825593, -29.75197 ], [ -60.825428, -29.753612 ], [ -60.827573, -29.75908 ], [ -60.82706, -29.761715 ], [ -60.82526, -29.761782 ], [ -60.822648, -29.759549 ], [ -60.82099, -29.759079 ], [ -60.817324, -29.761782 ], [ -60.818207, -29.765674 ], [ -60.815418, -29.765719 ], [ -60.812848, -29.764717 ], [ -60.811916, -29.763732 ], [ -60.812094, -29.759615 ], [ -60.813661, -29.754908 ], [ -60.810488, -29.753428 ], [ -60.807518, -29.756078 ], [ -60.805214, -29.75589 ], [ -60.804843, -29.755129 ], [ -60.806842, -29.751651 ], [ -60.804833, -29.750828 ], [ -60.801745, -29.751823 ], [ -60.800927, -29.750965 ], [ -60.801821, -29.749177 ], [ -60.803917, -29.747778 ], [ -60.80308, -29.746482 ], [ -60.801131, -29.746041 ], [ -60.796399, -29.746777 ], [ -60.795847, -29.747636 ], [ -60.796796, -29.75087 ], [ -60.795301, -29.751887 ], [ -60.791443, -29.750912 ], [ -60.786002, -29.751652 ], [ -60.785589, -29.750749 ], [ -60.786588, -29.747801 ], [ -60.784993, -29.747089 ], [ -60.77927, -29.749132 ], [ -60.777417, -29.752693 ], [ -60.775528, -29.749451 ], [ -60.777261, -29.745069 ], [ -60.773566, -29.745218 ], [ -60.771725, -29.746148 ], [ -60.771496, -29.754284 ], [ -60.770175, -29.755409 ], [ -60.764534, -29.754445 ], [ -60.762724, -29.762836 ], [ -60.763282, -29.76371 ], [ -60.768294, -29.7639 ], [ -60.769915, -29.767003 ], [ -60.769124, -29.768578 ], [ -60.769711, -29.773271 ], [ -60.768227, -29.774249 ], [ -60.764962, -29.77987 ], [ -60.763345, -29.781057 ], [ -60.764348, -29.782352 ], [ -60.766689, -29.783032 ], [ -60.767971, -29.784255 ], [ -60.766532, -29.790142 ], [ -60.76485, -29.791799 ], [ -60.763019, -29.792022 ], [ -60.76114, -29.791319 ], [ -60.760098, -29.791798 ], [ -60.756951, -29.796117 ], [ -60.757184, -29.800105 ], [ -60.754147, -29.802306 ], [ -60.752855, -29.805192 ], [ -60.750797, -29.805487 ], [ -60.748621, -29.804063 ], [ -60.744484, -29.807256 ], [ -60.744352, -29.809095 ], [ -60.742336, -29.812884 ], [ -60.74021, -29.814918 ], [ -60.741444, -29.817302 ], [ -60.739984, -29.819531 ], [ -60.739917, -29.821413 ], [ -60.737574, -29.824892 ], [ -60.73511, -29.825118 ], [ -60.73596, -29.82824 ], [ -60.733829, -29.829638 ], [ -60.733277, -29.834473 ], [ -60.73007, -29.836464 ], [ -60.728031, -29.84166 ], [ -60.728355, -29.843851 ], [ -60.726606, -29.844214 ], [ -60.725617, -29.842112 ], [ -60.724349, -29.841878 ], [ -60.723607, -29.84242 ], [ -60.723813, -29.843975 ], [ -60.718847, -29.846124 ], [ -60.720632, -29.848448 ], [ -60.719589, -29.850102 ], [ -60.721142, -29.851632 ], [ -60.717453, -29.854557 ], [ -60.716662, -29.858614 ], [ -60.718051, -29.859993 ], [ -60.721781, -29.860744 ], [ -60.722494, -29.861667 ], [ -60.721737, -29.862456 ], [ -60.719319, -29.862837 ], [ -60.715877, -29.861512 ], [ -60.714682, -29.862332 ], [ -60.715311, -29.863983 ], [ -60.719385, -29.86638 ], [ -60.719181, -29.867329 ], [ -60.717296, -29.868662 ], [ -60.713289, -29.86671 ], [ -60.710916, -29.861637 ], [ -60.708798, -29.861599 ], [ -60.706913, -29.863682 ], [ -60.707585, -29.869153 ], [ -60.703879, -29.87179 ], [ -60.705277, -29.87452 ], [ -60.705192, -29.876253 ], [ -60.703723, -29.876268 ], [ -60.700391, -29.874425 ], [ -60.699277, -29.875308 ], [ -60.699314, -29.877084 ], [ -60.701749, -29.87949 ], [ -60.702179, -29.882271 ], [ -60.698098, -29.885102 ], [ -60.698272, -29.886841 ], [ -60.701102, -29.887533 ], [ -60.704165, -29.886866 ], [ -60.707454, -29.888278 ], [ -60.709598, -29.886158 ], [ -60.711748, -29.887094 ], [ -60.711143, -29.893322 ], [ -60.708348, -29.893054 ], [ -60.707351, -29.894389 ], [ -60.709604, -29.896075 ], [ -60.713246, -29.896791 ], [ -60.714079, -29.899813 ], [ -60.71509, -29.900487 ], [ -60.717845, -29.899708 ], [ -60.71923, -29.90045 ], [ -60.718915, -29.901824 ], [ -60.713737, -29.904215 ], [ -60.713703, -29.906365 ], [ -60.715434, -29.907707 ], [ -60.719821, -29.909204 ], [ -60.720133, -29.91196 ], [ -60.721947, -29.913605 ], [ -60.722253, -29.915528 ], [ -60.721084, -29.917713 ], [ -60.715312, -29.919045 ], [ -60.714718, -29.919926 ], [ -60.717843, -29.925546 ], [ -60.715668, -29.927963 ], [ -60.714047, -29.926019 ], [ -60.71205, -29.926214 ], [ -60.711815, -29.927389 ], [ -60.713818, -29.930462 ], [ -60.713706, -29.932882 ], [ -60.711965, -29.937022 ], [ -60.710608, -29.938133 ], [ -60.706546, -29.937787 ], [ -60.707135, -29.940825 ], [ -60.704748, -29.940909 ], [ -60.704124, -29.939823 ], [ -60.702353, -29.93979 ], [ -60.702201, -29.941332 ], [ -60.704315, -29.944002 ], [ -60.703913, -29.94452 ], [ -60.70224, -29.944579 ], [ -60.700185, -29.943373 ], [ -60.697633, -29.945325 ], [ -60.697855, -29.94695 ], [ -60.699231, -29.948612 ], [ -60.704049, -29.950029 ], [ -60.703074, -29.952319 ], [ -60.704776, -29.95637 ], [ -60.693758, -29.9598 ], [ -60.693218, -29.961556 ], [ -60.694627, -29.963247 ], [ -60.69508, -29.967629 ], [ -60.697203, -29.972081 ], [ -60.703809, -29.972336 ], [ -60.706486, -29.974048 ], [ -60.709259, -29.973297 ], [ -60.710389, -29.97455 ], [ -60.713694, -29.97316 ], [ -60.717093, -29.975957 ], [ -60.722252, -29.977144 ], [ -60.724428, -29.980374 ], [ -60.726321, -29.981411 ], [ -60.7255, -29.982476 ], [ -60.724183, -29.982427 ], [ -60.721421, -29.980235 ], [ -60.719991, -29.980172 ], [ -60.718074, -29.984823 ], [ -60.721091, -29.986235 ], [ -60.721218, -29.988144 ], [ -60.720653, -29.990934 ], [ -60.716919, -29.997005 ], [ -60.719247, -30.007009 ], [ -60.718075, -30.009039 ], [ -60.719759, -30.01263 ], [ -60.721737, -30.014196 ], [ -60.723427, -30.014123 ], [ -60.72397, -30.011793 ], [ -60.725468, -30.012039 ], [ -60.722911, -30.020301 ], [ -60.726653, -30.02301 ], [ -60.727328, -30.024138 ], [ -60.726331, -30.025728 ], [ -60.72933, -30.028965 ], [ -60.731055, -30.029238 ], [ -60.731746, -30.028188 ], [ -60.729665, -30.023616 ], [ -60.732909, -30.020458 ], [ -60.735995, -30.020058 ], [ -60.738625, -30.022944 ], [ -60.738862, -30.024286 ], [ -60.736518, -30.026025 ], [ -60.738471, -30.02856 ], [ -60.738734, -30.031155 ], [ -60.737831, -30.032051 ], [ -60.737544, -30.035066 ], [ -60.735854, -30.036192 ], [ -60.735596, -30.037609 ], [ -60.740822, -30.040748 ], [ -60.739545, -30.041759 ], [ -60.739316, -30.043798 ], [ -60.73698, -30.044462 ], [ -60.736482, -30.045299 ], [ -60.736826, -30.047928 ], [ -60.741381, -30.048157 ], [ -60.742071, -30.049059 ], [ -60.741173, -30.050733 ], [ -60.741636, -30.051834 ], [ -60.746466, -30.051891 ], [ -60.74707, -30.05442 ], [ -60.75155, -30.05757 ], [ -60.746416, -30.061475 ], [ -60.747865, -30.066064 ], [ -60.747044, -30.069379 ], [ -60.744557, -30.071628 ], [ -60.751949, -30.079239 ], [ -60.751604, -30.080882 ], [ -60.748966, -30.082708 ], [ -60.74741, -30.085645 ], [ -60.750099, -30.090594 ], [ -60.748867, -30.091139 ], [ -60.741621, -30.088026 ], [ -60.739203, -30.088789 ], [ -60.738074, -30.094425 ], [ -60.738647, -30.094889 ], [ -60.740105, -30.094131 ], [ -60.740796, -30.095131 ], [ -60.735812, -30.098795 ], [ -60.734775, -30.103723 ], [ -60.730903, -30.10586 ], [ -60.729062, -30.107794 ], [ -60.729182, -30.115304 ], [ -60.725489, -30.119774 ], [ -60.726962, -30.122029 ], [ -60.726538, -30.123092 ], [ -60.718755, -30.12914 ], [ -60.705551, -30.135574 ], [ -60.704784, -30.136525 ], [ -60.705634, -30.138162 ], [ -60.705167, -30.140053 ], [ -60.701999, -30.141424 ], [ -60.701266, -30.142446 ], [ -60.701493, -30.143478 ], [ -60.705214, -30.146089 ], [ -60.705507, -30.148294 ], [ -60.704314, -30.154468 ], [ -60.709384, -30.157836 ], [ -60.710176, -30.159387 ], [ -60.71312, -30.161281 ], [ -60.716571, -30.165241 ], [ -60.718295, -30.169475 ], [ -60.718414, -30.172473 ], [ -60.720054, -30.174077 ], [ -60.72128, -30.177055 ], [ -60.721218, -30.179672 ], [ -60.723803, -30.181355 ], [ -60.723253, -30.186366 ], [ -60.720367, -30.188079 ], [ -60.719829, -30.190204 ], [ -60.722688, -30.19364 ], [ -60.724153, -30.193575 ], [ -60.726671, -30.190562 ], [ -60.727954, -30.192338 ], [ -60.732887, -30.194404 ], [ -60.734036, -30.195642 ], [ -60.734179, -30.19731 ], [ -60.732046, -30.199529 ], [ -60.726818, -30.199502 ], [ -60.725485, -30.202091 ], [ -60.720281, -30.206405 ], [ -60.717808, -30.212417 ], [ -60.717282, -30.216154 ], [ -60.71556, -30.216764 ], [ -60.714714, -30.219202 ], [ -60.711505, -30.221384 ], [ -60.714705, -30.224761 ], [ -60.718363, -30.226043 ], [ -60.717915, -30.231534 ], [ -60.71949, -30.23302 ], [ -60.756608, -30.238176 ], [ -60.77683, -30.237487 ], [ -60.803093, -30.234436 ], [ -60.840336, -30.231599 ], [ -60.865929, -30.22854 ], [ -60.880186, -30.222949 ], [ -60.891865, -30.206638 ], [ -60.899491, -30.203941 ], [ -60.918385, -30.198967 ], [ -60.925742, -30.197233 ], [ -60.933208, -30.19726 ], [ -60.943947, -30.194226 ], [ -60.955873, -30.18845 ], [ -60.968094, -30.187123 ], [ -60.971697, -30.18333 ], [ -60.97638, -30.181652 ], [ -60.984238, -30.166439 ], [ -60.987782, -30.161444 ], [ -60.988602, -30.158144 ], [ -60.987934, -30.151223 ], [ -60.989616, -30.148059 ], [ -60.986183, -30.145183 ], [ -60.98903, -30.142487 ], [ -60.991692, -30.138205 ], [ -60.990659, -30.135682 ], [ -60.991257, -30.130334 ], [ -60.987829, -30.126738 ], [ -60.988358, -30.124431 ], [ -60.99162, -30.122168 ], [ -60.985008, -30.118367 ], [ -60.984061, -30.117433 ], [ -60.983717, -30.114892 ], [ -60.985724, -30.112082 ], [ -60.995032, -30.11137 ], [ -60.995179, -30.109265 ], [ -60.992406, -30.105444 ], [ -60.985118, -30.098491 ], [ -60.984833, -30.097168 ], [ -60.990261, -30.092234 ], [ -60.992778, -30.092308 ], [ -60.993267, -30.08971 ], [ -60.997355, -30.086231 ], [ -60.997749, -30.08423 ], [ -61.00185, -30.076996 ], [ -61.000418, -30.074854 ], [ -61.001244, -30.072883 ], [ -60.999348, -30.069962 ], [ -61.001539, -30.069352 ], [ -61.001559, -30.065464 ], [ -61.005434, -30.064029 ], [ -61.004995, -30.059079 ], [ -61.000342, -30.055834 ], [ -60.994393, -30.053559 ], [ -60.99314, -30.052352 ], [ -60.993337, -30.050926 ], [ -60.994587, -30.049756 ], [ -60.994148, -30.046641 ], [ -60.992331, -30.045544 ], [ -60.99222, -30.043995 ], [ -60.993442, -30.042687 ], [ -60.993264, -30.039633 ], [ -60.991078, -30.037681 ], [ -60.988413, -30.036598 ], [ -60.987504, -30.035401 ], [ -60.988443, -30.034118 ] ] ] ] } },
{ "type": "Feature", "properties": { "fid": 60, "DISTRITO": "0708", "NOMBRE1": "San Cristobal", "riesgo_median": 2.0, "riesgo_ponderado": 1.9447424144445713, "pct_n4_n5": 0.025042159585124322, "riesgo_alto_clase": 2, "ha": 56789.48, "b12_ha": 54164.16, "n3_ha": 2605.86, "n4_ha": 14.22, "n5_ha": 0.0 }, "geometry": { "type": "MultiPolygon", "coordinates": [ [ [ [ -61.292465, -30.375483 ], [ -61.254023, -30.198715 ], [ -61.126851, -30.219708 ], [ -61.100511, -30.097589 ], [ -61.088611, -30.098043 ], [ -61.086536, -30.097563 ], [ -61.08524, -30.095321 ], [ -61.085164, -30.088429 ], [ -60.989826, -30.102738 ], [ -60.995179, -30.109265 ], [ -60.995032, -30.11137 ], [ -60.985724, -30.112082 ], [ -60.983717, -30.114892 ], [ -60.984061, -30.117433 ], [ -60.985008, -30.118367 ], [ -60.99162, -30.122168 ], [ -60.988358, -30.124431 ], [ -60.987829, -30.126738 ], [ -60.991257, -30.130334 ], [ -60.990659, -30.135682 ], [ -60.991692, -30.138205 ], [ -60.98903, -30.142487 ], [ -60.986183, -30.145183 ], [ -60.989616, -30.148059 ], [ -60.987934, -30.151223 ], [ -60.988468, -30.159275 ], [ -60.97638, -30.181652 ], [ -60.971697, -30.18333 ], [ -60.968094, -30.187123 ], [ -60.955873, -30.18845 ], [ -60.943947, -30.194226 ], [ -60.933208, -30.19726 ], [ -60.925742, -30.197233 ], [ -60.899491, -30.203941 ], [ -60.891865, -30.206638 ], [ -60.888263, -30.211635 ], [ -60.906873, -30.294507 ], [ -61.041372, -30.271331 ], [ -61.041849, -30.27373 ], [ -61.043393, -30.274683 ], [ -61.122833, -30.263425 ], [ -61.143616, -30.353714 ], [ -61.229368, -30.339633 ], [ -61.217291, -30.388178 ], [ -61.292465, -30.375483 ] ] ] ] } },
{ "type": "Feature", "properties": { "fid": 61, "DISTRITO": "0710", "NOMBRE1": "Portugalete", "riesgo_median": 2.0, "riesgo_ponderado": 1.9476548883067457, "pct_n4_n5": 0.0, "riesgo_alto_clase": 1, "ha": 43336.88, "b12_ha": 41923.8, "n3_ha": 1398.87, "n4_ha": 0.0, "n5_ha": 0.0 }, "geometry": { "type": "MultiPolygon", "coordinates": [ [ [ [ -61.422518, -30.166682 ], [ -61.391518, -30.018353 ], [ -61.35957, -30.017989 ], [ -61.357481, -30.174859 ], [ -61.24887, -30.174159 ], [ -61.292553, -30.375886 ], [ -61.462216, -30.347654 ], [ -61.422518, -30.166682 ] ] ] ] } },
{ "type": "Feature", "properties": { "fid": 62, "DISTRITO": "0602", "NOMBRE1": "La Camila", "riesgo_median": 2.0, "riesgo_ponderado": 2.1242599026252047, "pct_n4_n5": 0.004281555060798083, "riesgo_alto_clase": 2, "ha": 29456.79, "b12_ha": 24550.47, "n3_ha": 4876.83, "n4_ha": 1.26, "n5_ha": 0.0 }, "geometry": { "type": "MultiPolygon", "coordinates": [ [ [ [ -60.530692, -30.130786 ], [ -60.531493, -30.128089 ], [ -60.536445, -30.130108 ], [ -60.662164, -30.109993 ], [ -60.666084, -30.111823 ], [ -60.666388, -30.112757 ], [ -60.665893, -30.114133 ], [ -60.66301, -30.115408 ], [ -60.660796, -30.113718 ], [ -60.659987, -30.113371 ], [ -60.659544, -30.113918 ], [ -60.659777, -30.115214 ], [ -60.662706, -30.116475 ], [ -60.664043, -30.121088 ], [ -60.663421, -30.123147 ], [ -60.729005, -30.108058 ], [ -60.730903, -30.10586 ], [ -60.734775, -30.103723 ], [ -60.735812, -30.098795 ], [ -60.740796, -30.095131 ], [ -60.740105, -30.094131 ], [ -60.738647, -30.094889 ], [ -60.738074, -30.094425 ], [ -60.739203, -30.088789 ], [ -60.74071, -30.088031 ], [ -60.742599, -30.088218 ], [ -60.748867, -30.091139 ], [ -60.749825, -30.090921 ], [ -60.74996, -30.089393 ], [ -60.747698, -30.087128 ], [ -60.74741, -30.085645 ], [ -60.748966, -30.082708 ], [ -60.751604, -30.080882 ], [ -60.751949, -30.079239 ], [ -60.744557, -30.071628 ], [ -60.747044, -30.069379 ], [ -60.747865, -30.066064 ], [ -60.746416, -30.061475 ], [ -60.75155, -30.05757 ], [ -60.74707, -30.05442 ], [ -60.746466, -30.051891 ], [ -60.741636, -30.051834 ], [ -60.741173, -30.050733 ], [ -60.742071, -30.049059 ], [ -60.741381, -30.048157 ], [ -60.736826, -30.047928 ], [ -60.736482, -30.045299 ], [ -60.73698, -30.044462 ], [ -60.739316, -30.043798 ], [ -60.739545, -30.041759 ], [ -60.740822, -30.040748 ], [ -60.735596, -30.037609 ], [ -60.735854, -30.036192 ], [ -60.737544, -30.035066 ], [ -60.737831, -30.032051 ], [ -60.738734, -30.031155 ], [ -60.738471, -30.02856 ], [ -60.736518, -30.026025 ], [ -60.738862, -30.024286 ], [ -60.738625, -30.022944 ], [ -60.735995, -30.020058 ], [ -60.732909, -30.020458 ], [ -60.729665, -30.023616 ], [ -60.731746, -30.028188 ], [ -60.731055, -30.029238 ], [ -60.72933, -30.028965 ], [ -60.726331, -30.025728 ], [ -60.727328, -30.024138 ], [ -60.726653, -30.02301 ], [ -60.722911, -30.020301 ], [ -60.725468, -30.012039 ], [ -60.72397, -30.011793 ], [ -60.723427, -30.014123 ], [ -60.721737, -30.014196 ], [ -60.719759, -30.01263 ], [ -60.718075, -30.009039 ], [ -60.719247, -30.007009 ], [ -60.716919, -29.997005 ], [ -60.720653, -29.990934 ], [ -60.721218, -29.988144 ], [ -60.721091, -29.986235 ], [ -60.718074, -29.984823 ], [ -60.719991, -29.980172 ], [ -60.721421, -29.980235 ], [ -60.724183, -29.982427 ], [ -60.726469, -29.981735 ], [ -60.724428, -29.980374 ], [ -60.722252, -29.977144 ], [ -60.717093, -29.975957 ], [ -60.713694, -29.97316 ], [ -60.710389, -29.97455 ], [ -60.709259, -29.973297 ], [ -60.706486, -29.974048 ], [ -60.703809, -29.972336 ], [ -60.697203, -29.972081 ], [ -60.69508, -29.967629 ], [ -60.694627, -29.963247 ], [ -60.693084, -29.960963 ], [ -60.693758, -29.9598 ], [ -60.704776, -29.95637 ], [ -60.703074, -29.952319 ], [ -60.704049, -29.950029 ], [ -60.699231, -29.948612 ], [ -60.697855, -29.94695 ], [ -60.697633, -29.945325 ], [ -60.700185, -29.943373 ], [ -60.70224, -29.944579 ], [ -60.703913, -29.94452 ], [ -60.704315, -29.944002 ], [ -60.702201, -29.941332 ], [ -60.702353, -29.93979 ], [ -60.704124, -29.939823 ], [ -60.704748, -29.940909 ], [ -60.707135, -29.940825 ], [ -60.706546, -29.937787 ], [ -60.710852, -29.938089 ], [ -60.71227, -29.936596 ], [ -60.713818, -29.930462 ], [ -60.711815, -29.927389 ], [ -60.71205, -29.926214 ], [ -60.714047, -29.926019 ], [ -60.715668, -29.927963 ], [ -60.717843, -29.925546 ], [ -60.714718, -29.919926 ], [ -60.715312, -29.919045 ], [ -60.721084, -29.917713 ], [ -60.722148, -29.916632 ], [ -60.721947, -29.913605 ], [ -60.720133, -29.91196 ], [ -60.720356, -29.910182 ], [ -60.652242, -29.920393 ], [ -60.653338, -29.921809 ], [ -60.656113, -29.922159 ], [ -60.656766, -29.923198 ], [ -60.65239, -29.924701 ], [ -60.650325, -29.924551 ], [ -60.647867, -29.92328 ], [ -60.646757, -29.923985 ], [ -60.646958, -29.927837 ], [ -60.651163, -29.930729 ], [ -60.65235, -29.930712 ], [ -60.653153, -29.927704 ], [ -60.654426, -29.926882 ], [ -60.656386, -29.92822 ], [ -60.657698, -29.930473 ], [ -60.658448, -29.939106 ], [ -60.660458, -29.941354 ], [ -60.658534, -29.942519 ], [ -60.658588, -29.945166 ], [ -60.654889, -29.946878 ], [ -60.654583, -29.952366 ], [ -60.655685, -29.952829 ], [ -60.658115, -29.951696 ], [ -60.659934, -29.951845 ], [ -60.662522, -29.953605 ], [ -60.664165, -29.955817 ], [ -60.660974, -29.959136 ], [ -60.660638, -29.961543 ], [ -60.661419, -29.963401 ], [ -60.66001, -29.965911 ], [ -60.660571, -29.969393 ], [ -60.664043, -29.969834 ], [ -60.66238, -29.972447 ], [ -60.663567, -29.974203 ], [ -60.661155, -29.975832 ], [ -60.663364, -29.978732 ], [ -60.661156, -29.978739 ], [ -60.660611, -29.979487 ], [ -60.665389, -29.98446 ], [ -60.666159, -29.986811 ], [ -60.664929, -29.989686 ], [ -60.668111, -29.991914 ], [ -60.669281, -29.991713 ], [ -60.671642, -29.988096 ], [ -60.670792, -29.986153 ], [ -60.675362, -29.98514 ], [ -60.673966, -29.983293 ], [ -60.674311, -29.982465 ], [ -60.677243, -29.982942 ], [ -60.678301, -29.985352 ], [ -60.679841, -29.986704 ], [ -60.681142, -29.986416 ], [ -60.683038, -29.983697 ], [ -60.684986, -29.983397 ], [ -60.686741, -29.98415 ], [ -60.687392, -29.986542 ], [ -60.680866, -29.992601 ], [ -60.680982, -29.99538 ], [ -60.683038, -29.9954 ], [ -60.683228, -29.996133 ], [ -60.680921, -29.997011 ], [ -60.679947, -29.998648 ], [ -60.68126, -30.000105 ], [ -60.689149, -30.003424 ], [ -60.689977, -30.004916 ], [ -60.686072, -30.007402 ], [ -60.680828, -30.005695 ], [ -60.679689, -30.005976 ], [ -60.679558, -30.006841 ], [ -60.680285, -30.008727 ], [ -60.682251, -30.010306 ], [ -60.691167, -30.011974 ], [ -60.692913, -30.013285 ], [ -60.48486, -30.046535 ], [ -60.484507, -30.049481 ], [ -60.486539, -30.051806 ], [ -60.487464, -30.056526 ], [ -60.487015, -30.057804 ], [ -60.488139, -30.060265 ], [ -60.486681, -30.061723 ], [ -60.488105, -30.06361 ], [ -60.487505, -30.069457 ], [ -60.485973, -30.072449 ], [ -60.490061, -30.079589 ], [ -60.489811, -30.082465 ], [ -60.490962, -30.085401 ], [ -60.490122, -30.08654 ], [ -60.490726, -30.091257 ], [ -60.492499, -30.093283 ], [ -60.492628, -30.094924 ], [ -60.493844, -30.096497 ], [ -60.493659, -30.098302 ], [ -60.493056, -30.098431 ], [ -60.49417, -30.099178 ], [ -60.493453, -30.100842 ], [ -60.494062, -30.101886 ], [ -60.493414, -30.102856 ], [ -60.492688, -30.102649 ], [ -60.492555, -30.105068 ], [ -60.491642, -30.106156 ], [ -60.49312, -30.106907 ], [ -60.493489, -30.108563 ], [ -60.49655, -30.111518 ], [ -60.49952, -30.112296 ], [ -60.501615, -30.115486 ], [ -60.504391, -30.116206 ], [ -60.506069, -30.118282 ], [ -60.506041, -30.119324 ], [ -60.507038, -30.118414 ], [ -60.50782, -30.120424 ], [ -60.508298, -30.119667 ], [ -60.512925, -30.119649 ], [ -60.513308, -30.119077 ], [ -60.515202, -30.120009 ], [ -60.516164, -30.119636 ], [ -60.516899, -30.120036 ], [ -60.51621, -30.121079 ], [ -60.51903, -30.122108 ], [ -60.518649, -30.122949 ], [ -60.522681, -30.128224 ], [ -60.527766, -30.129275 ], [ -60.528234, -30.130247 ], [ -60.530471, -30.130238 ], [ -60.530692, -30.130786 ] ] ] ] } },
{ "type": "Feature", "properties": { "fid": 63, "DISTRITO": "0605", "NOMBRE1": "La Criolla", "riesgo_median": 2.0, "riesgo_ponderado": 2.0836016493366798, "pct_n4_n5": 0.014521333811401936, "riesgo_alto_clase": 2, "ha": 50215.15, "b12_ha": 43657.47, "n3_ha": 6537.24, "n4_ha": 7.29, "n5_ha": 0.0 }, "geometry": { "type": "MultiPolygon", "coordinates": [ [ [ [ -60.391178, -30.314429 ], [ -60.459016, -30.304458 ], [ -60.458738, -30.290672 ], [ -60.45548, -30.280599 ], [ -60.454927, -30.275019 ], [ -60.455376, -30.266689 ], [ -60.457093, -30.25968 ], [ -60.657591, -30.22953 ], [ -60.702305, -30.203001 ], [ -60.704375, -30.204513 ], [ -60.702336, -30.208206 ], [ -60.702628, -30.211137 ], [ -60.70446, -30.213172 ], [ -60.703834, -30.21536 ], [ -60.701862, -30.21671 ], [ -60.696416, -30.215699 ], [ -60.693819, -30.214504 ], [ -60.69195, -30.215797 ], [ -60.692365, -30.217202 ], [ -60.697328, -30.222282 ], [ -60.698951, -30.220682 ], [ -60.700684, -30.220314 ], [ -60.705348, -30.221325 ], [ -60.707948, -30.219463 ], [ -60.714875, -30.218739 ], [ -60.71556, -30.216764 ], [ -60.717282, -30.216154 ], [ -60.717808, -30.212417 ], [ -60.720281, -30.206405 ], [ -60.725485, -30.202091 ], [ -60.726818, -30.199502 ], [ -60.732046, -30.199529 ], [ -60.734179, -30.19731 ], [ -60.734036, -30.195642 ], [ -60.732887, -30.194404 ], [ -60.727954, -30.192338 ], [ -60.726671, -30.190562 ], [ -60.724153, -30.193575 ], [ -60.722688, -30.19364 ], [ -60.719829, -30.190204 ], [ -60.720367, -30.188079 ], [ -60.723253, -30.186366 ], [ -60.723803, -30.181355 ], [ -60.721218, -30.179672 ], [ -60.72128, -30.177055 ], [ -60.720054, -30.174077 ], [ -60.718414, -30.172473 ], [ -60.718295, -30.169475 ], [ -60.716571, -30.165241 ], [ -60.71312, -30.161281 ], [ -60.710176, -30.159387 ], [ -60.709384, -30.157836 ], [ -60.704314, -30.154468 ], [ -60.705507, -30.148294 ], [ -60.705214, -30.146089 ], [ -60.701493, -30.143478 ], [ -60.701266, -30.142446 ], [ -60.701999, -30.141424 ], [ -60.705167, -30.140053 ], [ -60.705634, -30.138162 ], [ -60.704784, -30.136525 ], [ -60.705551, -30.135574 ], [ -60.718755, -30.12914 ], [ -60.726538, -30.123092 ], [ -60.726962, -30.122029 ], [ -60.725489, -30.119774 ], [ -60.729182, -30.115304 ], [ -60.729005, -30.108058 ], [ -60.663421, -30.123147 ], [ -60.664043, -30.121088 ], [ -60.662706, -30.116475 ], [ -60.659777, -30.115214 ], [ -60.659544, -30.113918 ], [ -60.659987, -30.113371 ], [ -60.660796, -30.113718 ], [ -60.66301, -30.115408 ], [ -60.665893, -30.114133 ], [ -60.666388, -30.112757 ], [ -60.666084, -30.111823 ], [ -60.662164, -30.109993 ], [ -60.536445, -30.130108 ], [ -60.531493, -30.128089 ], [ -60.530976, -30.130843 ], [ -60.529687, -30.132278 ], [ -60.494532, -30.141395 ], [ -60.474208, -30.14576 ], [ -60.475041, -30.154481 ], [ -60.459864, -30.158671 ], [ -60.427718, -30.159829 ], [ -60.421086, -30.162398 ], [ -60.348637, -30.173989 ], [ -60.299084, -30.185037 ], [ -60.326785, -30.275623 ], [ -60.377044, -30.26798 ], [ -60.391178, -30.314429 ] ] ] ] } },
{ "type": "Feature", "properties": { "fid": 64, "DISTRITO": "0603", "NOMBRE1": "Vera y Pintado", "riesgo_median": 2.0, "riesgo_ponderado": 1.9918135719849306, "pct_n4_n5": 0.018121413470250678, "riesgo_alto_clase": 2, "ha": 28280.6, "b12_ha": 26182.26, "n3_ha": 2121.66, "n4_ha": 5.13, "n5_ha": 0.0 }, "geometry": { "type": "MultiPolygon", "coordinates": [ [ [ [ -60.300535, -30.082309 ], [ -60.20487, -30.097367 ], [ -60.206272, -30.107874 ], [ -60.201068, -30.119283 ], [ -60.198304, -30.122058 ], [ -60.195119, -30.121581 ], [ -60.190967, -30.121949 ], [ -60.187923, -30.123037 ], [ -60.182801, -30.123045 ], [ -60.17533, -30.125826 ], [ -60.166603, -30.123428 ], [ -60.162588, -30.123071 ], [ -60.156637, -30.124163 ], [ -60.157607, -30.125005 ], [ -60.159554, -30.130424 ], [ -60.161632, -30.131265 ], [ -60.160667, -30.133556 ], [ -60.178129, -30.14281 ], [ -60.183118, -30.144731 ], [ -60.18506, -30.146536 ], [ -60.184651, -30.15003 ], [ -60.186042, -30.153402 ], [ -60.184939, -30.156174 ], [ -60.185082, -30.158584 ], [ -60.182042, -30.162203 ], [ -60.178307, -30.164858 ], [ -60.174708, -30.165827 ], [ -60.167364, -30.163909 ], [ -60.164762, -30.164266 ], [ -60.16509, -30.164681 ], [ -60.174047, -30.167741 ], [ -60.174975, -30.166932 ], [ -60.180734, -30.165496 ], [ -60.182219, -30.164281 ], [ -60.193774, -30.16321 ], [ -60.202133, -30.161174 ], [ -60.236383, -30.156037 ], [ -60.248716, -30.19707 ], [ -60.348637, -30.173989 ], [ -60.421086, -30.162398 ], [ -60.427718, -30.159829 ], [ -60.459864, -30.158671 ], [ -60.475041, -30.154481 ], [ -60.474208, -30.14576 ], [ -60.481755, -30.144495 ], [ -60.518111, -30.135475 ], [ -60.519561, -30.134588 ], [ -60.529687, -30.132278 ], [ -60.530881, -30.130871 ], [ -60.530471, -30.130238 ], [ -60.528234, -30.130247 ], [ -60.527766, -30.129275 ], [ -60.522681, -30.128224 ], [ -60.518649, -30.122949 ], [ -60.51903, -30.122108 ], [ -60.51621, -30.121079 ], [ -60.516899, -30.120036 ], [ -60.516164, -30.119636 ], [ -60.515202, -30.120009 ], [ -60.513308, -30.119077 ], [ -60.512925, -30.119649 ], [ -60.508298, -30.119667 ], [ -60.50782, -30.120424 ], [ -60.507038, -30.118414 ], [ -60.506041, -30.119324 ], [ -60.506069, -30.118282 ], [ -60.504391, -30.116206 ], [ -60.501615, -30.115486 ], [ -60.49952, -30.112296 ], [ -60.49655, -30.111518 ], [ -60.493489, -30.108563 ], [ -60.49312, -30.106907 ], [ -60.491642, -30.106156 ], [ -60.492555, -30.105068 ], [ -60.492688, -30.102649 ], [ -60.493414, -30.102856 ], [ -60.494062, -30.101886 ], [ -60.493453, -30.100842 ], [ -60.49417, -30.099178 ], [ -60.493056, -30.098431 ], [ -60.493659, -30.098302 ], [ -60.493844, -30.096497 ], [ -60.492628, -30.094924 ], [ -60.492499, -30.093283 ], [ -60.490726, -30.091257 ], [ -60.490122, -30.08654 ], [ -60.490962, -30.085401 ], [ -60.489811, -30.082465 ], [ -60.490061, -30.079589 ], [ -60.485973, -30.072449 ], [ -60.487505, -30.069457 ], [ -60.487214, -30.068053 ], [ -60.326991, -30.093327 ], [ -60.326443, -30.090513 ], [ -60.30264, -30.092549 ], [ -60.300535, -30.082309 ] ] ] ] } },
{ "type": "Feature", "properties": { "fid": 65, "DISTRITO": "0606", "NOMBRE1": "La Penca y Caraguata", "riesgo_median": 2.0, "riesgo_ponderado": 2.1213534780076007, "pct_n4_n5": 0.010633281245665781, "riesgo_alto_clase": 2, "ha": 38899.04, "b12_ha": 32081.49, "n3_ha": 6848.73, "n4_ha": 4.14, "n5_ha": 0.0 }, "geometry": { "type": "MultiPolygon", "coordinates": [ [ [ [ -60.43276, -30.308343 ], [ -60.449888, -30.397101 ], [ -60.530825, -30.394519 ], [ -60.549953, -30.392216 ], [ -60.552725, -30.40945 ], [ -60.561629, -30.412582 ], [ -60.5623, -30.416893 ], [ -60.56543, -30.415749 ], [ -60.567119, -30.414058 ], [ -60.573404, -30.415369 ], [ -60.577989, -30.414563 ], [ -60.578234, -30.41525 ], [ -60.580177, -30.415045 ], [ -60.581842, -30.415741 ], [ -60.588209, -30.41527 ], [ -60.592433, -30.417185 ], [ -60.598423, -30.416739 ], [ -60.604355, -30.417868 ], [ -60.60766, -30.417276 ], [ -60.609914, -30.418663 ], [ -60.612923, -30.419238 ], [ -60.618345, -30.418137 ], [ -60.630096, -30.421969 ], [ -60.637548, -30.421686 ], [ -60.641081, -30.422497 ], [ -60.64347, -30.421672 ], [ -60.644346, -30.422591 ], [ -60.644756, -30.426081 ], [ -60.646549, -30.428318 ], [ -60.647255, -30.426356 ], [ -60.65251, -30.423812 ], [ -60.662424, -30.424681 ], [ -60.663901, -30.423486 ], [ -60.663689, -30.421139 ], [ -60.66182, -30.419847 ], [ -60.654644, -30.41827 ], [ -60.65366, -30.417469 ], [ -60.655594, -30.416342 ], [ -60.657949, -30.412214 ], [ -60.655153, -30.408982 ], [ -60.65503, -30.407582 ], [ -60.656014, -30.405851 ], [ -60.658212, -30.405105 ], [ -60.663722, -30.406703 ], [ -60.665352, -30.406455 ], [ -60.664648, -30.403601 ], [ -60.666139, -30.399802 ], [ -60.665121, -30.398789 ], [ -60.663373, -30.398558 ], [ -60.65624, -30.400602 ], [ -60.65316, -30.39885 ], [ -60.652892, -30.397755 ], [ -60.660324, -30.395277 ], [ -60.665484, -30.388603 ], [ -60.668747, -30.388501 ], [ -60.672246, -30.389615 ], [ -60.672779, -30.39114 ], [ -60.67213, -30.394156 ], [ -60.673689, -30.395336 ], [ -60.679789, -30.390368 ], [ -60.679973, -30.388613 ], [ -60.676517, -30.386629 ], [ -60.673084, -30.383295 ], [ -60.668456, -30.38172 ], [ -60.668405, -30.380193 ], [ -60.669825, -30.379096 ], [ -60.675129, -30.379408 ], [ -60.67828, -30.382023 ], [ -60.686944, -30.379856 ], [ -60.687751, -30.378579 ], [ -60.686437, -30.377369 ], [ -60.685346, -30.377573 ], [ -60.684133, -30.379107 ], [ -60.682225, -30.37923 ], [ -60.681645, -30.378031 ], [ -60.682256, -30.374336 ], [ -60.68081, -30.372816 ], [ -60.675041, -30.37368 ], [ -60.673237, -30.373435 ], [ -60.671825, -30.372183 ], [ -60.672946, -30.371569 ], [ -60.676296, -30.372302 ], [ -60.677156, -30.371618 ], [ -60.675046, -30.366141 ], [ -60.669823, -30.363268 ], [ -60.668778, -30.36067 ], [ -60.66911, -30.359254 ], [ -60.669955, -30.358698 ], [ -60.671083, -30.359117 ], [ -60.672549, -30.361217 ], [ -60.679188, -30.362083 ], [ -60.681402, -30.354362 ], [ -60.680481, -30.353263 ], [ -60.677812, -30.354182 ], [ -60.676863, -30.353706 ], [ -60.67549, -30.348536 ], [ -60.673529, -30.3504 ], [ -60.670832, -30.349466 ], [ -60.673013, -30.346512 ], [ -60.672625, -30.342186 ], [ -60.671321, -30.342235 ], [ -60.670456, -30.344538 ], [ -60.665867, -30.346025 ], [ -60.664341, -30.342242 ], [ -60.662597, -30.340045 ], [ -60.660404, -30.338811 ], [ -60.656469, -30.340585 ], [ -60.655212, -30.344035 ], [ -60.65293, -30.344202 ], [ -60.650048, -30.342562 ], [ -60.649993, -30.341586 ], [ -60.654579, -30.337178 ], [ -60.655469, -30.333722 ], [ -60.654401, -30.330078 ], [ -60.649896, -30.329322 ], [ -60.648058, -30.327648 ], [ -60.653196, -30.325317 ], [ -60.654494, -30.314631 ], [ -60.654204, -30.310191 ], [ -60.656591, -30.306303 ], [ -60.656952, -30.304222 ], [ -60.656161, -30.303229 ], [ -60.653487, -30.302577 ], [ -60.650567, -30.300582 ], [ -60.648089, -30.302639 ], [ -60.645206, -30.303021 ], [ -60.642657, -30.302029 ], [ -60.640394, -30.30006 ], [ -60.64707, -30.293888 ], [ -60.646519, -30.292819 ], [ -60.642107, -30.29046 ], [ -60.642035, -30.288335 ], [ -60.646924, -30.28659 ], [ -60.648626, -30.285167 ], [ -60.65028, -30.27885 ], [ -60.65333, -30.27428 ], [ -60.653287, -30.272639 ], [ -60.647965, -30.271279 ], [ -60.64704, -30.269417 ], [ -60.649557, -30.265613 ], [ -60.653713, -30.263216 ], [ -60.657399, -30.258841 ], [ -60.659415, -30.258123 ], [ -60.664694, -30.258068 ], [ -60.669524, -30.259006 ], [ -60.678426, -30.264547 ], [ -60.680673, -30.264253 ], [ -60.683043, -30.260605 ], [ -60.687186, -30.258858 ], [ -60.687102, -30.25733 ], [ -60.683672, -30.256118 ], [ -60.684031, -30.253803 ], [ -60.685717, -30.252684 ], [ -60.689641, -30.252267 ], [ -60.69578, -30.253989 ], [ -60.698921, -30.251228 ], [ -60.699051, -30.247641 ], [ -60.703974, -30.24574 ], [ -60.704161, -30.244523 ], [ -60.701486, -30.239615 ], [ -60.701443, -30.238031 ], [ -60.70293, -30.23641 ], [ -60.705709, -30.23549 ], [ -60.708839, -30.235728 ], [ -60.711162, -30.234796 ], [ -60.716972, -30.236348 ], [ -60.718985, -30.235404 ], [ -60.719555, -30.233109 ], [ -60.717517, -30.230659 ], [ -60.718363, -30.226043 ], [ -60.714705, -30.224761 ], [ -60.711687, -30.221864 ], [ -60.714875, -30.218739 ], [ -60.707948, -30.219463 ], [ -60.705348, -30.221325 ], [ -60.700684, -30.220314 ], [ -60.698951, -30.220682 ], [ -60.697328, -30.222282 ], [ -60.692365, -30.217202 ], [ -60.69195, -30.215797 ], [ -60.693819, -30.214504 ], [ -60.696416, -30.215699 ], [ -60.701862, -30.21671 ], [ -60.703834, -30.21536 ], [ -60.70446, -30.213172 ], [ -60.702628, -30.211137 ], [ -60.702336, -30.208206 ], [ -60.704375, -30.204513 ], [ -60.702305, -30.203001 ], [ -60.657591, -30.22953 ], [ -60.457093, -30.25968 ], [ -60.455376, -30.266689 ], [ -60.454927, -30.275019 ], [ -60.45548, -30.280599 ], [ -60.458738, -30.290672 ], [ -60.459016, -30.304458 ], [ -60.43276, -30.308343 ] ] ] ] } },
{ "type": "Feature", "properties": { "fid": 66, "DISTRITO": "0607", "NOMBRE1": "Gobernador Crespo", "riesgo_median": 2.0, "riesgo_ponderado": 2.1453657310694707, "pct_n4_n5": 0.01806273265584997, "riesgo_alto_clase": 2, "ha": 11444.96, "b12_ha": 9287.82, "n3_ha": 2170.17, "n4_ha": 2.07, "n5_ha": 0.0 }, "geometry": { "type": "MultiPolygon", "coordinates": [ [ [ [ -60.326785, -30.275623 ], [ -60.351821, -30.399571 ], [ -60.449888, -30.397101 ], [ -60.43276, -30.308343 ], [ -60.391178, -30.314429 ], [ -60.377044, -30.26798 ], [ -60.326785, -30.275623 ] ] ] ] } },
{ "type": "Feature", "properties": { "fid": 67, "DISTRITO": "0707", "NOMBRE1": "Villa Saralegui", "riesgo_median": 2.0, "riesgo_ponderado": 1.9348118356139412, "pct_n4_n5": 8.1382460126663673e-05, "riesgo_alto_clase": 2, "ha": 110548.47, "b12_ha": 102139.74, "n3_ha": 8449.11, "n4_ha": 0.09, "n5_ha": 0.0 }, "geometry": { "type": "MultiPolygon", "coordinates": [ [ [ [ -60.951553, -30.50568 ], [ -60.954929, -30.505215 ], [ -60.888263, -30.211635 ], [ -60.880186, -30.222949 ], [ -60.865929, -30.22854 ], [ -60.840336, -30.231599 ], [ -60.803093, -30.234436 ], [ -60.77683, -30.237487 ], [ -60.756608, -30.238176 ], [ -60.71949, -30.23302 ], [ -60.718985, -30.235404 ], [ -60.716972, -30.236348 ], [ -60.711162, -30.234796 ], [ -60.708839, -30.235728 ], [ -60.703741, -30.235882 ], [ -60.701443, -30.238031 ], [ -60.701852, -30.240688 ], [ -60.704161, -30.244523 ], [ -60.703974, -30.24574 ], [ -60.699051, -30.247641 ], [ -60.698921, -30.251228 ], [ -60.69578, -30.253989 ], [ -60.689641, -30.252267 ], [ -60.685717, -30.252684 ], [ -60.684031, -30.253803 ], [ -60.683672, -30.256118 ], [ -60.687102, -30.25733 ], [ -60.687186, -30.258858 ], [ -60.683043, -30.260605 ], [ -60.680673, -30.264253 ], [ -60.678426, -30.264547 ], [ -60.669524, -30.259006 ], [ -60.664694, -30.258068 ], [ -60.659415, -30.258123 ], [ -60.657399, -30.258841 ], [ -60.653713, -30.263216 ], [ -60.649557, -30.265613 ], [ -60.64704, -30.269417 ], [ -60.647965, -30.271279 ], [ -60.653287, -30.272639 ], [ -60.65333, -30.27428 ], [ -60.65028, -30.27885 ], [ -60.648626, -30.285167 ], [ -60.646924, -30.28659 ], [ -60.642035, -30.288335 ], [ -60.642107, -30.29046 ], [ -60.646519, -30.292819 ], [ -60.64707, -30.293888 ], [ -60.640394, -30.30006 ], [ -60.642657, -30.302029 ], [ -60.645206, -30.303021 ], [ -60.648089, -30.302639 ], [ -60.650567, -30.300582 ], [ -60.653487, -30.302577 ], [ -60.656161, -30.303229 ], [ -60.656952, -30.304222 ], [ -60.656591, -30.306303 ], [ -60.654204, -30.310191 ], [ -60.654494, -30.314631 ], [ -60.653196, -30.325317 ], [ -60.648058, -30.327648 ], [ -60.649896, -30.329322 ], [ -60.654401, -30.330078 ], [ -60.655469, -30.333722 ], [ -60.654579, -30.337178 ], [ -60.649993, -30.341586 ], [ -60.650048, -30.342562 ], [ -60.65293, -30.344202 ], [ -60.655212, -30.344035 ], [ -60.656469, -30.340585 ], [ -60.660404, -30.338811 ], [ -60.662597, -30.340045 ], [ -60.664341, -30.342242 ], [ -60.665867, -30.346025 ], [ -60.670456, -30.344538 ], [ -60.671321, -30.342235 ], [ -60.672625, -30.342186 ], [ -60.673013, -30.346512 ], [ -60.670832, -30.349466 ], [ -60.673529, -30.3504 ], [ -60.67549, -30.348536 ], [ -60.676863, -30.353706 ], [ -60.677812, -30.354182 ], [ -60.680481, -30.353263 ], [ -60.681402, -30.354362 ], [ -60.679188, -30.362083 ], [ -60.672549, -30.361217 ], [ -60.671083, -30.359117 ], [ -60.669955, -30.358698 ], [ -60.66911, -30.359254 ], [ -60.668778, -30.36067 ], [ -60.669823, -30.363268 ], [ -60.675046, -30.366141 ], [ -60.677156, -30.371618 ], [ -60.676296, -30.372302 ], [ -60.672946, -30.371569 ], [ -60.671825, -30.372183 ], [ -60.673237, -30.373435 ], [ -60.675041, -30.37368 ], [ -60.68081, -30.372816 ], [ -60.682256, -30.374336 ], [ -60.681645, -30.378031 ], [ -60.682225, -30.37923 ], [ -60.684133, -30.379107 ], [ -60.685346, -30.377573 ], [ -60.686437, -30.377369 ], [ -60.687751, -30.378579 ], [ -60.686944, -30.379856 ], [ -60.67828, -30.382023 ], [ -60.675129, -30.379408 ], [ -60.669825, -30.379096 ], [ -60.668405, -30.380193 ], [ -60.668456, -30.38172 ], [ -60.673084, -30.383295 ], [ -60.676517, -30.386629 ], [ -60.679973, -30.388613 ], [ -60.679789, -30.390368 ], [ -60.673689, -30.395336 ], [ -60.67213, -30.394156 ], [ -60.672779, -30.39114 ], [ -60.672246, -30.389615 ], [ -60.668747, -30.388501 ], [ -60.665484, -30.388603 ], [ -60.660324, -30.395277 ], [ -60.652892, -30.397755 ], [ -60.65316, -30.39885 ], [ -60.65624, -30.400602 ], [ -60.663373, -30.398558 ], [ -60.665121, -30.398789 ], [ -60.666139, -30.399802 ], [ -60.664648, -30.403601 ], [ -60.665352, -30.406455 ], [ -60.663722, -30.406703 ], [ -60.658212, -30.405105 ], [ -60.65517, -30.406662 ], [ -60.655153, -30.408982 ], [ -60.657949, -30.412214 ], [ -60.655594, -30.416342 ], [ -60.65366, -30.417469 ], [ -60.654644, -30.41827 ], [ -60.66182, -30.419847 ], [ -60.663689, -30.421139 ], [ -60.663901, -30.423486 ], [ -60.662424, -30.424681 ], [ -60.660858, -30.424803 ], [ -60.65251, -30.423812 ], [ -60.647255, -30.426356 ], [ -60.646448, -30.427675 ], [ -60.647685, -30.429735 ], [ -60.650407, -30.431461 ], [ -60.653407, -30.431021 ], [ -60.656226, -30.427881 ], [ -60.659219, -30.428715 ], [ -60.658972, -30.430781 ], [ -60.656525, -30.433425 ], [ -60.655783, -30.43729 ], [ -60.651322, -30.436563 ], [ -60.649103, -30.438009 ], [ -60.648631, -30.440728 ], [ -60.651198, -30.446189 ], [ -60.651546, -30.449393 ], [ -60.649895, -30.451341 ], [ -60.646739, -30.449521 ], [ -60.645727, -30.452016 ], [ -60.646363, -30.454389 ], [ -60.652551, -30.456819 ], [ -60.654053, -30.459372 ], [ -60.648927, -30.461887 ], [ -60.646566, -30.465407 ], [ -60.644533, -30.473761 ], [ -60.64217, -30.474579 ], [ -60.640155, -30.473471 ], [ -60.637902, -30.474861 ], [ -60.637924, -30.479526 ], [ -60.639217, -30.480217 ], [ -60.640652, -30.479909 ], [ -60.649086, -30.475118 ], [ -60.650913, -30.476177 ], [ -60.649746, -30.478993 ], [ -60.649918, -30.481512 ], [ -60.653446, -30.482656 ], [ -60.653082, -30.487221 ], [ -60.655491, -30.489366 ], [ -60.651738, -30.495856 ], [ -60.647282, -30.501011 ], [ -60.648693, -30.501966 ], [ -60.652893, -30.49988 ], [ -60.656749, -30.499974 ], [ -60.656759, -30.501502 ], [ -60.653029, -30.504423 ], [ -60.652241, -30.505963 ], [ -60.652877, -30.508264 ], [ -60.65592, -30.512242 ], [ -60.657133, -30.512415 ], [ -60.658634, -30.511332 ], [ -60.659421, -30.508589 ], [ -60.665003, -30.505533 ], [ -60.666416, -30.501962 ], [ -60.6673, -30.502198 ], [ -60.668606, -30.504426 ], [ -60.673197, -30.506878 ], [ -60.673669, -30.507887 ], [ -60.669287, -30.512096 ], [ -60.669491, -30.513142 ], [ -60.673817, -30.515071 ], [ -60.676107, -30.515484 ], [ -60.677018, -30.514942 ], [ -60.680972, -30.507188 ], [ -60.683658, -30.505915 ], [ -60.685361, -30.506429 ], [ -60.68672, -30.511628 ], [ -60.685972, -30.515576 ], [ -60.683896, -30.517737 ], [ -60.675761, -30.518005 ], [ -60.675054, -30.519707 ], [ -60.676683, -30.523744 ], [ -60.678028, -30.524472 ], [ -60.681259, -30.523861 ], [ -60.684305, -30.524892 ], [ -60.686487, -30.528417 ], [ -60.686747, -30.530565 ], [ -60.686331, -30.531784 ], [ -60.682211, -30.533814 ], [ -60.681247, -30.536111 ], [ -60.682113, -30.538567 ], [ -60.686651, -30.541516 ], [ -60.687632, -30.5412 ], [ -60.689819, -30.542204 ], [ -60.68863, -30.545068 ], [ -60.68384, -30.543812 ], [ -60.679358, -30.543701 ], [ -60.678642, -30.545022 ], [ -60.679291, -30.548568 ], [ -60.678491, -30.548742 ], [ -60.676834, -30.546963 ], [ -60.674509, -30.54782 ], [ -60.673847, -30.551402 ], [ -60.672108, -30.552812 ], [ -60.671579, -30.550707 ], [ -60.672787, -30.545125 ], [ -60.669348, -30.543753 ], [ -60.668235, -30.544141 ], [ -60.668073, -30.546539 ], [ -60.665715, -30.548932 ], [ -60.661313, -30.550447 ], [ -60.662025, -30.551428 ], [ -60.667464, -30.553008 ], [ -60.669229, -30.554046 ], [ -60.669453, -30.555124 ], [ -60.668738, -30.55575 ], [ -60.662757, -30.555573 ], [ -60.660163, -30.556436 ], [ -60.659875, -30.557898 ], [ -60.661307, -30.559376 ], [ -60.661367, -30.562254 ], [ -60.655195, -30.563247 ], [ -60.653573, -30.565038 ], [ -60.655884, -30.567432 ], [ -60.661065, -30.565812 ], [ -60.663763, -30.566146 ], [ -60.664884, -30.567427 ], [ -60.664109, -30.571293 ], [ -60.662364, -30.571882 ], [ -60.655814, -30.570218 ], [ -60.654036, -30.570849 ], [ -60.653067, -30.572523 ], [ -60.654018, -30.577041 ], [ -60.653315, -30.578095 ], [ -60.649279, -30.576374 ], [ -60.648487, -30.574512 ], [ -60.64705, -30.57483 ], [ -60.646563, -30.577789 ], [ -60.649202, -30.580286 ], [ -60.649247, -30.582652 ], [ -60.644535, -30.581785 ], [ -60.63937, -30.578986 ], [ -60.639791, -30.584913 ], [ -60.646387, -30.586077 ], [ -60.646186, -30.586765 ], [ -60.641157, -30.586879 ], [ -60.636135, -30.588074 ], [ -60.635617, -30.589807 ], [ -60.636215, -30.591306 ], [ -60.641666, -30.592704 ], [ -60.641674, -30.593951 ], [ -60.633772, -30.59572 ], [ -60.631185, -30.594448 ], [ -60.628766, -30.594828 ], [ -60.628512, -30.601064 ], [ -60.627438, -30.603411 ], [ -60.623156, -30.600861 ], [ -60.624783, -30.597698 ], [ -60.621907, -30.594072 ], [ -60.62014, -30.59375 ], [ -60.617133, -30.599559 ], [ -60.618563, -30.600861 ], [ -60.619495, -30.603424 ], [ -60.614913, -30.605496 ], [ -60.61445, -30.607224 ], [ -60.615418, -30.610247 ], [ -60.617411, -30.612585 ], [ -60.618458, -30.612616 ], [ -60.619562, -30.610043 ], [ -60.620964, -30.609386 ], [ -60.624205, -30.609766 ], [ -60.624186, -30.611973 ], [ -60.622416, -30.616423 ], [ -60.627663, -30.618228 ], [ -60.626729, -30.620281 ], [ -60.624133, -30.621625 ], [ -60.617301, -30.622282 ], [ -60.624446, -30.631748 ], [ -60.623665, -30.632459 ], [ -60.612086, -30.632655 ], [ -60.608804, -30.63359 ], [ -60.608025, -30.634598 ], [ -60.612884, -30.637348 ], [ -60.62087, -30.637805 ], [ -60.62232, -30.639467 ], [ -60.622393, -30.640683 ], [ -60.619208, -30.644036 ], [ -60.619347, -30.650373 ], [ -60.617391, -30.651556 ], [ -60.614617, -30.647594 ], [ -60.613227, -30.647587 ], [ -60.612154, -30.649119 ], [ -60.612261, -30.651903 ], [ -60.605854, -30.653661 ], [ -60.605707, -30.651201 ], [ -60.603444, -30.650221 ], [ -60.601867, -30.651926 ], [ -60.601942, -30.653396 ], [ -60.604615, -30.654473 ], [ -60.605951, -30.656221 ], [ -60.606819, -30.656316 ], [ -60.608283, -30.654852 ], [ -60.611437, -30.656987 ], [ -60.613533, -30.657232 ], [ -60.614703, -30.658485 ], [ -60.614417, -30.661132 ], [ -60.604737, -30.662111 ], [ -60.60486, -30.666063 ], [ -60.603786, -30.666987 ], [ -60.602049, -30.666627 ], [ -60.599084, -30.663359 ], [ -60.596499, -30.6634 ], [ -60.595764, -30.665008 ], [ -60.59864, -30.667018 ], [ -60.597135, -30.671063 ], [ -60.596052, -30.670538 ], [ -60.594131, -30.666883 ], [ -60.591671, -30.665862 ], [ -60.590938, -30.666403 ], [ -60.590888, -30.66892 ], [ -60.59243, -30.67228 ], [ -60.594431, -30.673091 ], [ -60.598527, -30.67295 ], [ -60.599634, -30.67362 ], [ -60.599758, -30.674453 ], [ -60.598748, -30.675207 ], [ -60.593541, -30.674637 ], [ -60.592352, -30.675675 ], [ -60.59285, -30.67807 ], [ -60.5986, -30.677747 ], [ -60.600175, -30.678348 ], [ -60.600509, -30.679407 ], [ -60.595666, -30.685045 ], [ -60.601096, -30.686972 ], [ -60.60179, -30.6881 ], [ -60.60105, -30.690254 ], [ -60.600137, -30.69071 ], [ -60.595884, -30.688424 ], [ -60.593155, -30.689271 ], [ -60.593228, -30.690389 ], [ -60.596217, -30.6921 ], [ -60.598395, -30.694898 ], [ -60.601861, -30.694946 ], [ -60.602007, -30.696015 ], [ -60.599683, -30.698807 ], [ -60.59993, -30.699752 ], [ -60.605875, -30.699443 ], [ -60.608107, -30.703053 ], [ -60.607771, -30.704243 ], [ -60.60575, -30.705653 ], [ -60.606562, -30.709949 ], [ -60.603437, -30.710204 ], [ -60.603779, -30.712437 ], [ -60.60311, -30.71295 ], [ -60.599284, -30.712359 ], [ -60.598477, -30.712893 ], [ -60.598748, -30.71425 ], [ -60.604699, -30.718254 ], [ -60.605499, -30.717939 ], [ -60.606299, -30.714964 ], [ -60.611528, -30.715944 ], [ -60.611542, -30.723384 ], [ -60.616965, -30.726513 ], [ -60.621196, -30.726372 ], [ -60.621776, -30.728647 ], [ -60.625697, -30.731245 ], [ -60.625313, -30.73259 ], [ -60.621538, -30.733712 ], [ -60.6202, -30.736964 ], [ -60.622119, -30.737577 ], [ -60.626636, -30.73716 ], [ -60.629336, -30.739367 ], [ -60.627387, -30.74053 ], [ -60.625366, -30.739592 ], [ -60.62378, -30.739925 ], [ -60.623149, -30.743605 ], [ -60.620471, -30.742218 ], [ -60.619965, -30.745021 ], [ -60.623221, -30.747127 ], [ -60.632441, -30.748483 ], [ -60.638383, -30.752937 ], [ -60.639021, -30.752821 ], [ -60.639459, -30.74982 ], [ -60.640408, -30.749702 ], [ -60.642839, -30.753127 ], [ -60.646537, -30.755174 ], [ -60.647337, -30.75476 ], [ -60.64721, -30.750538 ], [ -60.648798, -30.74913 ], [ -60.648142, -30.747868 ], [ -60.648658, -30.746592 ], [ -60.657895, -30.746779 ], [ -60.654694, -30.743914 ], [ -60.654835, -30.742171 ], [ -60.655765, -30.741397 ], [ -60.658654, -30.742802 ], [ -60.660489, -30.747572 ], [ -60.662481, -30.74842 ], [ -60.667063, -30.745077 ], [ -60.672536, -30.744409 ], [ -60.674384, -30.745287 ], [ -60.67458, -30.747841 ], [ -60.675906, -30.748431 ], [ -60.677201, -30.74799 ], [ -60.678247, -30.745314 ], [ -60.679369, -30.744743 ], [ -60.681882, -30.745833 ], [ -60.678239, -30.751835 ], [ -60.678435, -30.752913 ], [ -60.682536, -30.75145 ], [ -60.687234, -30.752352 ], [ -60.688062, -30.753571 ], [ -60.685886, -30.756266 ], [ -60.686032, -30.757117 ], [ -60.687967, -30.758271 ], [ -60.690406, -30.757375 ], [ -60.691945, -30.754935 ], [ -60.691531, -30.753248 ], [ -60.688706, -30.751752 ], [ -60.689641, -30.747664 ], [ -60.69202, -30.747185 ], [ -60.697386, -30.749783 ], [ -60.699954, -30.74822 ], [ -60.696381, -30.74495 ], [ -60.696765, -30.742288 ], [ -60.696152, -30.741245 ], [ -60.697754, -30.739579 ], [ -60.697395, -30.738709 ], [ -60.694719, -30.738288 ], [ -60.695555, -30.735274 ], [ -60.694388, -30.734321 ], [ -60.693452, -30.731214 ], [ -60.694995, -30.728284 ], [ -60.695749, -30.728018 ], [ -60.696158, -30.728845 ], [ -60.697622, -30.729142 ], [ -60.696946, -30.726224 ], [ -60.699999, -30.723303 ], [ -60.698068, -30.721133 ], [ -60.697736, -30.71708 ], [ -60.698676, -30.714589 ], [ -60.69754, -30.710175 ], [ -60.698619, -30.706027 ], [ -60.696652, -30.705819 ], [ -60.697243, -30.703898 ], [ -60.695361, -30.701509 ], [ -60.692476, -30.699868 ], [ -60.693529, -30.699077 ], [ -60.693872, -30.697229 ], [ -60.692839, -30.693746 ], [ -60.694536, -30.691426 ], [ -60.692709, -30.689692 ], [ -60.692849, -30.688034 ], [ -60.691833, -30.686906 ], [ -60.693515, -30.682695 ], [ -60.693082, -30.678512 ], [ -60.69439, -30.677603 ], [ -60.692361, -30.675608 ], [ -60.692606, -30.674648 ], [ -60.688246, -30.671051 ], [ -60.690378, -30.666604 ], [ -60.691382, -30.666032 ], [ -60.690864, -30.66413 ], [ -60.693219, -30.66233 ], [ -60.691649, -30.661161 ], [ -60.693699, -30.65897 ], [ -60.692498, -30.653765 ], [ -60.694696, -30.651224 ], [ -60.694084, -30.650094 ], [ -60.695407, -30.646001 ], [ -60.694386, -30.644088 ], [ -60.698503, -30.642191 ], [ -60.70135, -30.638774 ], [ -60.703566, -30.638762 ], [ -60.703965, -30.638106 ], [ -60.702642, -30.636369 ], [ -60.703112, -30.63199 ], [ -60.704019, -30.631985 ], [ -60.705813, -30.629359 ], [ -60.703339, -30.628456 ], [ -60.702503, -30.624318 ], [ -60.704681, -30.620666 ], [ -60.704919, -30.61879 ], [ -60.709563, -30.615461 ], [ -60.709857, -30.614413 ], [ -60.71357, -30.612517 ], [ -60.714306, -30.609853 ], [ -60.719224, -30.607559 ], [ -60.72493, -30.602905 ], [ -60.729551, -30.602211 ], [ -60.730654, -30.601458 ], [ -60.736942, -30.602542 ], [ -60.738521, -30.603813 ], [ -60.740741, -30.604254 ], [ -60.742921, -30.603548 ], [ -60.747734, -30.603496 ], [ -60.752724, -30.603813 ], [ -60.753746, -30.60466 ], [ -60.756072, -30.602967 ], [ -60.759406, -30.602762 ], [ -60.761392, -30.600911 ], [ -60.762929, -30.600609 ], [ -60.76315, -30.601327 ], [ -60.764926, -30.600224 ], [ -60.770738, -30.603282 ], [ -60.770972, -30.601734 ], [ -60.773601, -30.601935 ], [ -60.776333, -30.600959 ], [ -60.77988, -30.601818 ], [ -60.781039, -30.600505 ], [ -60.781286, -30.596798 ], [ -60.786675, -30.591131 ], [ -60.793318, -30.5875 ], [ -60.795909, -30.588257 ], [ -60.796847, -30.586305 ], [ -60.798293, -30.586163 ], [ -60.801619, -30.587825 ], [ -60.802956, -30.585657 ], [ -60.808821, -30.587754 ], [ -60.812771, -30.587331 ], [ -60.814447, -30.585348 ], [ -60.816946, -30.586052 ], [ -60.820845, -30.584961 ], [ -60.821364, -30.584478 ], [ -60.820676, -30.583096 ], [ -60.821673, -30.582218 ], [ -60.825469, -30.5835 ], [ -60.833065, -30.581482 ], [ -60.835634, -30.583118 ], [ -60.835242, -30.580535 ], [ -60.836101, -30.58021 ], [ -60.838823, -30.581765 ], [ -60.840974, -30.581405 ], [ -60.842941, -30.582297 ], [ -60.842615, -30.580166 ], [ -60.845907, -30.580092 ], [ -60.846454, -30.579315 ], [ -60.846682, -30.574417 ], [ -60.849403, -30.569347 ], [ -60.850783, -30.568832 ], [ -60.852359, -30.569595 ], [ -60.855427, -30.568535 ], [ -60.858634, -30.569207 ], [ -60.858471, -30.568168 ], [ -60.856248, -30.567383 ], [ -60.856624, -30.565657 ], [ -60.854259, -30.559341 ], [ -60.857319, -30.554136 ], [ -60.858776, -30.5553 ], [ -60.858554, -30.554581 ], [ -60.860699, -30.553554 ], [ -60.862333, -30.553943 ], [ -60.862543, -30.553356 ], [ -60.864971, -30.553019 ], [ -60.865849, -30.551441 ], [ -60.869646, -30.550649 ], [ -60.869068, -30.547934 ], [ -60.871988, -30.547648 ], [ -60.872183, -30.546242 ], [ -60.873386, -30.546687 ], [ -60.873221, -30.545408 ], [ -60.874551, -30.546172 ], [ -60.875216, -30.544862 ], [ -60.876565, -30.54432 ], [ -60.879275, -30.544701 ], [ -60.879849, -30.543498 ], [ -60.880682, -30.543812 ], [ -60.882435, -30.542185 ], [ -60.884865, -30.542115 ], [ -60.885102, -30.541154 ], [ -60.886153, -30.541706 ], [ -60.886323, -30.540079 ], [ -60.887647, -30.540203 ], [ -60.887879, -30.538709 ], [ -60.888378, -30.539425 ], [ -60.888835, -30.538916 ], [ -60.891269, -30.539379 ], [ -60.890395, -30.537999 ], [ -60.892441, -30.53738 ], [ -60.892524, -30.536287 ], [ -60.89382, -30.536758 ], [ -60.894299, -30.535342 ], [ -60.893673, -30.5342 ], [ -60.89578, -30.533424 ], [ -60.896077, -30.532275 ], [ -60.900915, -30.533228 ], [ -60.908051, -30.525195 ], [ -60.911941, -30.523488 ], [ -60.910142, -30.521901 ], [ -60.910404, -30.516929 ], [ -60.913978, -30.514806 ], [ -60.913843, -30.513581 ], [ -60.915293, -30.514077 ], [ -60.915373, -30.512743 ], [ -60.915839, -30.51322 ], [ -60.918539, -30.512588 ], [ -60.918553, -30.510802 ], [ -60.919328, -30.511383 ], [ -60.920053, -30.510906 ], [ -60.922978, -30.511311 ], [ -60.924366, -30.505872 ], [ -60.928653, -30.504434 ], [ -60.930434, -30.50738 ], [ -60.934299, -30.509645 ], [ -60.933411, -30.506799 ], [ -60.937168, -30.505306 ], [ -60.939017, -30.505666 ], [ -60.941098, -30.504664 ], [ -60.946031, -30.507026 ], [ -60.948371, -30.504157 ], [ -60.951553, -30.50568 ] ] ] ] } },
{ "type": "Feature", "properties": { "fid": 68, "DISTRITO": "0205", "NOMBRE1": "Calchaqui", "riesgo_median": 2.0, "riesgo_ponderado": 2.0229056181420697, "pct_n4_n5": 0.018775954226420227, "riesgo_alto_clase": 2, "ha": 172101.95, "b12_ha": 155409.3, "n3_ha": 16640.19, "n4_ha": 32.31, "n5_ha": 0.0 }, "geometry": { "type": "MultiPolygon", "coordinates": [ [ [ [ -60.056462, -29.916328 ], [ -59.991587, -29.931251 ], [ -59.992614, -29.931851 ], [ -59.992115, -29.934674 ], [ -59.993983, -29.93652 ], [ -59.998218, -29.934964 ], [ -59.997802, -29.936195 ], [ -59.998467, -29.937498 ], [ -59.997097, -29.937823 ], [ -59.996546, -29.939902 ], [ -59.997044, -29.940662 ], [ -60.000781, -29.940879 ], [ -60.002109, -29.941603 ], [ -59.999449, -29.94432 ], [ -60.004222, -29.943702 ], [ -60.005841, -29.947322 ], [ -60.008291, -29.945331 ], [ -60.010117, -29.945005 ], [ -60.010948, -29.944933 ], [ -60.011571, -29.946236 ], [ -60.012899, -29.946814 ], [ -60.014756, -29.946701 ], [ -60.015087, -29.945685 ], [ -60.016707, -29.947497 ], [ -60.016541, -29.948365 ], [ -60.014948, -29.950843 ], [ -60.015153, -29.951674 ], [ -60.012746, -29.953416 ], [ -60.014608, -29.95393 ], [ -60.018873, -29.951463 ], [ -60.020668, -29.9518 ], [ -60.018188, -29.957691 ], [ -60.020085, -29.958403 ], [ -60.024241, -29.957116 ], [ -60.024945, -29.958145 ], [ -60.023379, -29.959966 ], [ -60.021297, -29.959838 ], [ -60.020025, -29.961818 ], [ -60.021784, -29.963555 ], [ -60.026303, -29.961575 ], [ -60.027757, -29.96238 ], [ -60.027394, -29.965467 ], [ -60.026281, -29.966596 ], [ -60.02245, -29.967411 ], [ -60.023268, -29.96939 ], [ -60.021642, -29.971026 ], [ -60.021574, -29.972768 ], [ -60.019825, -29.97352 ], [ -60.019374, -29.974517 ], [ -60.017716, -29.974696 ], [ -60.017307, -29.975725 ], [ -60.023018, -29.981303 ], [ -60.022746, -29.983995 ], [ -60.023971, -29.985093 ], [ -60.026902, -29.983469 ], [ -60.02747, -29.984023 ], [ -60.024271, -29.987239 ], [ -60.024407, -29.98813 ], [ -60.026861, -29.988208 ], [ -60.028911, -29.986652 ], [ -60.032955, -29.986275 ], [ -60.03552, -29.98822 ], [ -60.035702, -29.991929 ], [ -60.033907, -29.992148 ], [ -60.032343, -29.995342 ], [ -60.034002, -29.997657 ], [ -60.032564, -29.999067 ], [ -60.034392, -30.00186 ], [ -60.032417, -30.003426 ], [ -60.03498, -30.006263 ], [ -60.035202, -30.008612 ], [ -60.03239, -30.009376 ], [ -60.037412, -30.010576 ], [ -60.040726, -30.008493 ], [ -60.041679, -30.008964 ], [ -60.042459, -30.008436 ], [ -60.04434, -30.009763 ], [ -60.045472, -30.015753 ], [ -60.042818, -30.019093 ], [ -60.044146, -30.020051 ], [ -60.043388, -30.02134 ], [ -60.044256, -30.022872 ], [ -60.04365, -30.02403 ], [ -60.045081, -30.025543 ], [ -60.045321, -30.027334 ], [ -60.050059, -30.029427 ], [ -60.05488, -30.029154 ], [ -60.057559, -30.030395 ], [ -60.059445, -30.030304 ], [ -60.060607, -30.031275 ], [ -60.064847, -30.029952 ], [ -60.067435, -30.02828 ], [ -60.076194, -30.02715 ], [ -60.079722, -30.029478 ], [ -60.085626, -30.030554 ], [ -60.086791, -30.034749 ], [ -60.093371, -30.037219 ], [ -60.096364, -30.040049 ], [ -60.099181, -30.041282 ], [ -60.099038, -30.043953 ], [ -60.097245, -30.045945 ], [ -60.097423, -30.04846 ], [ -60.095408, -30.051545 ], [ -60.095017, -30.057339 ], [ -60.095601, -30.058119 ], [ -60.099236, -30.058975 ], [ -60.099102, -30.059756 ], [ -60.096745, -30.060171 ], [ -60.096572, -30.06129 ], [ -60.101244, -30.061656 ], [ -60.097657, -30.062908 ], [ -60.097223, -30.064379 ], [ -60.101379, -30.065392 ], [ -60.100803, -30.066956 ], [ -60.103311, -30.06742 ], [ -60.100342, -30.068058 ], [ -60.099764, -30.068889 ], [ -60.100579, -30.070059 ], [ -60.102831, -30.069588 ], [ -60.102716, -30.070481 ], [ -60.100916, -30.070758 ], [ -60.098688, -30.069691 ], [ -60.097748, -30.070107 ], [ -60.100267, -30.071348 ], [ -60.102959, -30.071502 ], [ -60.10606, -30.069934 ], [ -60.106365, -30.071417 ], [ -60.103948, -30.073804 ], [ -60.106653, -30.075295 ], [ -60.107349, -30.076703 ], [ -60.109216, -30.074563 ], [ -60.111974, -30.076772 ], [ -60.113751, -30.075362 ], [ -60.117011, -30.076226 ], [ -60.117686, -30.07763 ], [ -60.120052, -30.076497 ], [ -60.120715, -30.077587 ], [ -60.118642, -30.079572 ], [ -60.120603, -30.080317 ], [ -60.12133, -30.083197 ], [ -60.122642, -30.084546 ], [ -60.128097, -30.086799 ], [ -60.129069, -30.088006 ], [ -60.125097, -30.090958 ], [ -60.126892, -30.093877 ], [ -60.128548, -30.094925 ], [ -60.12905, -30.096958 ], [ -60.126892, -30.09831 ], [ -60.125098, -30.097781 ], [ -60.123807, -30.098352 ], [ -60.12311, -30.098045 ], [ -60.12315, -30.096771 ], [ -60.121801, -30.096818 ], [ -60.120322, -30.097562 ], [ -60.120377, -30.098617 ], [ -60.120946, -30.100475 ], [ -60.122896, -30.101867 ], [ -60.122639, -30.102827 ], [ -60.115706, -30.102828 ], [ -60.114348, -30.103615 ], [ -60.11428, -30.104562 ], [ -60.117284, -30.108311 ], [ -60.114144, -30.111935 ], [ -60.116784, -30.116516 ], [ -60.116013, -30.1183 ], [ -60.11662, -30.121542 ], [ -60.117215, -30.121911 ], [ -60.119172, -30.119611 ], [ -60.12333, -30.11747 ], [ -60.125035, -30.114066 ], [ -60.127282, -30.115933 ], [ -60.128302, -30.115858 ], [ -60.130705, -30.114919 ], [ -60.131005, -30.113411 ], [ -60.13527, -30.112874 ], [ -60.137686, -30.113409 ], [ -60.14104, -30.11585 ], [ -60.142174, -30.115951 ], [ -60.142798, -30.114998 ], [ -60.142537, -30.116782 ], [ -60.143351, -30.118274 ], [ -60.148518, -30.118643 ], [ -60.152349, -30.117868 ], [ -60.156229, -30.118495 ], [ -60.157713, -30.117745 ], [ -60.157519, -30.119334 ], [ -60.159515, -30.120089 ], [ -60.159595, -30.121483 ], [ -60.155101, -30.122406 ], [ -60.153579, -30.123938 ], [ -60.148817, -30.125274 ], [ -60.136438, -30.127362 ], [ -60.132833, -30.131298 ], [ -60.132703, -30.137442 ], [ -60.145051, -30.153935 ], [ -60.148378, -30.156703 ], [ -60.150873, -30.157784 ], [ -60.151016, -30.160676 ], [ -60.154067, -30.163443 ], [ -60.157807, -30.163921 ], [ -60.161546, -30.163193 ], [ -60.164179, -30.164274 ], [ -60.167364, -30.163909 ], [ -60.174708, -30.165827 ], [ -60.178307, -30.164858 ], [ -60.182042, -30.162203 ], [ -60.185082, -30.158584 ], [ -60.184939, -30.156174 ], [ -60.186042, -30.153402 ], [ -60.184651, -30.15003 ], [ -60.18506, -30.146536 ], [ -60.183118, -30.144731 ], [ -60.178129, -30.14281 ], [ -60.160667, -30.133556 ], [ -60.161632, -30.131265 ], [ -60.159554, -30.130424 ], [ -60.157607, -30.125005 ], [ -60.156637, -30.124163 ], [ -60.162588, -30.123071 ], [ -60.166603, -30.123428 ], [ -60.17533, -30.125826 ], [ -60.182801, -30.123045 ], [ -60.187923, -30.123037 ], [ -60.190967, -30.121949 ], [ -60.195119, -30.121581 ], [ -60.198304, -30.122058 ], [ -60.201068, -30.119283 ], [ -60.206272, -30.107874 ], [ -60.204859, -30.094141 ], [ -60.208028, -30.087148 ], [ -60.20704, -30.084074 ], [ -60.212126, -30.06768 ], [ -60.222905, -30.061999 ], [ -60.227572, -30.060595 ], [ -60.241254, -30.054306 ], [ -60.243467, -30.054302 ], [ -60.248581, -30.052244 ], [ -60.274101, -30.037776 ], [ -60.283499, -30.035225 ], [ -60.289669, -30.029957 ], [ -60.279622, -29.978897 ], [ -60.54951, -29.93495 ], [ -60.586955, -29.93037 ], [ -60.720356, -29.910182 ], [ -60.719821, -29.909204 ], [ -60.715434, -29.907707 ], [ -60.713703, -29.906365 ], [ -60.713737, -29.904215 ], [ -60.718915, -29.901824 ], [ -60.71923, -29.90045 ], [ -60.717845, -29.899708 ], [ -60.71509, -29.900487 ], [ -60.714079, -29.899813 ], [ -60.713246, -29.896791 ], [ -60.709604, -29.896075 ], [ -60.707351, -29.894389 ], [ -60.708348, -29.893054 ], [ -60.711143, -29.893322 ], [ -60.711748, -29.887094 ], [ -60.709598, -29.886158 ], [ -60.707454, -29.888278 ], [ -60.704165, -29.886866 ], [ -60.701102, -29.887533 ], [ -60.698272, -29.886841 ], [ -60.698098, -29.885102 ], [ -60.702179, -29.882271 ], [ -60.701749, -29.87949 ], [ -60.699314, -29.877084 ], [ -60.699277, -29.875308 ], [ -60.700391, -29.874425 ], [ -60.703723, -29.876268 ], [ -60.705192, -29.876253 ], [ -60.705277, -29.87452 ], [ -60.703879, -29.87179 ], [ -60.707585, -29.869153 ], [ -60.706913, -29.863682 ], [ -60.708798, -29.861599 ], [ -60.710916, -29.861637 ], [ -60.713289, -29.86671 ], [ -60.717296, -29.868662 ], [ -60.719181, -29.867329 ], [ -60.719385, -29.86638 ], [ -60.715311, -29.863983 ], [ -60.714682, -29.862332 ], [ -60.715877, -29.861512 ], [ -60.719319, -29.862837 ], [ -60.721737, -29.862456 ], [ -60.722494, -29.861667 ], [ -60.721781, -29.860744 ], [ -60.718051, -29.859993 ], [ -60.716662, -29.858614 ], [ -60.717453, -29.854557 ], [ -60.721142, -29.851632 ], [ -60.719589, -29.850102 ], [ -60.720632, -29.848448 ], [ -60.718847, -29.846124 ], [ -60.723813, -29.843975 ], [ -60.723607, -29.84242 ], [ -60.724349, -29.841878 ], [ -60.725617, -29.842112 ], [ -60.726606, -29.844214 ], [ -60.728355, -29.843851 ], [ -60.728031, -29.84166 ], [ -60.73007, -29.836464 ], [ -60.733277, -29.834473 ], [ -60.733829, -29.829638 ], [ -60.73596, -29.82824 ], [ -60.73511, -29.825118 ], [ -60.737574, -29.824892 ], [ -60.739917, -29.821413 ], [ -60.739984, -29.819531 ], [ -60.741444, -29.817302 ], [ -60.74021, -29.814918 ], [ -60.742336, -29.812884 ], [ -60.744352, -29.809095 ], [ -60.744484, -29.807256 ], [ -60.748621, -29.804063 ], [ -60.750797, -29.805487 ], [ -60.752855, -29.805192 ], [ -60.754147, -29.802306 ], [ -60.757184, -29.800105 ], [ -60.756951, -29.796117 ], [ -60.760098, -29.791798 ], [ -60.76114, -29.791319 ], [ -60.763019, -29.792022 ], [ -60.76485, -29.791799 ], [ -60.766532, -29.790142 ], [ -60.767971, -29.784255 ], [ -60.766689, -29.783032 ], [ -60.764348, -29.782352 ], [ -60.763345, -29.781057 ], [ -60.764962, -29.77987 ], [ -60.768227, -29.774249 ], [ -60.769711, -29.773271 ], [ -60.769124, -29.768578 ], [ -60.769915, -29.767003 ], [ -60.768294, -29.7639 ], [ -60.763282, -29.76371 ], [ -60.762751, -29.763098 ], [ -60.764277, -29.754722 ], [ -60.765182, -29.754328 ], [ -60.770952, -29.755207 ], [ -60.771725, -29.746148 ], [ -60.773566, -29.745218 ], [ -60.777261, -29.745069 ], [ -60.775528, -29.749451 ], [ -60.777417, -29.752693 ], [ -60.77927, -29.749132 ], [ -60.785479, -29.746987 ], [ -60.786588, -29.747801 ], [ -60.785589, -29.750749 ], [ -60.786002, -29.751652 ], [ -60.791443, -29.750912 ], [ -60.795301, -29.751887 ], [ -60.796796, -29.75087 ], [ -60.796053, -29.747055 ], [ -60.801131, -29.746041 ], [ -60.803987, -29.747403 ], [ -60.801227, -29.749902 ], [ -60.801092, -29.751275 ], [ -60.801874, -29.751815 ], [ -60.805417, -29.750825 ], [ -60.806842, -29.751651 ], [ -60.804843, -29.755129 ], [ -60.805622, -29.756199 ], [ -60.807518, -29.756078 ], [ -60.810488, -29.753428 ], [ -60.813661, -29.754908 ], [ -60.812094, -29.759615 ], [ -60.811916, -29.763732 ], [ -60.814183, -29.765402 ], [ -60.817252, -29.76585 ], [ -60.818303, -29.765497 ], [ -60.817324, -29.761782 ], [ -60.82099, -29.759079 ], [ -60.822648, -29.759549 ], [ -60.82526, -29.761782 ], [ -60.827526, -29.761301 ], [ -60.827573, -29.75908 ], [ -60.825428, -29.753612 ], [ -60.825898, -29.751614 ], [ -60.830752, -29.752334 ], [ -60.835296, -29.749044 ], [ -60.831788, -29.747536 ], [ -60.827496, -29.744061 ], [ -60.82619, -29.737071 ], [ -60.745707, -29.722898 ], [ -60.718498, -29.710421 ], [ -60.665754, -29.700898 ], [ -60.539634, -29.718794 ], [ -60.390071, -29.74209 ], [ -60.397412, -29.780835 ], [ -60.375779, -29.78534 ], [ -60.294379, -29.795386 ], [ -60.29025, -29.796759 ], [ -60.272, -29.799604 ], [ -60.039143, -29.834864 ], [ -60.056462, -29.916328 ] ] ] ] } },
{ "type": "Feature", "properties": { "fid": 69, "DISTRITO": "0822", "NOMBRE1": "Castellanos", "riesgo_median": 2.0, "riesgo_ponderado": 2.3467286580886211, "pct_n4_n5": 0.11964484372704183, "riesgo_alto_clase": 3, "ha": 8594.61, "b12_ha": 5602.14, "n3_ha": 2962.98, "n4_ha": 10.26, "n5_ha": 0.0 }, "geometry": { "type": "MultiPolygon", "coordinates": [ [ [ [ -61.770845, -31.105734 ], [ -61.686025, -31.120412 ], [ -61.708065, -31.21228 ], [ -61.79272, -31.197583 ], [ -61.770845, -31.105734 ] ] ] ] } },
{ "type": "Feature", "properties": { "fid": 70, "DISTRITO": "0210", "NOMBRE1": "Intiyaco", "riesgo_median": 2.0, "riesgo_ponderado": 2.1769707218511982, "pct_n4_n5": 0.0012776450446536941, "riesgo_alto_clase": 2, "ha": 197152.56, "b12_ha": 162334.35, "n3_ha": 34901.01, "n4_ha": 2.52, "n5_ha": 0.0 }, "geometry": { "type": "MultiPolygon", "coordinates": [ [ [ [ -60.10922, -28.616101 ], [ -59.970621, -28.636954 ], [ -59.977848, -28.673836 ], [ -59.93886, -28.672218 ], [ -59.949969, -28.721187 ], [ -59.952503, -28.752154 ], [ -59.959164, -28.751127 ], [ -59.969759, -28.806292 ], [ -60.111813, -28.784641 ], [ -60.113115, -28.791703 ], [ -60.215319, -28.782526 ], [ -60.215462, -28.783236 ], [ -60.297924, -28.769833 ], [ -60.295402, -28.767603 ], [ -60.300125, -28.765303 ], [ -60.304591, -28.764743 ], [ -60.309442, -28.769115 ], [ -60.391518, -28.743067 ], [ -60.43146, -28.83703 ], [ -60.477312, -28.829982 ], [ -60.687759, -28.79462 ], [ -60.660143, -28.749619 ], [ -60.632589, -28.626556 ], [ -60.648881, -28.624057 ], [ -60.618411, -28.471509 ], [ -60.519457, -28.486041 ], [ -60.517965, -28.478381 ], [ -60.321212, -28.507804 ], [ -60.094872, -28.544744 ], [ -60.10922, -28.616101 ] ] ] ] } },
{ "type": "Feature", "properties": { "fid": 71, "DISTRITO": "0104", "NOMBRE1": "Pozo Borrado", "riesgo_median": 2.0, "riesgo_ponderado": 2.0162758630984032, "pct_n4_n5": 0.00037317122775199787, "riesgo_alto_clase": 2, "ha": 192833.71, "b12_ha": 180689.04, "n3_ha": 12251.16, "n4_ha": 0.72, "n5_ha": 0.0 }, "geometry": { "type": "MultiPolygon", "coordinates": [ [ [ [ -61.561683, -28.828443 ], [ -61.309103, -28.867174 ], [ -61.301474, -28.828992 ], [ -60.947717, -28.881361 ], [ -60.954074, -28.919291 ], [ -60.990043, -29.097025 ], [ -61.090533, -29.082571 ], [ -61.192075, -29.066742 ], [ -61.195593, -29.084057 ], [ -61.34747, -29.061555 ], [ -61.345826, -29.052506 ], [ -61.519744, -29.025745 ], [ -61.521149, -29.033117 ], [ -61.68291, -29.008276 ], [ -61.674875, -28.967827 ], [ -61.762681, -28.954956 ], [ -61.764611, -28.96476 ], [ -61.870908, -28.949595 ], [ -61.843209, -28.783797 ], [ -61.822127, -28.786883 ], [ -61.822641, -28.789754 ], [ -61.561683, -28.828443 ] ] ] ] } },
{ "type": "Feature", "properties": { "fid": 72, "DISTRITO": "0105", "NOMBRE1": "Tostado", "riesgo_median": 2.0, "riesgo_ponderado": 2.0152611272278373, "pct_n4_n5": 0.0062928142377612377, "riesgo_alto_clase": 2, "ha": 384623.33, "b12_ha": 362250.09, "n3_ha": 22450.23, "n4_ha": 24.21, "n5_ha": 0.0 }, "geometry": { "type": "MultiPolygon", "coordinates": [ [ [ [ -61.090533, -29.082571 ], [ -60.990043, -29.097025 ], [ -60.997697, -29.135543 ], [ -61.001418, -29.149263 ], [ -61.044336, -29.381831 ], [ -61.08143, -29.574191 ], [ -61.08281, -29.635312 ], [ -61.084123, -29.634482 ], [ -61.084875, -29.631238 ], [ -61.087784, -29.62781 ], [ -61.089123, -29.624791 ], [ -61.092966, -29.62056 ], [ -61.094949, -29.620155 ], [ -61.09936, -29.621932 ], [ -61.100885, -29.621576 ], [ -61.103291, -29.619164 ], [ -61.101984, -29.616833 ], [ -61.095977, -29.617545 ], [ -61.092649, -29.615498 ], [ -61.095597, -29.613361 ], [ -61.096784, -29.611328 ], [ -61.098413, -29.611213 ], [ -61.10461, -29.607904 ], [ -61.104767, -29.606891 ], [ -61.103632, -29.606044 ], [ -61.098356, -29.606953 ], [ -61.096402, -29.605354 ], [ -61.097288, -29.603781 ], [ -61.104603, -29.598268 ], [ -61.103589, -29.594681 ], [ -61.109092, -29.592663 ], [ -61.105024, -29.588122 ], [ -61.104865, -29.586864 ], [ -61.107373, -29.585583 ], [ -61.104953, -29.582921 ], [ -61.105097, -29.579459 ], [ -61.106711, -29.579229 ], [ -61.10984, -29.580832 ], [ -61.111814, -29.578779 ], [ -61.115557, -29.578302 ], [ -61.117738, -29.576032 ], [ -61.118483, -29.573022 ], [ -61.121534, -29.572475 ], [ -61.122595, -29.571632 ], [ -61.12251, -29.568515 ], [ -61.123472, -29.56733 ], [ -61.127413, -29.569002 ], [ -61.131704, -29.568081 ], [ -61.132961, -29.571742 ], [ -61.134324, -29.572646 ], [ -61.135924, -29.572492 ], [ -61.138546, -29.569397 ], [ -61.138819, -29.564584 ], [ -61.141457, -29.55965 ], [ -61.14615, -29.557611 ], [ -61.148423, -29.555295 ], [ -61.152218, -29.556274 ], [ -61.155842, -29.554982 ], [ -61.156933, -29.555527 ], [ -61.158654, -29.558426 ], [ -61.162016, -29.555889 ], [ -61.168774, -29.558191 ], [ -61.170378, -29.557133 ], [ -61.168889, -29.5542 ], [ -61.169318, -29.552339 ], [ -61.170246, -29.551974 ], [ -61.175161, -29.554119 ], [ -61.177315, -29.554177 ], [ -61.180364, -29.548538 ], [ -61.181901, -29.548985 ], [ -61.184272, -29.552795 ], [ -61.185353, -29.552486 ], [ -61.186828, -29.549139 ], [ -61.189101, -29.548126 ], [ -61.193087, -29.551704 ], [ -61.194818, -29.55165 ], [ -61.197242, -29.548676 ], [ -61.198268, -29.548459 ], [ -61.201133, -29.551996 ], [ -61.202805, -29.551904 ], [ -61.20475, -29.547713 ], [ -61.204215, -29.546178 ], [ -61.196466, -29.547174 ], [ -61.193037, -29.545131 ], [ -61.193223, -29.543665 ], [ -61.194063, -29.543276 ], [ -61.196, -29.544665 ], [ -61.197192, -29.544584 ], [ -61.197684, -29.541837 ], [ -61.199909, -29.540468 ], [ -61.204327, -29.539996 ], [ -61.209208, -29.541682 ], [ -61.212453, -29.541723 ], [ -61.213958, -29.542854 ], [ -61.215742, -29.545994 ], [ -61.217738, -29.54735 ], [ -61.218909, -29.547301 ], [ -61.220132, -29.546189 ], [ -61.221926, -29.541668 ], [ -61.225536, -29.540578 ], [ -61.226619, -29.541014 ], [ -61.229281, -29.544558 ], [ -61.236799, -29.545901 ], [ -61.237255, -29.545127 ], [ -61.236172, -29.541027 ], [ -61.236789, -29.537929 ], [ -61.242793, -29.537427 ], [ -61.246213, -29.533871 ], [ -61.250276, -29.53653 ], [ -61.251883, -29.536458 ], [ -61.252154, -29.533026 ], [ -61.2562, -29.531178 ], [ -61.255689, -29.527518 ], [ -61.25649, -29.525239 ], [ -61.257615, -29.52498 ], [ -61.258895, -29.526158 ], [ -61.260794, -29.525591 ], [ -61.262281, -29.526975 ], [ -61.264066, -29.527212 ], [ -61.265087, -29.525688 ], [ -61.265096, -29.52343 ], [ -61.267182, -29.520353 ], [ -61.268626, -29.520103 ], [ -61.269221, -29.522312 ], [ -61.270893, -29.522245 ], [ -61.273216, -29.520683 ], [ -61.273478, -29.517181 ], [ -61.277256, -29.517387 ], [ -61.285685, -29.516077 ], [ -61.286346, -29.517197 ], [ -61.284179, -29.521214 ], [ -61.28511, -29.523559 ], [ -61.287635, -29.524132 ], [ -61.290724, -29.521647 ], [ -61.287825, -29.519652 ], [ -61.288233, -29.517936 ], [ -61.291021, -29.517534 ], [ -61.293409, -29.518312 ], [ -61.294256, -29.517381 ], [ -61.297341, -29.516861 ], [ -61.298746, -29.51527 ], [ -61.298626, -29.514425 ], [ -61.293572, -29.511666 ], [ -61.291772, -29.508826 ], [ -61.292641, -29.507641 ], [ -61.295177, -29.508036 ], [ -61.295526, -29.503452 ], [ -61.29991, -29.504446 ], [ -61.299655, -29.500994 ], [ -61.300687, -29.500379 ], [ -61.303893, -29.504197 ], [ -61.308807, -29.504009 ], [ -61.303316, -29.493937 ], [ -61.303265, -29.492232 ], [ -61.306, -29.491482 ], [ -61.30422, -29.489921 ], [ -61.303927, -29.488614 ], [ -61.305869, -29.485859 ], [ -61.307765, -29.480546 ], [ -61.309427, -29.478621 ], [ -61.311377, -29.478691 ], [ -61.311626, -29.481094 ], [ -61.316743, -29.480916 ], [ -61.316773, -29.47874 ], [ -61.31795, -29.476966 ], [ -61.313664, -29.475061 ], [ -61.310051, -29.475733 ], [ -61.307943, -29.476899 ], [ -61.306149, -29.475377 ], [ -61.306031, -29.474067 ], [ -61.306821, -29.473309 ], [ -61.312868, -29.473084 ], [ -61.315042, -29.47366 ], [ -61.315877, -29.473003 ], [ -61.316515, -29.469498 ], [ -61.318156, -29.468794 ], [ -61.319171, -29.469128 ], [ -61.321494, -29.472159 ], [ -61.323487, -29.472234 ], [ -61.323862, -29.471397 ], [ -61.322828, -29.46906 ], [ -61.324008, -29.468094 ], [ -61.325533, -29.468517 ], [ -61.32831, -29.4713 ], [ -61.330908, -29.470943 ], [ -61.331856, -29.470005 ], [ -61.332094, -29.467674 ], [ -61.333446, -29.467578 ], [ -61.334945, -29.46881 ], [ -61.338176, -29.462956 ], [ -61.339986, -29.461239 ], [ -61.342231, -29.462266 ], [ -61.343265, -29.464597 ], [ -61.345755, -29.467028 ], [ -61.350738, -29.467791 ], [ -61.35105, -29.467177 ], [ -61.347606, -29.464095 ], [ -61.347621, -29.462358 ], [ -61.349915, -29.459526 ], [ -61.355409, -29.463215 ], [ -61.357842, -29.463601 ], [ -61.362855, -29.462758 ], [ -61.363678, -29.463623 ], [ -61.363849, -29.46604 ], [ -61.368075, -29.464782 ], [ -61.369781, -29.462903 ], [ -61.372167, -29.462079 ], [ -61.374478, -29.462049 ], [ -61.376978, -29.46337 ], [ -61.37942, -29.459979 ], [ -61.380936, -29.459679 ], [ -61.381577, -29.460419 ], [ -61.380963, -29.462519 ], [ -61.387316, -29.462558 ], [ -61.392164, -29.466357 ], [ -61.393577, -29.465101 ], [ -61.3939, -29.463241 ], [ -61.391438, -29.462078 ], [ -61.390806, -29.46066 ], [ -61.395531, -29.457286 ], [ -61.396712, -29.458373 ], [ -61.396279, -29.464074 ], [ -61.399981, -29.46576 ], [ -61.400396, -29.461863 ], [ -61.40193, -29.459333 ], [ -61.40209, -29.457054 ], [ -61.400308, -29.455022 ], [ -61.402347, -29.451655 ], [ -61.403833, -29.450935 ], [ -61.405515, -29.452595 ], [ -61.406254, -29.455648 ], [ -61.407026, -29.45584 ], [ -61.407404, -29.454542 ], [ -61.409071, -29.45424 ], [ -61.411774, -29.458535 ], [ -61.412415, -29.458278 ], [ -61.412434, -29.456579 ], [ -61.415818, -29.45709 ], [ -61.416861, -29.453429 ], [ -61.418081, -29.452996 ], [ -61.422999, -29.461779 ], [ -61.425362, -29.46311 ], [ -61.427276, -29.459072 ], [ -61.424174, -29.452983 ], [ -61.420944, -29.451429 ], [ -61.420164, -29.449828 ], [ -61.423535, -29.450245 ], [ -61.4244, -29.448026 ], [ -61.425287, -29.447875 ], [ -61.428876, -29.451886 ], [ -61.42954, -29.454648 ], [ -61.431725, -29.45535 ], [ -61.432196, -29.454635 ], [ -61.429983, -29.452148 ], [ -61.429461, -29.447068 ], [ -61.427608, -29.444353 ], [ -61.430419, -29.443428 ], [ -61.433838, -29.443854 ], [ -61.436232, -29.441351 ], [ -61.435464, -29.440592 ], [ -61.430929, -29.441135 ], [ -61.427701, -29.438876 ], [ -61.425459, -29.438396 ], [ -61.42519, -29.4363 ], [ -61.426408, -29.435367 ], [ -61.429667, -29.435931 ], [ -61.432883, -29.435197 ], [ -61.437803, -29.435581 ], [ -61.438548, -29.439023 ], [ -61.437883, -29.442554 ], [ -61.43955, -29.442733 ], [ -61.443149, -29.441837 ], [ -61.443882, -29.440682 ], [ -61.440281, -29.434991 ], [ -61.441502, -29.431259 ], [ -61.443854, -29.432588 ], [ -61.445689, -29.430007 ], [ -61.449446, -29.429687 ], [ -61.451264, -29.430357 ], [ -61.453045, -29.433498 ], [ -61.454756, -29.434476 ], [ -61.455837, -29.434257 ], [ -61.456142, -29.432912 ], [ -61.453788, -29.426179 ], [ -61.460616, -29.426423 ], [ -61.464337, -29.424715 ], [ -61.46116, -29.423545 ], [ -61.457711, -29.423888 ], [ -61.457086, -29.420066 ], [ -61.457959, -29.416678 ], [ -61.459189, -29.415907 ], [ -61.46158, -29.416075 ], [ -61.463056, -29.417155 ], [ -61.463024, -29.417887 ], [ -61.460519, -29.419156 ], [ -61.460501, -29.420003 ], [ -61.464658, -29.420383 ], [ -61.466863, -29.41917 ], [ -61.468654, -29.414659 ], [ -61.471146, -29.414179 ], [ -61.474597, -29.420173 ], [ -61.47705, -29.421119 ], [ -61.47786, -29.417313 ], [ -61.477061, -29.412799 ], [ -61.481785, -29.409633 ], [ -61.484607, -29.410359 ], [ -61.483953, -29.406716 ], [ -61.484474, -29.405811 ], [ -61.488033, -29.404377 ], [ -61.489292, -29.404994 ], [ -61.490075, -29.406379 ], [ -61.488682, -29.409298 ], [ -61.488811, -29.410753 ], [ -61.49226, -29.410825 ], [ -61.495523, -29.408443 ], [ -61.493512, -29.406509 ], [ -61.493521, -29.405647 ], [ -61.496872, -29.40173 ], [ -61.499069, -29.401056 ], [ -61.499871, -29.402067 ], [ -61.499156, -29.40694 ], [ -61.50023, -29.408953 ], [ -61.501285, -29.408778 ], [ -61.50105, -29.406272 ], [ -61.50348, -29.402408 ], [ -61.5076, -29.406695 ], [ -61.511628, -29.407346 ], [ -61.512127, -29.406173 ], [ -61.509755, -29.40336 ], [ -61.511169, -29.399231 ], [ -61.512843, -29.399543 ], [ -61.515502, -29.40229 ], [ -61.519059, -29.401187 ], [ -61.522292, -29.401271 ], [ -61.523285, -29.404631 ], [ -61.522737, -29.407362 ], [ -61.531584, -29.408118 ], [ -61.531828, -29.409566 ], [ -61.530307, -29.411908 ], [ -61.535073, -29.414286 ], [ -61.537067, -29.413853 ], [ -61.542478, -29.408016 ], [ -61.543697, -29.408385 ], [ -61.544722, -29.410614 ], [ -61.550226, -29.411965 ], [ -61.550814, -29.411074 ], [ -61.549986, -29.408812 ], [ -61.550024, -29.404946 ], [ -61.551224, -29.403701 ], [ -61.555575, -29.408589 ], [ -61.560749, -29.407172 ], [ -61.563176, -29.405629 ], [ -61.564294, -29.406488 ], [ -61.564032, -29.408984 ], [ -61.570516, -29.409566 ], [ -61.571863, -29.408855 ], [ -61.571983, -29.40655 ], [ -61.575635, -29.40535 ], [ -61.577805, -29.403723 ], [ -61.583527, -29.408092 ], [ -61.584953, -29.405887 ], [ -61.584095, -29.403433 ], [ -61.586808, -29.402367 ], [ -61.591919, -29.398691 ], [ -61.594276, -29.395796 ], [ -61.595443, -29.395877 ], [ -61.597316, -29.398189 ], [ -61.599149, -29.398625 ], [ -61.601122, -29.398444 ], [ -61.603158, -29.396915 ], [ -61.600978, -29.393433 ], [ -61.601495, -29.391208 ], [ -61.605013, -29.394153 ], [ -61.608105, -29.394857 ], [ -61.607092, -29.391556 ], [ -61.607545, -29.386375 ], [ -61.61061, -29.387327 ], [ -61.613656, -29.385481 ], [ -61.619532, -29.384526 ], [ -61.621053, -29.382015 ], [ -61.621911, -29.375917 ], [ -61.626671, -29.376572 ], [ -61.62803, -29.375955 ], [ -61.627176, -29.371114 ], [ -61.632799, -29.370969 ], [ -61.635161, -29.369757 ], [ -61.64035, -29.371939 ], [ -61.644959, -29.372519 ], [ -61.645801, -29.370783 ], [ -61.642098, -29.369009 ], [ -61.639781, -29.36604 ], [ -61.642831, -29.363041 ], [ -61.64887, -29.365031 ], [ -61.649146, -29.365764 ], [ -61.647169, -29.367913 ], [ -61.647208, -29.368854 ], [ -61.652314, -29.368638 ], [ -61.65458, -29.369536 ], [ -61.655227, -29.369065 ], [ -61.65433, -29.367824 ], [ -61.654566, -29.366535 ], [ -61.657804, -29.363356 ], [ -61.657748, -29.360148 ], [ -61.662499, -29.360965 ], [ -61.665563, -29.36497 ], [ -61.669252, -29.364147 ], [ -61.668989, -29.362323 ], [ -61.665931, -29.36012 ], [ -61.667056, -29.356936 ], [ -61.66935, -29.357334 ], [ -61.670882, -29.3566 ], [ -61.672397, -29.350712 ], [ -61.674288, -29.348152 ], [ -61.676411, -29.347407 ], [ -61.681132, -29.34814 ], [ -61.6843, -29.344963 ], [ -61.679196, -29.341333 ], [ -61.680526, -29.338649 ], [ -61.67878, -29.336171 ], [ -61.68328, -29.33492 ], [ -61.686716, -29.335134 ], [ -61.687152, -29.334388 ], [ -61.685576, -29.331264 ], [ -61.68556, -29.328505 ], [ -61.68647, -29.328212 ], [ -61.690191, -29.330604 ], [ -61.690992, -29.327334 ], [ -61.693042, -29.32621 ], [ -61.692663, -29.324047 ], [ -61.689231, -29.321785 ], [ -61.689372, -29.319772 ], [ -61.690836, -29.31953 ], [ -61.695836, -29.320909 ], [ -61.69785, -29.320555 ], [ -61.701194, -29.317011 ], [ -61.700597, -29.315592 ], [ -61.697163, -29.315219 ], [ -61.695316, -29.313774 ], [ -61.696258, -29.312641 ], [ -61.69953, -29.311373 ], [ -61.699228, -29.303988 ], [ -61.700162, -29.303335 ], [ -61.702822, -29.304019 ], [ -61.706552, -29.303852 ], [ -61.708519, -29.301537 ], [ -61.707535, -29.299839 ], [ -61.705466, -29.301574 ], [ -61.70065, -29.300346 ], [ -61.700249, -29.299415 ], [ -61.701827, -29.296579 ], [ -61.703637, -29.296258 ], [ -61.706961, -29.297598 ], [ -61.707917, -29.297053 ], [ -61.708365, -29.29593 ], [ -61.707443, -29.294069 ], [ -61.713907, -29.289142 ], [ -61.713508, -29.288171 ], [ -61.710053, -29.28674 ], [ -61.712977, -29.282838 ], [ -61.714364, -29.28273 ], [ -61.717867, -29.284705 ], [ -61.721254, -29.284215 ], [ -61.719861, -29.280262 ], [ -61.71636, -29.278609 ], [ -61.716214, -29.273303 ], [ -61.717544, -29.272151 ], [ -61.72011, -29.272223 ], [ -61.719686, -29.275552 ], [ -61.721934, -29.277634 ], [ -61.722665, -29.277182 ], [ -61.721378, -29.274446 ], [ -61.722904, -29.273863 ], [ -61.727034, -29.274475 ], [ -61.732582, -29.269271 ], [ -61.73487, -29.271305 ], [ -61.738127, -29.27779 ], [ -61.744492, -29.274633 ], [ -61.749691, -29.276171 ], [ -61.752293, -29.276242 ], [ -61.755449, -29.273273 ], [ -61.761312, -29.27507 ], [ -61.765131, -29.277549 ], [ -61.767272, -29.274053 ], [ -61.771621, -29.271307 ], [ -61.778294, -29.274093 ], [ -61.779202, -29.275277 ], [ -61.778725, -29.278422 ], [ -61.784606, -29.284916 ], [ -61.78221, -29.293278 ], [ -61.79089, -29.296932 ], [ -61.792451, -29.301657 ], [ -61.795149, -29.30414 ], [ -61.799077, -29.303656 ], [ -61.803355, -29.304492 ], [ -61.804325, -29.307534 ], [ -61.807914, -29.310908 ], [ -61.810221, -29.315338 ], [ -61.807055, -29.320246 ], [ -61.806944, -29.323951 ], [ -61.808351, -29.325971 ], [ -61.814098, -29.329721 ], [ -61.819137, -29.33755 ], [ -61.821529, -29.339175 ], [ -61.825696, -29.339552 ], [ -61.82749, -29.339006 ], [ -61.827786, -29.33644 ], [ -61.829824, -29.335222 ], [ -61.83675, -29.33695 ], [ -61.841593, -29.336 ], [ -61.846918, -29.339255 ], [ -61.85218, -29.339051 ], [ -61.855999, -29.342865 ], [ -61.858076, -29.34163 ], [ -61.860221, -29.342328 ], [ -61.860536, -29.344731 ], [ -61.857403, -29.350134 ], [ -61.857052, -29.354335 ], [ -61.857957, -29.357198 ], [ -61.855896, -29.362545 ], [ -61.857621, -29.364718 ], [ -61.863017, -29.364987 ], [ -61.863019, -29.366024 ], [ -61.86018, -29.369069 ], [ -61.864046, -29.370508 ], [ -61.865745, -29.375334 ], [ -61.868916, -29.375369 ], [ -61.870466, -29.373967 ], [ -61.872608, -29.374644 ], [ -61.873032, -29.375765 ], [ -61.869445, -29.379635 ], [ -61.869888, -29.381082 ], [ -61.872181, -29.382006 ], [ -61.87644, -29.381808 ], [ -61.87884, -29.377444 ], [ -61.882586, -29.376043 ], [ -61.887838, -29.379161 ], [ -61.891937, -29.379153 ], [ -61.893884, -29.382966 ], [ -61.897991, -29.384519 ], [ -61.899541, -29.383585 ], [ -61.898842, -29.380458 ], [ -61.899935, -29.379643 ], [ -61.901182, -29.379797 ], [ -61.905166, -29.383062 ], [ -61.904921, -29.385005 ], [ -61.902658, -29.388322 ], [ -61.904105, -29.390773 ], [ -61.906693, -29.392907 ], [ -61.907958, -29.392952 ], [ -61.909847, -29.391634 ], [ -61.913052, -29.392171 ], [ -61.914474, -29.393569 ], [ -61.916213, -29.399086 ], [ -61.919775, -29.399457 ], [ -61.923721, -29.402946 ], [ -61.924578, -29.403083 ], [ -61.926069, -29.401139 ], [ -61.927756, -29.401174 ], [ -61.928601, -29.407573 ], [ -61.931034, -29.409266 ], [ -61.933218, -29.409432 ], [ -61.935676, -29.407762 ], [ -61.938052, -29.409347 ], [ -61.94331, -29.408444 ], [ -61.94556, -29.409778 ], [ -61.94752, -29.41274 ], [ -61.948818, -29.412461 ], [ -61.870908, -28.949595 ], [ -61.764611, -28.96476 ], [ -61.762681, -28.954956 ], [ -61.674875, -28.967827 ], [ -61.68291, -29.008276 ], [ -61.521149, -29.033117 ], [ -61.519744, -29.025745 ], [ -61.345826, -29.052506 ], [ -61.34747, -29.061555 ], [ -61.195593, -29.084057 ], [ -61.192075, -29.066742 ], [ -61.090533, -29.082571 ] ] ] ] } },
{ "type": "Feature", "properties": { "fid": 73, "DISTRITO": "0106", "NOMBRE1": "Logrono", "riesgo_median": 2.0, "riesgo_ponderado": 2.0104112912152585, "pct_n4_n5": 0.0068597905581219152, "riesgo_alto_clase": 2, "ha": 115429.99, "b12_ha": 110474.46, "n3_ha": 4973.04, "n4_ha": 7.92, "n5_ha": 0.0 }, "geometry": { "type": "MultiPolygon", "coordinates": [ [ [ [ -61.713247, -29.60731 ], [ -61.801674, -29.609965 ], [ -61.803008, -29.467943 ], [ -61.892385, -29.467844 ], [ -61.888674, -29.511688 ], [ -61.965762, -29.51232 ], [ -61.948818, -29.412461 ], [ -61.94752, -29.41274 ], [ -61.94556, -29.409778 ], [ -61.94331, -29.408444 ], [ -61.938052, -29.409347 ], [ -61.935676, -29.407762 ], [ -61.933218, -29.409432 ], [ -61.931034, -29.409266 ], [ -61.928601, -29.407573 ], [ -61.927756, -29.401174 ], [ -61.926069, -29.401139 ], [ -61.924578, -29.403083 ], [ -61.923721, -29.402946 ], [ -61.919775, -29.399457 ], [ -61.916213, -29.399086 ], [ -61.914474, -29.393569 ], [ -61.913052, -29.392171 ], [ -61.909847, -29.391634 ], [ -61.907958, -29.392952 ], [ -61.906693, -29.392907 ], [ -61.904105, -29.390773 ], [ -61.902658, -29.388322 ], [ -61.904921, -29.385005 ], [ -61.905166, -29.383062 ], [ -61.901182, -29.379797 ], [ -61.899935, -29.379643 ], [ -61.898842, -29.380458 ], [ -61.899541, -29.383585 ], [ -61.897991, -29.384519 ], [ -61.893884, -29.382966 ], [ -61.891937, -29.379153 ], [ -61.887838, -29.379161 ], [ -61.882586, -29.376043 ], [ -61.87884, -29.377444 ], [ -61.87644, -29.381808 ], [ -61.872181, -29.382006 ], [ -61.869888, -29.381082 ], [ -61.869445, -29.379635 ], [ -61.873032, -29.375765 ], [ -61.872608, -29.374644 ], [ -61.870466, -29.373967 ], [ -61.868916, -29.375369 ], [ -61.865745, -29.375334 ], [ -61.864046, -29.370508 ], [ -61.86018, -29.369069 ], [ -61.863019, -29.366024 ], [ -61.863017, -29.364987 ], [ -61.857621, -29.364718 ], [ -61.855896, -29.362545 ], [ -61.857957, -29.357198 ], [ -61.857052, -29.354335 ], [ -61.857403, -29.350134 ], [ -61.860536, -29.344731 ], [ -61.860221, -29.342328 ], [ -61.858076, -29.34163 ], [ -61.855999, -29.342865 ], [ -61.85218, -29.339051 ], [ -61.846918, -29.339255 ], [ -61.841593, -29.336 ], [ -61.83675, -29.33695 ], [ -61.829824, -29.335222 ], [ -61.827786, -29.33644 ], [ -61.82749, -29.339006 ], [ -61.825696, -29.339552 ], [ -61.821529, -29.339175 ], [ -61.819137, -29.33755 ], [ -61.814098, -29.329721 ], [ -61.808351, -29.325971 ], [ -61.806944, -29.323951 ], [ -61.807055, -29.320246 ], [ -61.810221, -29.315338 ], [ -61.807914, -29.310908 ], [ -61.804325, -29.307534 ], [ -61.803355, -29.304492 ], [ -61.799077, -29.303656 ], [ -61.795149, -29.30414 ], [ -61.792451, -29.301657 ], [ -61.79089, -29.296932 ], [ -61.78221, -29.293278 ], [ -61.784606, -29.284916 ], [ -61.778725, -29.278422 ], [ -61.779202, -29.275277 ], [ -61.778294, -29.274093 ], [ -61.771621, -29.271307 ], [ -61.767272, -29.274053 ], [ -61.765131, -29.277549 ], [ -61.761312, -29.27507 ], [ -61.755449, -29.273273 ], [ -61.752293, -29.276242 ], [ -61.749691, -29.276171 ], [ -61.744492, -29.274633 ], [ -61.738127, -29.27779 ], [ -61.73487, -29.271305 ], [ -61.732582, -29.269271 ], [ -61.727034, -29.274475 ], [ -61.722904, -29.273863 ], [ -61.721378, -29.274446 ], [ -61.722665, -29.277182 ], [ -61.721934, -29.277634 ], [ -61.719686, -29.275552 ], [ -61.719753, -29.271851 ], [ -61.716619, -29.272486 ], [ -61.716507, -29.279063 ], [ -61.719861, -29.280262 ], [ -61.721254, -29.284215 ], [ -61.717867, -29.284705 ], [ -61.714364, -29.28273 ], [ -61.712977, -29.282838 ], [ -61.710053, -29.28674 ], [ -61.713508, -29.288171 ], [ -61.713907, -29.289142 ], [ -61.707443, -29.294069 ], [ -61.708365, -29.29593 ], [ -61.707917, -29.297053 ], [ -61.706961, -29.297598 ], [ -61.703637, -29.296258 ], [ -61.701827, -29.296579 ], [ -61.700249, -29.299415 ], [ -61.70065, -29.300346 ], [ -61.705466, -29.301574 ], [ -61.707535, -29.299839 ], [ -61.708519, -29.301537 ], [ -61.706552, -29.303852 ], [ -61.702822, -29.304019 ], [ -61.700162, -29.303335 ], [ -61.699228, -29.303988 ], [ -61.69953, -29.311373 ], [ -61.696258, -29.312641 ], [ -61.695316, -29.313774 ], [ -61.697163, -29.315219 ], [ -61.700597, -29.315592 ], [ -61.701194, -29.317011 ], [ -61.69785, -29.320555 ], [ -61.695836, -29.320909 ], [ -61.690836, -29.31953 ], [ -61.689372, -29.319772 ], [ -61.689231, -29.321785 ], [ -61.692663, -29.324047 ], [ -61.693042, -29.32621 ], [ -61.690992, -29.327334 ], [ -61.690191, -29.330604 ], [ -61.68647, -29.328212 ], [ -61.68556, -29.328505 ], [ -61.685576, -29.331264 ], [ -61.687152, -29.334388 ], [ -61.686716, -29.335134 ], [ -61.68328, -29.33492 ], [ -61.67878, -29.336171 ], [ -61.680526, -29.338649 ], [ -61.679196, -29.341333 ], [ -61.6843, -29.344963 ], [ -61.681132, -29.34814 ], [ -61.676411, -29.347407 ], [ -61.674288, -29.348152 ], [ -61.672397, -29.350712 ], [ -61.670882, -29.3566 ], [ -61.66935, -29.357334 ], [ -61.667056, -29.356936 ], [ -61.665931, -29.36012 ], [ -61.668989, -29.362323 ], [ -61.66967, -29.363769 ], [ -61.668307, -29.364646 ], [ -61.665563, -29.36497 ], [ -61.662499, -29.360965 ], [ -61.657748, -29.360148 ], [ -61.657804, -29.363356 ], [ -61.654566, -29.366535 ], [ -61.65433, -29.367824 ], [ -61.655227, -29.369065 ], [ -61.65458, -29.369536 ], [ -61.652314, -29.368638 ], [ -61.647208, -29.368854 ], [ -61.647169, -29.367913 ], [ -61.649146, -29.365764 ], [ -61.64887, -29.365031 ], [ -61.642831, -29.363041 ], [ -61.639781, -29.36604 ], [ -61.642098, -29.369009 ], [ -61.645801, -29.370783 ], [ -61.644959, -29.372519 ], [ -61.64035, -29.371939 ], [ -61.635161, -29.369757 ], [ -61.632799, -29.370969 ], [ -61.627176, -29.371114 ], [ -61.62803, -29.375955 ], [ -61.626671, -29.376572 ], [ -61.621911, -29.375917 ], [ -61.621053, -29.382015 ], [ -61.619532, -29.384526 ], [ -61.613656, -29.385481 ], [ -61.61061, -29.387327 ], [ -61.607545, -29.386375 ], [ -61.607092, -29.391556 ], [ -61.608105, -29.394857 ], [ -61.605013, -29.394153 ], [ -61.601495, -29.391208 ], [ -61.600978, -29.393433 ], [ -61.603158, -29.396915 ], [ -61.601122, -29.398444 ], [ -61.599149, -29.398625 ], [ -61.597316, -29.398189 ], [ -61.595443, -29.395877 ], [ -61.594276, -29.395796 ], [ -61.591919, -29.398691 ], [ -61.586808, -29.402367 ], [ -61.584095, -29.403433 ], [ -61.584953, -29.405887 ], [ -61.583891, -29.407929 ], [ -61.582458, -29.407683 ], [ -61.577805, -29.403723 ], [ -61.575635, -29.40535 ], [ -61.571983, -29.40655 ], [ -61.571863, -29.408855 ], [ -61.570516, -29.409566 ], [ -61.564032, -29.408984 ], [ -61.564294, -29.406488 ], [ -61.563176, -29.405629 ], [ -61.560749, -29.407172 ], [ -61.555575, -29.408589 ], [ -61.551224, -29.403701 ], [ -61.550024, -29.404946 ], [ -61.549986, -29.408812 ], [ -61.550814, -29.411074 ], [ -61.550226, -29.411965 ], [ -61.544722, -29.410614 ], [ -61.543697, -29.408385 ], [ -61.542478, -29.408016 ], [ -61.537494, -29.41348 ], [ -61.535368, -29.414319 ], [ -61.530307, -29.411908 ], [ -61.531828, -29.409566 ], [ -61.531584, -29.408118 ], [ -61.522737, -29.407362 ], [ -61.523285, -29.404631 ], [ -61.522292, -29.401271 ], [ -61.519059, -29.401187 ], [ -61.515502, -29.40229 ], [ -61.512843, -29.399543 ], [ -61.511169, -29.399231 ], [ -61.509755, -29.40336 ], [ -61.512127, -29.406173 ], [ -61.512041, -29.407242 ], [ -61.508828, -29.407315 ], [ -61.5076, -29.406695 ], [ -61.50348, -29.402408 ], [ -61.501241, -29.405781 ], [ -61.501285, -29.408778 ], [ -61.50067, -29.409069 ], [ -61.499156, -29.40694 ], [ -61.499773, -29.401537 ], [ -61.498644, -29.401113 ], [ -61.496872, -29.40173 ], [ -61.493521, -29.405647 ], [ -61.493512, -29.406509 ], [ -61.495523, -29.408443 ], [ -61.49226, -29.410825 ], [ -61.488811, -29.410753 ], [ -61.488682, -29.409298 ], [ -61.490075, -29.406379 ], [ -61.48857, -29.404555 ], [ -61.484148, -29.406067 ], [ -61.484607, -29.410359 ], [ -61.481785, -29.409633 ], [ -61.477061, -29.412799 ], [ -61.47786, -29.417313 ], [ -61.47705, -29.421119 ], [ -61.474597, -29.420173 ], [ -61.471146, -29.414179 ], [ -61.468654, -29.414659 ], [ -61.466863, -29.41917 ], [ -61.465563, -29.420252 ], [ -61.460884, -29.420298 ], [ -61.460519, -29.419156 ], [ -61.463024, -29.417887 ], [ -61.463056, -29.417155 ], [ -61.46041, -29.415817 ], [ -61.458205, -29.416417 ], [ -61.457015, -29.420561 ], [ -61.457711, -29.423888 ], [ -61.46116, -29.423545 ], [ -61.464337, -29.424715 ], [ -61.460616, -29.426423 ], [ -61.453788, -29.426179 ], [ -61.456142, -29.432912 ], [ -61.455432, -29.434487 ], [ -61.452302, -29.432828 ], [ -61.450628, -29.430006 ], [ -61.447395, -29.429565 ], [ -61.444872, -29.430857 ], [ -61.443475, -29.615771 ], [ -61.533736, -29.615705 ], [ -61.533737, -29.617504 ], [ -61.578515, -29.61718 ], [ -61.578314, -29.604252 ], [ -61.713175, -29.603053 ], [ -61.713247, -29.60731 ] ] ] ] } },
{ "type": "Feature", "properties": { "fid": 74, "DISTRITO": "0213", "NOMBRE1": "Tartagal", "riesgo_median": 2.0, "riesgo_ponderado": 2.1113299948767397, "pct_n4_n5": 0.041400081765161488, "riesgo_alto_clase": 2, "ha": 52171.85, "b12_ha": 46245.24, "n3_ha": 5906.97, "n4_ha": 21.6, "n5_ha": 0.0 }, "geometry": { "type": "MultiPolygon", "coordinates": [ [ [ [ -59.82801, -28.4541 ], [ -59.769211, -28.471388 ], [ -59.770576, -28.474367 ], [ -59.778722, -28.478078 ], [ -59.781689, -28.480293 ], [ -59.785791, -28.481632 ], [ -59.786396, -28.483772 ], [ -59.788628, -28.486002 ], [ -59.789359, -28.48901 ], [ -59.788763, -28.492565 ], [ -59.792615, -28.497231 ], [ -59.792667, -28.498622 ], [ -59.796894, -28.505443 ], [ -59.795332, -28.510599 ], [ -59.793648, -28.51292 ], [ -59.794717, -28.518246 ], [ -59.796999, -28.519955 ], [ -59.79944, -28.523742 ], [ -59.803858, -28.524446 ], [ -59.806871, -28.526221 ], [ -59.809379, -28.526285 ], [ -59.809499, -28.527453 ], [ -59.810916, -28.527957 ], [ -59.809735, -28.530832 ], [ -59.810212, -28.533253 ], [ -59.809018, -28.53422 ], [ -59.810852, -28.537468 ], [ -59.810078, -28.542153 ], [ -59.811772, -28.5453 ], [ -59.812275, -28.548629 ], [ -59.811739, -28.551969 ], [ -59.814291, -28.556326 ], [ -59.813876, -28.557805 ], [ -59.815586, -28.559189 ], [ -59.815483, -28.560647 ], [ -59.818159, -28.563226 ], [ -59.817809, -28.565863 ], [ -59.816, -28.567917 ], [ -59.814015, -28.574345 ], [ -59.811644, -28.576733 ], [ -59.8099, -28.58043 ], [ -59.81124, -28.581692 ], [ -59.810948, -28.583393 ], [ -59.812525, -28.583251 ], [ -59.813627, -28.584886 ], [ -59.813229, -28.585827 ], [ -59.811382, -28.586674 ], [ -59.813079, -28.588826 ], [ -59.814062, -28.592427 ], [ -59.813446, -28.594579 ], [ -59.814107, -28.595868 ], [ -59.810709, -28.598806 ], [ -59.810785, -28.599696 ], [ -59.812633, -28.600865 ], [ -59.812431, -28.601423 ], [ -59.810185, -28.601718 ], [ -59.809898, -28.604237 ], [ -59.808142, -28.604949 ], [ -59.809645, -28.606405 ], [ -59.80943, -28.607402 ], [ -59.807957, -28.608041 ], [ -59.805241, -28.607504 ], [ -59.805356, -28.609711 ], [ -59.80252, -28.611027 ], [ -59.804123, -28.614537 ], [ -59.801161, -28.616505 ], [ -59.801867, -28.61762 ], [ -59.804963, -28.618786 ], [ -59.805664, -28.620569 ], [ -59.807586, -28.621282 ], [ -59.807381, -28.621792 ], [ -59.809392, -28.620929 ], [ -59.812872, -28.621077 ], [ -59.814137, -28.623227 ], [ -59.815901, -28.622684 ], [ -59.817004, -28.623377 ], [ -59.817157, -28.624497 ], [ -59.814875, -28.626063 ], [ -59.816136, -28.629008 ], [ -59.815496, -28.629712 ], [ -59.813604, -28.627406 ], [ -59.812266, -28.627734 ], [ -59.813281, -28.630459 ], [ -59.811891, -28.630921 ], [ -59.811715, -28.631982 ], [ -59.814016, -28.633413 ], [ -59.812144, -28.633281 ], [ -59.812403, -28.63559 ], [ -59.811617, -28.63558 ], [ -59.810711, -28.634142 ], [ -59.809654, -28.635379 ], [ -59.812909, -28.640688 ], [ -59.80675, -28.639923 ], [ -59.806265, -28.640977 ], [ -59.808442, -28.642063 ], [ -59.808088, -28.642802 ], [ -59.802583, -28.642105 ], [ -59.796017, -28.643771 ], [ -59.795634, -28.644904 ], [ -59.79729, -28.648167 ], [ -59.794597, -28.648957 ], [ -59.792557, -28.651296 ], [ -59.789336, -28.651247 ], [ -59.788137, -28.652383 ], [ -59.785334, -28.658084 ], [ -59.783026, -28.659822 ], [ -59.78349, -28.662431 ], [ -59.780586, -28.663522 ], [ -59.776438, -28.662295 ], [ -59.776659, -28.664838 ], [ -59.778853, -28.665458 ], [ -59.778678, -28.669191 ], [ -59.782346, -28.667915 ], [ -59.782729, -28.668323 ], [ -59.779977, -28.670799 ], [ -59.776261, -28.672168 ], [ -59.777455, -28.675021 ], [ -59.781067, -28.676164 ], [ -59.781065, -28.67703 ], [ -59.776941, -28.678233 ], [ -59.773847, -28.678266 ], [ -59.772788, -28.679407 ], [ -59.773355, -28.680497 ], [ -59.775873, -28.681527 ], [ -59.777473, -28.679917 ], [ -59.781628, -28.684246 ], [ -59.779598, -28.687914 ], [ -59.781225, -28.688853 ], [ -59.781191, -28.69085 ], [ -59.782851, -28.691543 ], [ -59.783094, -28.690674 ], [ -59.786187, -28.690986 ], [ -59.78731, -28.692661 ], [ -59.788572, -28.691678 ], [ -59.789398, -28.692008 ], [ -59.788532, -28.694722 ], [ -59.785127, -28.694896 ], [ -59.785092, -28.697008 ], [ -59.785681, -28.697449 ], [ -59.788834, -28.695176 ], [ -59.791718, -28.697854 ], [ -59.792756, -28.697898 ], [ -59.792932, -28.698555 ], [ -59.790643, -28.700768 ], [ -59.785898, -28.700305 ], [ -59.785127, -28.701295 ], [ -59.787827, -28.702741 ], [ -59.79255, -28.701311 ], [ -59.792968, -28.703962 ], [ -59.789871, -28.706638 ], [ -59.791921, -28.707918 ], [ -59.794906, -28.708369 ], [ -59.792642, -28.709767 ], [ -59.788801, -28.707834 ], [ -59.788328, -28.70874 ], [ -59.789279, -28.710819 ], [ -59.788677, -28.710958 ], [ -59.786686, -28.708731 ], [ -59.785757, -28.708952 ], [ -59.785205, -28.709886 ], [ -59.7877, -28.713124 ], [ -59.785862, -28.715208 ], [ -59.784694, -28.714916 ], [ -59.784132, -28.713287 ], [ -59.78432, -28.710426 ], [ -59.782262, -28.710733 ], [ -59.78106, -28.711896 ], [ -59.781456, -28.713482 ], [ -59.784708, -28.716094 ], [ -59.784671, -28.716988 ], [ -59.783694, -28.717913 ], [ -59.781138, -28.718077 ], [ -59.779224, -28.716043 ], [ -59.778451, -28.71642 ], [ -59.778575, -28.71727 ], [ -59.78041, -28.719839 ], [ -59.781971, -28.719733 ], [ -59.7841, -28.721165 ], [ -59.785429, -28.720537 ], [ -59.785246, -28.72403 ], [ -59.786347, -28.723149 ], [ -59.787322, -28.723588 ], [ -59.785711, -28.72668 ], [ -59.781966, -28.726111 ], [ -59.783445, -28.729308 ], [ -59.784351, -28.729351 ], [ -59.785388, -28.730862 ], [ -59.788547, -28.731415 ], [ -59.788698, -28.732948 ], [ -59.793638, -28.732431 ], [ -59.793962, -28.7338 ], [ -59.791811, -28.734904 ], [ -59.792074, -28.73537 ], [ -59.795976, -28.73488 ], [ -59.797895, -28.736024 ], [ -59.800035, -28.735234 ], [ -59.801243, -28.737028 ], [ -59.800177, -28.739363 ], [ -59.802419, -28.741213 ], [ -59.800103, -28.74197 ], [ -59.798479, -28.744323 ], [ -59.800211, -28.74536 ], [ -59.799898, -28.746335 ], [ -59.800999, -28.74778 ], [ -59.80282, -28.747438 ], [ -59.803259, -28.749357 ], [ -59.798421, -28.750445 ], [ -59.800756, -28.752169 ], [ -59.801299, -28.753524 ], [ -59.797703, -28.75384 ], [ -59.797525, -28.754619 ], [ -59.79837, -28.755762 ], [ -59.799958, -28.756104 ], [ -59.803605, -28.755565 ], [ -59.804537, -28.756115 ], [ -59.804586, -28.757694 ], [ -59.80295, -28.759459 ], [ -59.796633, -28.757415 ], [ -59.795833, -28.75936 ], [ -59.79382, -28.758856 ], [ -59.792537, -28.759561 ], [ -59.792279, -28.761752 ], [ -59.795334, -28.764558 ], [ -59.79618, -28.765961 ], [ -59.795498, -28.766485 ], [ -59.794173, -28.766328 ], [ -59.791924, -28.767415 ], [ -59.790711, -28.767007 ], [ -59.790212, -28.766011 ], [ -59.790861, -28.763828 ], [ -59.787562, -28.766668 ], [ -59.78633, -28.766703 ], [ -59.785889, -28.765319 ], [ -59.788198, -28.763297 ], [ -59.786619, -28.76251 ], [ -59.785661, -28.762819 ], [ -59.785916, -28.763848 ], [ -59.784744, -28.763589 ], [ -59.782514, -28.764512 ], [ -59.781108, -28.763669 ], [ -59.779791, -28.763846 ], [ -59.780872, -28.765351 ], [ -59.77987, -28.76637 ], [ -59.775614, -28.766465 ], [ -59.779644, -28.76883 ], [ -59.779069, -28.769513 ], [ -59.776929, -28.769623 ], [ -59.773452, -28.768599 ], [ -59.773924, -28.771338 ], [ -59.770312, -28.771956 ], [ -59.771781, -28.775419 ], [ -59.768112, -28.776219 ], [ -59.770202, -28.779584 ], [ -59.767899, -28.779998 ], [ -59.767746, -28.781276 ], [ -59.769163, -28.78308 ], [ -59.771574, -28.783414 ], [ -59.77161, -28.784657 ], [ -59.770289, -28.784694 ], [ -59.770232, -28.785232 ], [ -59.771326, -28.786998 ], [ -59.769335, -28.789089 ], [ -59.766257, -28.788075 ], [ -59.765031, -28.788355 ], [ -59.766126, -28.790102 ], [ -59.763815, -28.789862 ], [ -59.764906, -28.792313 ], [ -59.76122, -28.79047 ], [ -59.761623, -28.793096 ], [ -59.759574, -28.79233 ], [ -59.756758, -28.793588 ], [ -59.757287, -28.791474 ], [ -59.75654, -28.790146 ], [ -59.755703, -28.790236 ], [ -59.755389, -28.792266 ], [ -59.754331, -28.792968 ], [ -59.756645, -28.798465 ], [ -59.753678, -28.799911 ], [ -59.755821, -28.801474 ], [ -59.752596, -28.803988 ], [ -59.753467, -28.807397 ], [ -59.752206, -28.806866 ], [ -59.751798, -28.80743 ], [ -59.752831, -28.809682 ], [ -59.755633, -28.809702 ], [ -59.756347, -28.810461 ], [ -59.756568, -28.813677 ], [ -59.753904, -28.813769 ], [ -59.749935, -28.812476 ], [ -59.749002, -28.813419 ], [ -59.752731, -28.818861 ], [ -59.75466, -28.818593 ], [ -59.758374, -28.819919 ], [ -59.758615, -28.822013 ], [ -59.756355, -28.82362 ], [ -59.758013, -28.826646 ], [ -59.757526, -28.827393 ], [ -59.756475, -28.826927 ], [ -59.755654, -28.825064 ], [ -59.754786, -28.824827 ], [ -59.753505, -28.825771 ], [ -59.753867, -28.827122 ], [ -59.756962, -28.830493 ], [ -59.757495, -28.832885 ], [ -59.759229, -28.835119 ], [ -59.760448, -28.835563 ], [ -59.761452, -28.834582 ], [ -59.76231, -28.835016 ], [ -59.762277, -28.838362 ], [ -59.969758, -28.806288 ], [ -59.959164, -28.751127 ], [ -59.952503, -28.752154 ], [ -59.949969, -28.721187 ], [ -59.93886, -28.672218 ], [ -59.977848, -28.673836 ], [ -59.963602, -28.601337 ], [ -59.907378, -28.609571 ], [ -59.927782, -28.592372 ], [ -59.932833, -28.590981 ], [ -59.934239, -28.589892 ], [ -59.956862, -28.565163 ], [ -59.854006, -28.581148 ], [ -59.856774, -28.528472 ], [ -59.84019, -28.445182 ], [ -59.82801, -28.4541 ] ] ] ] } },
{ "type": "Feature", "properties": { "fid": 75, "DISTRITO": "0323", "NOMBRE1": "Malabrigo", "riesgo_median": 2.0, "riesgo_ponderado": 2.0716638244138665, "pct_n4_n5": 0.019787286668315609, "riesgo_alto_clase": 2, "ha": 34568.84, "b12_ha": 30260.34, "n3_ha": 4300.47, "n4_ha": 6.84, "n5_ha": 0.0 }, "geometry": { "type": "MultiPolygon", "coordinates": [ [ [ [ -60.064568, -29.366404 ], [ -60.063021, -29.366356 ], [ -60.06328, -29.365471 ], [ -60.060794, -29.362984 ], [ -60.060619, -29.35978 ], [ -60.06171, -29.356579 ], [ -60.060128, -29.354828 ], [ -60.054722, -29.352186 ], [ -60.050822, -29.346456 ], [ -60.040889, -29.336209 ], [ -60.044027, -29.328493 ], [ -60.043901, -29.326068 ], [ -60.039119, -29.321917 ], [ -60.03736, -29.321917 ], [ -60.033715, -29.319273 ], [ -60.02693, -29.319495 ], [ -60.023411, -29.318504 ], [ -60.015557, -29.314096 ], [ -60.014426, -29.313049 ], [ -60.013672, -29.309467 ], [ -60.01273, -29.308806 ], [ -60.012478, -29.304177 ], [ -60.010744, -29.303083 ], [ -60.011309, -29.301981 ], [ -60.012377, -29.302064 ], [ -60.01379, -29.300851 ], [ -60.014041, -29.298867 ], [ -60.015234, -29.298812 ], [ -60.015827, -29.297002 ], [ -60.015073, -29.295872 ], [ -60.017554, -29.295789 ], [ -60.017586, -29.294852 ], [ -60.018748, -29.294714 ], [ -60.01881, -29.293557 ], [ -60.021322, -29.292124 ], [ -60.022337, -29.288778 ], [ -60.026495, -29.287721 ], [ -60.028365, -29.279098 ], [ -60.026833, -29.277126 ], [ -60.028478, -29.272263 ], [ -60.027008, -29.267415 ], [ -60.027577, -29.266207 ], [ -60.024824, -29.263917 ], [ -60.023685, -29.261169 ], [ -60.024023, -29.257753 ], [ -60.020997, -29.25385 ], [ -60.020908, -29.251625 ], [ -60.01944, -29.251273 ], [ -60.018598, -29.249181 ], [ -60.018953, -29.246175 ], [ -60.017841, -29.24473 ], [ -60.018375, -29.243559 ], [ -60.017307, -29.242661 ], [ -60.020372, -29.236426 ], [ -60.022017, -29.236231 ], [ -60.026774, -29.231747 ], [ -60.031176, -29.229208 ], [ -60.033723, -29.228784 ], [ -60.035893, -29.226046 ], [ -60.036316, -29.223496 ], [ -59.903836, -29.244359 ], [ -59.912672, -29.290457 ], [ -59.79946, -29.308015 ], [ -59.799062, -29.309836 ], [ -59.79665, -29.309906 ], [ -59.798544, -29.311358 ], [ -59.80035, -29.311146 ], [ -59.801295, -29.312999 ], [ -59.802549, -29.313082 ], [ -59.802516, -29.314424 ], [ -59.795631, -29.317788 ], [ -59.795567, -29.319264 ], [ -59.794525, -29.319907 ], [ -59.793822, -29.31961 ], [ -59.790912, -29.321109 ], [ -59.789413, -29.32065 ], [ -59.7914, -29.321646 ], [ -59.79143, -29.323015 ], [ -59.788751, -29.324288 ], [ -59.788818, -29.328012 ], [ -59.78672, -29.3307 ], [ -59.786962, -29.332944 ], [ -59.783084, -29.335052 ], [ -59.782622, -29.336393 ], [ -59.784149, -29.337925 ], [ -59.781882, -29.339075 ], [ -59.78295, -29.340579 ], [ -59.782183, -29.341168 ], [ -59.78325, -29.342953 ], [ -59.782911, -29.343999 ], [ -59.782329, -29.344562 ], [ -59.780249, -29.343673 ], [ -59.780033, -29.34437 ], [ -59.782174, -29.34542 ], [ -59.781743, -29.346198 ], [ -59.779454, -29.346285 ], [ -59.781188, -29.348129 ], [ -59.780665, -29.349416 ], [ -59.783283, -29.351912 ], [ -59.780848, -29.353306 ], [ -59.780102, -29.356539 ], [ -59.781784, -29.357346 ], [ -59.778912, -29.359687 ], [ -59.778473, -29.362296 ], [ -59.77905, -29.364121 ], [ -59.777517, -29.365461 ], [ -59.777606, -29.366507 ], [ -59.77883, -29.366751 ], [ -59.779593, -29.36796 ], [ -59.777202, -29.369044 ], [ -59.778732, -29.369971 ], [ -59.778667, -29.370788 ], [ -59.777656, -29.371377 ], [ -59.777529, -29.373255 ], [ -59.776604, -29.374327 ], [ -59.777372, -29.375026 ], [ -59.777277, -29.376582 ], [ -59.77887, -29.376263 ], [ -59.780305, -29.377822 ], [ -59.777667, -29.380206 ], [ -59.777907, -29.382578 ], [ -59.77581, -29.383474 ], [ -59.777073, -29.385636 ], [ -59.775631, -29.38711 ], [ -59.776545, -29.389016 ], [ -59.775409, -29.390329 ], [ -59.776356, -29.391646 ], [ -59.773909, -29.394168 ], [ -59.776626, -29.393643 ], [ -59.776717, -29.394288 ], [ -59.774374, -29.396557 ], [ -59.77628, -29.397614 ], [ -59.773657, -29.402021 ], [ -59.775073, -29.403462 ], [ -59.775007, -29.405674 ], [ -59.776412, -29.407447 ], [ -59.775213, -29.409511 ], [ -59.776006, -29.41064 ], [ -59.777232, -29.410561 ], [ -59.77748, -29.409059 ], [ -59.778308, -29.408765 ], [ -59.778426, -29.410805 ], [ -59.779863, -29.411612 ], [ -59.778819, -29.412872 ], [ -59.779919, -29.414215 ], [ -59.778843, -29.415175 ], [ -60.069285, -29.370652 ], [ -60.069175, -29.368369 ], [ -60.06785, -29.368523 ], [ -60.066652, -29.367558 ], [ -60.065407, -29.368007 ], [ -60.064568, -29.366404 ] ] ] ] } },
{ "type": "Feature", "properties": { "fid": 76, "DISTRITO": "0322", "NOMBRE1": "Berna", "riesgo_median": 2.0, "riesgo_ponderado": 1.9761443700021613, "pct_n4_n5": 0.026799221958072182, "riesgo_alto_clase": 2, "ha": 20789.24, "b12_ha": 19323.27, "n3_ha": 1492.65, "n4_ha": 5.58, "n5_ha": 0.0 }, "geometry": { "type": "MultiPolygon", "coordinates": [ [ [ [ -59.82241, -29.239172 ], [ -59.820432, -29.237885 ], [ -59.820711, -29.239956 ], [ -59.81991, -29.239541 ], [ -59.818777, -29.240078 ], [ -59.819301, -29.237056 ], [ -59.817791, -29.237219 ], [ -59.817835, -29.239414 ], [ -59.816989, -29.237591 ], [ -59.814582, -29.238333 ], [ -59.812652, -29.236426 ], [ -59.810728, -29.237325 ], [ -59.811432, -29.239107 ], [ -59.809779, -29.240057 ], [ -59.80974, -29.243151 ], [ -59.807428, -29.243479 ], [ -59.80714, -29.246212 ], [ -59.800388, -29.24939 ], [ -59.800205, -29.250742 ], [ -59.798752, -29.250328 ], [ -59.800343, -29.252647 ], [ -59.798075, -29.254673 ], [ -59.799347, -29.25542 ], [ -59.799438, -29.256911 ], [ -59.798682, -29.257862 ], [ -59.796277, -29.257278 ], [ -59.796046, -29.254794 ], [ -59.794105, -29.257979 ], [ -59.796082, -29.260176 ], [ -59.798349, -29.259103 ], [ -59.79915, -29.259394 ], [ -59.799148, -29.260471 ], [ -59.796709, -29.260865 ], [ -59.796589, -29.261779 ], [ -59.797965, -29.262581 ], [ -59.797678, -29.264402 ], [ -59.799198, -29.264663 ], [ -59.799043, -29.266125 ], [ -59.801027, -29.264637 ], [ -59.801498, -29.265259 ], [ -59.800741, -29.266086 ], [ -59.802016, -29.265716 ], [ -59.802014, -29.266461 ], [ -59.799086, -29.268071 ], [ -59.799556, -29.268817 ], [ -59.798469, -29.270223 ], [ -59.797148, -29.269973 ], [ -59.798561, -29.272154 ], [ -59.797144, -29.272773 ], [ -59.796533, -29.271612 ], [ -59.795917, -29.272936 ], [ -59.794361, -29.272313 ], [ -59.793745, -29.273844 ], [ -59.790063, -29.274584 ], [ -59.789022, -29.275907 ], [ -59.789161, -29.277315 ], [ -59.787131, -29.277602 ], [ -59.786366, -29.28234 ], [ -59.783867, -29.28184 ], [ -59.784996, -29.283249 ], [ -59.788864, -29.284001 ], [ -59.787964, -29.285738 ], [ -59.791173, -29.285453 ], [ -59.790651, -29.287067 ], [ -59.79164, -29.288063 ], [ -59.792869, -29.287154 ], [ -59.794614, -29.287695 ], [ -59.79461, -29.289343 ], [ -59.792908, -29.291204 ], [ -59.794889, -29.291662 ], [ -59.795873, -29.294384 ], [ -59.794689, -29.29666 ], [ -59.795296, -29.299932 ], [ -59.793455, -29.300136 ], [ -59.793594, -29.301254 ], [ -59.796138, -29.303866 ], [ -59.79656, -29.305316 ], [ -59.798117, -29.305526 ], [ -59.79946, -29.308015 ], [ -59.912672, -29.290457 ], [ -59.903836, -29.244359 ], [ -60.036316, -29.223496 ], [ -60.03706, -29.220593 ], [ -60.036777, -29.215256 ], [ -60.034843, -29.213486 ], [ -60.034518, -29.212127 ], [ -60.036235, -29.207999 ], [ -60.03582, -29.206773 ], [ -60.036482, -29.205373 ], [ -60.035767, -29.204624 ], [ -60.036588, -29.200513 ], [ -60.038269, -29.198145 ], [ -60.04058, -29.190957 ], [ -60.028758, -29.192719 ], [ -60.021904, -29.156408 ], [ -59.856944, -29.181614 ], [ -59.858598, -29.182181 ], [ -59.857581, -29.183932 ], [ -59.857668, -29.184746 ], [ -59.858987, -29.184951 ], [ -59.857258, -29.186689 ], [ -59.857872, -29.188163 ], [ -59.854443, -29.188479 ], [ -59.852979, -29.187396 ], [ -59.852579, -29.189321 ], [ -59.850535, -29.190005 ], [ -59.849815, -29.189001 ], [ -59.849573, -29.190321 ], [ -59.846771, -29.192006 ], [ -59.846868, -29.192995 ], [ -59.847798, -29.193427 ], [ -59.847403, -29.195621 ], [ -59.846324, -29.195877 ], [ -59.847107, -29.196868 ], [ -59.846029, -29.197039 ], [ -59.845736, -29.196393 ], [ -59.844999, -29.197597 ], [ -59.847103, -29.199708 ], [ -59.845911, -29.202546 ], [ -59.847194, -29.202548 ], [ -59.847045, -29.203197 ], [ -59.845759, -29.204842 ], [ -59.843989, -29.205265 ], [ -59.844229, -29.206061 ], [ -59.842659, -29.206271 ], [ -59.84302, -29.206961 ], [ -59.845194, -29.207388 ], [ -59.844106, -29.208076 ], [ -59.844405, -29.20988 ], [ -59.842168, -29.210938 ], [ -59.84189, -29.213296 ], [ -59.84072, -29.2134 ], [ -59.840237, -29.215113 ], [ -59.840865, -29.216142 ], [ -59.839486, -29.215586 ], [ -59.839334, -29.216825 ], [ -59.838042, -29.217588 ], [ -59.8381, -29.218853 ], [ -59.836659, -29.218429 ], [ -59.836389, -29.218903 ], [ -59.83681, -29.220819 ], [ -59.835399, -29.220685 ], [ -59.836328, -29.22153 ], [ -59.835456, -29.222688 ], [ -59.836535, -29.224007 ], [ -59.835179, -29.226931 ], [ -59.834698, -29.227194 ], [ -59.833922, -29.224927 ], [ -59.832991, -29.225084 ], [ -59.833075, -29.226457 ], [ -59.833971, -29.227079 ], [ -59.833779, -29.229108 ], [ -59.832551, -29.230087 ], [ -59.831798, -29.229133 ], [ -59.830996, -29.229381 ], [ -59.832219, -29.23108 ], [ -59.831935, -29.231783 ], [ -59.830001, -29.231822 ], [ -59.832074, -29.23344 ], [ -59.8283, -29.233849 ], [ -59.829052, -29.235589 ], [ -59.827259, -29.23567 ], [ -59.825579, -29.234249 ], [ -59.825859, -29.236236 ], [ -59.823549, -29.235198 ], [ -59.822982, -29.236108 ], [ -59.824254, -29.23669 ], [ -59.82241, -29.239172 ] ] ] ] } },
{ "type": "Feature", "properties": { "fid": 77, "DISTRITO": "0203", "NOMBRE1": "La Gallareta", "riesgo_median": 2.0, "riesgo_ponderado": 2.0563554542414786, "pct_n4_n5": 0.0006590348122999483, "riesgo_alto_clase": 2, "ha": 259539.95, "b12_ha": 241666.83, "n3_ha": 17801.82, "n4_ha": 1.71, "n5_ha": 0.0 }, "geometry": { "type": "MultiPolygon", "coordinates": [ [ [ [ -60.335433, -29.472261 ], [ -60.390071, -29.74209 ], [ -60.539634, -29.718794 ], [ -60.665754, -29.700898 ], [ -60.718498, -29.710421 ], [ -60.745707, -29.722898 ], [ -60.82619, -29.737071 ], [ -60.830405, -29.735103 ], [ -60.833704, -29.73465 ], [ -60.831282, -29.728922 ], [ -60.835538, -29.728089 ], [ -60.838211, -29.722074 ], [ -60.84519, -29.721308 ], [ -60.844154, -29.717623 ], [ -60.839944, -29.712203 ], [ -60.840619, -29.710607 ], [ -60.845118, -29.710826 ], [ -60.846342, -29.70997 ], [ -60.842449, -29.703615 ], [ -60.84312, -29.702493 ], [ -60.844849, -29.701873 ], [ -60.84779, -29.704769 ], [ -60.849397, -29.705126 ], [ -60.854038, -29.70405 ], [ -60.856758, -29.701369 ], [ -60.858011, -29.701085 ], [ -60.859237, -29.70177 ], [ -60.859287, -29.703934 ], [ -60.862252, -29.705712 ], [ -60.864063, -29.704328 ], [ -60.864065, -29.700848 ], [ -60.865752, -29.699111 ], [ -60.867283, -29.700034 ], [ -60.868049, -29.702434 ], [ -60.871112, -29.700603 ], [ -60.877757, -29.700842 ], [ -60.878016, -29.696986 ], [ -60.882043, -29.690664 ], [ -60.885785, -29.692393 ], [ -60.890025, -29.690016 ], [ -60.891738, -29.687713 ], [ -60.896613, -29.687518 ], [ -60.90096, -29.686194 ], [ -60.901574, -29.682886 ], [ -60.897267, -29.68265 ], [ -60.89598, -29.681839 ], [ -60.898896, -29.67732 ], [ -60.900406, -29.677756 ], [ -60.902126, -29.680757 ], [ -60.905641, -29.684263 ], [ -60.907035, -29.683532 ], [ -60.908185, -29.681607 ], [ -60.908915, -29.676325 ], [ -60.910796, -29.673427 ], [ -60.91192, -29.674066 ], [ -60.912067, -29.679582 ], [ -60.913199, -29.679447 ], [ -60.912619, -29.678022 ], [ -60.913551, -29.677139 ], [ -60.919617, -29.676121 ], [ -60.923268, -29.676845 ], [ -60.924339, -29.678818 ], [ -60.925215, -29.678968 ], [ -60.927298, -29.678246 ], [ -60.928113, -29.676995 ], [ -60.925991, -29.675213 ], [ -60.926877, -29.673849 ], [ -60.935382, -29.672141 ], [ -60.936145, -29.674081 ], [ -60.937729, -29.675442 ], [ -60.944454, -29.675621 ], [ -60.945488, -29.67533 ], [ -60.946373, -29.673004 ], [ -60.948751, -29.670908 ], [ -60.950545, -29.670499 ], [ -60.951683, -29.670971 ], [ -60.951019, -29.673134 ], [ -60.95297, -29.673869 ], [ -60.957846, -29.673848 ], [ -60.960434, -29.672581 ], [ -60.963848, -29.673451 ], [ -60.969201, -29.678462 ], [ -60.970796, -29.676244 ], [ -60.973989, -29.675662 ], [ -60.973173, -29.674154 ], [ -60.969131, -29.671574 ], [ -60.969505, -29.668759 ], [ -60.970588, -29.668596 ], [ -60.977535, -29.673383 ], [ -60.979617, -29.672533 ], [ -60.982134, -29.669911 ], [ -60.983821, -29.670082 ], [ -60.98645, -29.672256 ], [ -60.986399, -29.670403 ], [ -60.989016, -29.669683 ], [ -60.989583, -29.667196 ], [ -60.994045, -29.665515 ], [ -60.995843, -29.663832 ], [ -60.996361, -29.661479 ], [ -60.999857, -29.660127 ], [ -61.001308, -29.660218 ], [ -61.001636, -29.66096 ], [ -60.999679, -29.662702 ], [ -60.999675, -29.663864 ], [ -61.006334, -29.663864 ], [ -61.009674, -29.667116 ], [ -61.011205, -29.663547 ], [ -61.013748, -29.663229 ], [ -61.026508, -29.667524 ], [ -61.027482, -29.666651 ], [ -61.0281, -29.663618 ], [ -61.031972, -29.661093 ], [ -61.033329, -29.661299 ], [ -61.038573, -29.664713 ], [ -61.041713, -29.664027 ], [ -61.041777, -29.66318 ], [ -61.038376, -29.661915 ], [ -61.037519, -29.6607 ], [ -61.037917, -29.659781 ], [ -61.04432, -29.657605 ], [ -61.043957, -29.656323 ], [ -61.039508, -29.65721 ], [ -61.038275, -29.654904 ], [ -61.038191, -29.653114 ], [ -61.042554, -29.650375 ], [ -61.044439, -29.651678 ], [ -61.043824, -29.652821 ], [ -61.04425, -29.654523 ], [ -61.0471, -29.653629 ], [ -61.048966, -29.656592 ], [ -61.049986, -29.6568 ], [ -61.050427, -29.651015 ], [ -61.052, -29.650251 ], [ -61.054396, -29.653662 ], [ -61.057234, -29.65379 ], [ -61.058008, -29.65217 ], [ -61.05643, -29.648976 ], [ -61.059218, -29.646765 ], [ -61.060023, -29.647064 ], [ -61.059962, -29.655119 ], [ -61.066879, -29.654295 ], [ -61.0676, -29.653621 ], [ -61.065551, -29.652734 ], [ -61.065406, -29.650051 ], [ -61.071522, -29.644237 ], [ -61.073646, -29.650916 ], [ -61.074847, -29.651435 ], [ -61.078941, -29.648767 ], [ -61.079177, -29.647645 ], [ -61.076863, -29.645819 ], [ -61.077098, -29.644627 ], [ -61.080937, -29.640594 ], [ -61.080045, -29.636841 ], [ -61.08281, -29.635312 ], [ -61.08143, -29.574191 ], [ -61.044336, -29.381831 ], [ -61.022269, -29.261892 ], [ -60.972602, -29.273726 ], [ -60.940878, -29.286654 ], [ -60.904476, -29.297664 ], [ -60.86745, -29.313432 ], [ -60.80043, -29.340345 ], [ -60.678792, -29.367287 ], [ -60.577683, -29.387796 ], [ -60.551805, -29.389914 ], [ -60.484729, -29.400158 ], [ -60.487296, -29.406741 ], [ -60.538085, -29.442084 ], [ -60.542227, -29.448958 ], [ -60.435561, -29.455561 ], [ -60.335433, -29.472261 ] ] ] ] } },
{ "type": "Feature", "properties": { "fid": 78, "DISTRITO": "0321", "NOMBRE1": "El Araza", "riesgo_median": 2.0, "riesgo_ponderado": 2.0361777487502826, "pct_n4_n5": 0.00050239895501017352, "riesgo_alto_clase": 2, "ha": 17950.54, "b12_ha": 15842.34, "n3_ha": 2071.62, "n4_ha": 0.09, "n5_ha": 0.0 }, "geometry": { "type": "MultiPolygon", "coordinates": [ [ [ [ -59.917049, -29.088397 ], [ -59.916328, -29.090767 ], [ -59.915518, -29.091162 ], [ -59.917134, -29.093929 ], [ -59.915424, -29.095825 ], [ -59.915422, -29.097958 ], [ -59.917311, -29.098197 ], [ -59.917487, -29.102544 ], [ -59.918925, -29.103098 ], [ -59.916676, -29.105151 ], [ -59.917844, -29.106021 ], [ -59.915235, -29.106968 ], [ -59.914245, -29.108706 ], [ -59.915862, -29.110209 ], [ -59.915679, -29.113607 ], [ -59.91469, -29.114001 ], [ -59.911633, -29.112735 ], [ -59.911003, -29.113604 ], [ -59.912979, -29.116687 ], [ -59.912617, -29.118821 ], [ -59.910279, -29.118819 ], [ -59.910098, -29.119531 ], [ -59.910637, -29.120953 ], [ -59.912648, -29.121622 ], [ -59.912704, -29.122377 ], [ -59.910453, -29.124826 ], [ -59.908214, -29.124882 ], [ -59.908014, -29.126341 ], [ -59.905424, -29.126145 ], [ -59.905152, -29.129069 ], [ -59.902274, -29.127802 ], [ -59.899772, -29.128055 ], [ -59.900292, -29.131357 ], [ -59.898941, -29.133332 ], [ -59.896505, -29.133682 ], [ -59.895927, -29.132737 ], [ -59.894892, -29.13404 ], [ -59.893363, -29.134197 ], [ -59.893634, -29.132854 ], [ -59.892482, -29.132395 ], [ -59.892001, -29.133526 ], [ -59.892854, -29.135004 ], [ -59.892192, -29.136044 ], [ -59.891282, -29.135826 ], [ -59.891474, -29.137036 ], [ -59.889873, -29.138876 ], [ -59.892885, -29.141957 ], [ -59.892829, -29.142926 ], [ -59.889487, -29.143056 ], [ -59.887983, -29.144036 ], [ -59.887776, -29.145412 ], [ -59.885604, -29.146068 ], [ -59.886208, -29.148005 ], [ -59.887916, -29.148588 ], [ -59.887805, -29.149266 ], [ -59.886206, -29.149604 ], [ -59.884826, -29.151055 ], [ -59.882656, -29.150541 ], [ -59.881794, -29.15115 ], [ -59.881626, -29.152845 ], [ -59.87997, -29.155022 ], [ -59.877545, -29.154391 ], [ -59.876772, -29.154826 ], [ -59.876108, -29.156956 ], [ -59.877155, -29.157441 ], [ -59.877979, -29.159718 ], [ -59.877041, -29.160492 ], [ -59.879769, -29.163369 ], [ -59.878254, -29.164738 ], [ -59.878894, -29.16631 ], [ -59.877104, -29.167275 ], [ -59.876505, -29.169289 ], [ -59.87279, -29.168319 ], [ -59.872833, -29.170857 ], [ -59.870217, -29.171862 ], [ -59.870031, -29.173353 ], [ -59.869068, -29.173473 ], [ -59.869388, -29.174561 ], [ -59.868425, -29.174238 ], [ -59.867552, -29.175083 ], [ -59.866497, -29.174679 ], [ -59.865166, -29.175363 ], [ -59.865165, -29.176088 ], [ -59.866357, -29.17617 ], [ -59.866953, -29.177016 ], [ -59.866814, -29.177661 ], [ -59.865126, -29.177645 ], [ -59.865804, -29.178707 ], [ -59.864971, -29.180471 ], [ -60.021904, -29.156408 ], [ -60.028758, -29.192719 ], [ -60.04058, -29.190957 ], [ -60.043016, -29.18746 ], [ -60.045803, -29.185739 ], [ -60.055161, -29.174689 ], [ -60.062257, -29.169412 ], [ -60.069173, -29.15691 ], [ -60.073432, -29.145556 ], [ -60.07626, -29.142726 ], [ -60.079913, -29.136837 ], [ -60.080216, -29.13462 ], [ -60.079211, -29.130416 ], [ -60.076685, -29.128392 ], [ -60.075682, -29.126252 ], [ -60.076678, -29.119831 ], [ -60.074761, -29.116239 ], [ -60.072496, -29.114826 ], [ -60.068917, -29.099233 ], [ -60.068519, -29.08964 ], [ -60.069992, -29.080389 ], [ -60.076946, -29.070295 ], [ -60.101467, -29.052849 ], [ -60.109329, -29.048486 ], [ -60.093927, -29.050778 ], [ -60.085034, -29.060902 ], [ -60.005173, -29.072665 ], [ -60.005391, -29.074036 ], [ -59.961499, -29.08015 ], [ -59.961355, -29.079397 ], [ -59.915054, -29.086387 ], [ -59.917049, -29.088397 ] ] ] ] } },
{ "type": "Feature", "properties": { "fid": 79, "DISTRITO": "0206", "NOMBRE1": "Toba", "riesgo_median": 2.0, "riesgo_ponderado": 1.9524444973708053, "pct_n4_n5": 0.0, "riesgo_alto_clase": 1, "ha": 77078.91, "b12_ha": 74923.83, "n3_ha": 2164.41, "n4_ha": 0.0, "n5_ha": 0.0 }, "geometry": { "type": "MultiPolygon", "coordinates": [ [ [ [ -60.063021, -29.366356 ], [ -60.187858, -29.347475 ], [ -60.190131, -29.359069 ], [ -60.334674, -29.338002 ], [ -60.306816, -29.310287 ], [ -60.344643, -29.301647 ], [ -60.389735, -29.287225 ], [ -60.371095, -29.276243 ], [ -60.367913, -29.23984 ], [ -60.30186, -29.243691 ], [ -60.24428, -29.118743 ], [ -60.212437, -29.123301 ], [ -60.20689, -29.094353 ], [ -60.174458, -29.096025 ], [ -60.15689, -29.007444 ], [ -60.12604, -29.01206 ], [ -60.122892, -29.035593 ], [ -60.118594, -29.042248 ], [ -60.11464, -29.045538 ], [ -60.101467, -29.052849 ], [ -60.076946, -29.070295 ], [ -60.069992, -29.080389 ], [ -60.068519, -29.08964 ], [ -60.068917, -29.099233 ], [ -60.072496, -29.114826 ], [ -60.074761, -29.116239 ], [ -60.076678, -29.119831 ], [ -60.075682, -29.126252 ], [ -60.076685, -29.128392 ], [ -60.079211, -29.130416 ], [ -60.080216, -29.13462 ], [ -60.079913, -29.136837 ], [ -60.07626, -29.142726 ], [ -60.073432, -29.145556 ], [ -60.069173, -29.15691 ], [ -60.062257, -29.169412 ], [ -60.055161, -29.174689 ], [ -60.045803, -29.185739 ], [ -60.043016, -29.18746 ], [ -60.041188, -29.189677 ], [ -60.038269, -29.198145 ], [ -60.036588, -29.200513 ], [ -60.035767, -29.204624 ], [ -60.036482, -29.205373 ], [ -60.03582, -29.206773 ], [ -60.036235, -29.207999 ], [ -60.034518, -29.212127 ], [ -60.034843, -29.213486 ], [ -60.036777, -29.215256 ], [ -60.03706, -29.220593 ], [ -60.035893, -29.226046 ], [ -60.033723, -29.228784 ], [ -60.031176, -29.229208 ], [ -60.026774, -29.231747 ], [ -60.022017, -29.236231 ], [ -60.020372, -29.236426 ], [ -60.017307, -29.242661 ], [ -60.018375, -29.243559 ], [ -60.017841, -29.24473 ], [ -60.018953, -29.246175 ], [ -60.018598, -29.249181 ], [ -60.01944, -29.251273 ], [ -60.020908, -29.251625 ], [ -60.020997, -29.25385 ], [ -60.024023, -29.257753 ], [ -60.023685, -29.261169 ], [ -60.024824, -29.263917 ], [ -60.027577, -29.266207 ], [ -60.027008, -29.267415 ], [ -60.028478, -29.272263 ], [ -60.026833, -29.277126 ], [ -60.028365, -29.279098 ], [ -60.026495, -29.287721 ], [ -60.022337, -29.288778 ], [ -60.021322, -29.292124 ], [ -60.01881, -29.293557 ], [ -60.018748, -29.294714 ], [ -60.017586, -29.294852 ], [ -60.017554, -29.295789 ], [ -60.015073, -29.295872 ], [ -60.015827, -29.297002 ], [ -60.015234, -29.298812 ], [ -60.014041, -29.298867 ], [ -60.01379, -29.300851 ], [ -60.010775, -29.302615 ], [ -60.012478, -29.304177 ], [ -60.01273, -29.308806 ], [ -60.0143, -29.3109 ], [ -60.014426, -29.313049 ], [ -60.023411, -29.318504 ], [ -60.02693, -29.319495 ], [ -60.033715, -29.319273 ], [ -60.03736, -29.321917 ], [ -60.039119, -29.321917 ], [ -60.043901, -29.326068 ], [ -60.044027, -29.328493 ], [ -60.040889, -29.336209 ], [ -60.050822, -29.346456 ], [ -60.054722, -29.352186 ], [ -60.060128, -29.354828 ], [ -60.06171, -29.356579 ], [ -60.060619, -29.35978 ], [ -60.060687, -29.362518 ], [ -60.06328, -29.365471 ], [ -60.063021, -29.366356 ] ] ] ] } },
{ "type": "Feature", "properties": { "fid": 80, "DISTRITO": "0202", "NOMBRE1": "Vera", "riesgo_median": 2.0, "riesgo_ponderado": 1.9811567703502446, "pct_n4_n5": 0.0014187843500992263, "riesgo_alto_clase": 2, "ha": 152235.27, "b12_ha": 144455.4, "n3_ha": 7785.45, "n4_ha": 2.16, "n5_ha": 0.0 }, "geometry": { "type": "MultiPolygon", "coordinates": [ [ [ [ -60.187858, -29.347475 ], [ -60.064549, -29.366313 ], [ -60.065407, -29.368007 ], [ -60.066652, -29.367558 ], [ -60.06785, -29.368523 ], [ -60.069334, -29.368522 ], [ -60.069545, -29.371461 ], [ -60.068551, -29.371636 ], [ -60.068461, -29.372334 ], [ -60.070829, -29.371841 ], [ -60.072621, -29.373267 ], [ -60.068841, -29.375606 ], [ -60.073308, -29.376016 ], [ -60.073002, -29.378347 ], [ -60.075876, -29.379641 ], [ -60.080921, -29.379416 ], [ -60.084875, -29.386255 ], [ -60.084816, -29.388855 ], [ -60.081852, -29.391349 ], [ -60.083703, -29.393131 ], [ -60.082175, -29.394659 ], [ -60.081994, -29.397018 ], [ -60.077578, -29.401671 ], [ -60.078254, -29.405531 ], [ -60.082323, -29.407405 ], [ -60.080781, -29.408459 ], [ -60.081585, -29.411659 ], [ -60.084885, -29.413386 ], [ -60.085348, -29.414953 ], [ -60.086952, -29.415519 ], [ -60.086652, -29.416971 ], [ -60.088379, -29.417834 ], [ -60.090601, -29.420723 ], [ -60.092996, -29.421324 ], [ -60.095932, -29.423396 ], [ -60.094456, -29.424426 ], [ -60.096279, -29.426269 ], [ -60.096281, -29.42868 ], [ -60.098144, -29.429601 ], [ -60.098509, -29.430806 ], [ -60.10021, -29.43116 ], [ -60.099159, -29.432508 ], [ -60.100961, -29.434191 ], [ -60.0991, -29.434618 ], [ -60.098292, -29.436037 ], [ -60.101491, -29.437382 ], [ -60.10133, -29.438446 ], [ -60.099388, -29.439086 ], [ -60.10032, -29.44093 ], [ -60.099949, -29.444187 ], [ -60.101626, -29.447782 ], [ -60.100076, -29.449974 ], [ -60.101407, -29.451714 ], [ -60.098298, -29.454258 ], [ -60.100465, -29.454164 ], [ -60.099909, -29.45735 ], [ -60.101972, -29.457869 ], [ -60.101099, -29.459156 ], [ -60.101975, -29.460687 ], [ -60.099425, -29.462557 ], [ -60.100739, -29.466124 ], [ -60.100076, -29.467228 ], [ -60.098345, -29.467489 ], [ -60.099675, -29.46856 ], [ -60.101808, -29.468283 ], [ -60.101913, -29.468895 ], [ -60.099152, -29.469878 ], [ -60.098845, -29.470743 ], [ -60.099986, -29.475025 ], [ -60.101631, -29.475965 ], [ -60.099987, -29.476642 ], [ -60.101263, -29.477405 ], [ -60.099989, -29.47867 ], [ -60.101853, -29.479712 ], [ -60.100746, -29.480683 ], [ -60.100915, -29.481447 ], [ -60.102359, -29.482857 ], [ -60.10407, -29.481856 ], [ -60.105212, -29.482208 ], [ -60.105279, -29.483001 ], [ -60.104062, -29.484334 ], [ -60.104306, -29.486356 ], [ -60.099486, -29.489583 ], [ -60.098808, -29.491927 ], [ -60.097755, -29.4925 ], [ -60.098193, -29.492964 ], [ -60.099484, -29.492544 ], [ -60.099902, -29.493421 ], [ -60.096991, -29.494948 ], [ -60.095353, -29.496755 ], [ -60.095923, -29.4979 ], [ -60.097529, -29.49815 ], [ -60.096817, -29.501643 ], [ -60.095308, -29.503491 ], [ -60.094092, -29.511597 ], [ -60.092556, -29.513755 ], [ -60.089857, -29.515324 ], [ -60.090142, -29.516627 ], [ -60.091617, -29.517303 ], [ -60.089704, -29.52003 ], [ -60.090814, -29.524319 ], [ -60.088424, -29.525976 ], [ -60.088452, -29.529963 ], [ -60.092832, -29.529343 ], [ -60.092991, -29.529859 ], [ -60.091498, -29.530856 ], [ -60.08873, -29.53121 ], [ -60.085594, -29.533852 ], [ -60.08277, -29.534729 ], [ -60.083315, -29.535705 ], [ -60.08694, -29.536911 ], [ -60.085451, -29.539454 ], [ -60.0881, -29.539811 ], [ -60.087395, -29.542386 ], [ -60.082697, -29.544944 ], [ -60.083034, -29.549353 ], [ -60.084089, -29.550308 ], [ -60.082203, -29.554254 ], [ -60.083356, -29.555731 ], [ -60.082875, -29.556504 ], [ -60.084149, -29.559127 ], [ -60.082964, -29.560287 ], [ -60.081829, -29.56009 ], [ -60.081371, -29.56328 ], [ -60.08191, -29.56418 ], [ -60.081246, -29.564865 ], [ -60.081697, -29.567503 ], [ -60.083299, -29.567318 ], [ -60.084205, -29.568416 ], [ -60.083826, -29.570331 ], [ -60.084862, -29.571853 ], [ -60.084029, -29.573101 ], [ -60.084017, -29.575677 ], [ -60.085937, -29.579263 ], [ -60.085082, -29.580552 ], [ -60.085235, -29.583291 ], [ -60.082278, -29.582012 ], [ -60.08259, -29.583728 ], [ -60.085188, -29.5841 ], [ -60.085464, -29.584785 ], [ -60.085384, -29.585409 ], [ -60.083902, -29.585331 ], [ -60.085165, -29.587234 ], [ -60.083228, -29.587866 ], [ -60.084036, -29.589969 ], [ -60.083286, -29.592176 ], [ -60.082944, -29.592868 ], [ -60.079658, -29.593722 ], [ -60.080091, -29.595411 ], [ -60.083493, -29.595841 ], [ -60.083382, -29.59647 ], [ -60.080882, -29.597441 ], [ -60.083901, -29.597184 ], [ -60.083973, -29.597682 ], [ -60.082742, -29.600442 ], [ -60.08442, -29.602151 ], [ -60.083289, -29.605527 ], [ -60.085194, -29.608352 ], [ -60.083858, -29.609639 ], [ -60.083895, -29.617646 ], [ -60.081779, -29.62582 ], [ -60.082132, -29.627486 ], [ -60.084546, -29.630415 ], [ -60.084963, -29.634656 ], [ -60.082188, -29.637906 ], [ -60.081401, -29.640061 ], [ -60.076963, -29.640731 ], [ -60.075611, -29.642294 ], [ -60.075657, -29.643547 ], [ -60.069095, -29.649892 ], [ -60.361937, -29.605149 ], [ -60.335433, -29.472261 ], [ -60.435561, -29.455561 ], [ -60.542227, -29.448958 ], [ -60.538085, -29.442084 ], [ -60.487296, -29.406741 ], [ -60.484729, -29.400158 ], [ -60.551805, -29.389914 ], [ -60.577683, -29.387796 ], [ -60.678792, -29.367287 ], [ -60.80043, -29.340345 ], [ -60.86745, -29.313432 ], [ -60.904476, -29.297664 ], [ -60.940878, -29.286654 ], [ -60.938049, -29.272361 ], [ -60.672294, -29.312545 ], [ -60.654171, -29.220804 ], [ -60.535449, -29.236776 ], [ -60.425321, -29.252289 ], [ -60.421648, -29.253474 ], [ -60.427822, -29.246736 ], [ -60.427397, -29.237875 ], [ -60.368137, -29.242402 ], [ -60.371095, -29.276243 ], [ -60.389735, -29.287225 ], [ -60.344643, -29.301647 ], [ -60.306816, -29.310287 ], [ -60.334674, -29.338002 ], [ -60.190131, -29.359069 ], [ -60.187858, -29.347475 ] ] ] ] } },
{ "type": "Feature", "properties": { "fid": 81, "DISTRITO": "0204", "NOMBRE1": "Margarita", "riesgo_median": 2.0, "riesgo_ponderado": 2.0043903617070562, "pct_n4_n5": 0.0080828392451416705, "riesgo_alto_clase": 2, "ha": 91333.36, "b12_ha": 84875.04, "n3_ha": 6422.13, "n4_ha": 7.38, "n5_ha": 0.0 }, "geometry": { "type": "MultiPolygon", "coordinates": [ [ [ [ -60.361937, -29.605149 ], [ -60.069095, -29.649892 ], [ -60.063602, -29.653519 ], [ -60.061458, -29.656678 ], [ -60.060612, -29.655101 ], [ -60.059139, -29.654984 ], [ -60.057825, -29.656524 ], [ -60.054973, -29.655848 ], [ -60.054781, -29.656602 ], [ -60.052797, -29.65681 ], [ -60.051329, -29.657952 ], [ -60.045286, -29.658112 ], [ -60.04317, -29.657116 ], [ -60.041406, -29.657302 ], [ -60.041304, -29.656412 ], [ -60.039627, -29.655587 ], [ -60.038304, -29.655905 ], [ -60.03587, -29.65336 ], [ -60.033162, -29.653139 ], [ -60.032423, -29.652097 ], [ -60.02841, -29.653684 ], [ -60.026402, -29.653335 ], [ -60.025401, -29.654522 ], [ -60.01707, -29.654054 ], [ -60.016717, -29.65776 ], [ -60.014341, -29.656848 ], [ -60.014728, -29.658481 ], [ -60.014119, -29.658633 ], [ -60.010893, -29.656013 ], [ -60.009857, -29.657401 ], [ -60.009996, -29.659125 ], [ -60.004738, -29.658407 ], [ -60.005173, -29.655976 ], [ -60.004202, -29.656077 ], [ -60.003998, -29.658223 ], [ -60.003284, -29.658492 ], [ -60.002219, -29.655911 ], [ -60.000066, -29.654724 ], [ -59.999775, -29.662571 ], [ -59.997804, -29.664893 ], [ -59.996928, -29.669028 ], [ -59.994225, -29.672927 ], [ -59.994029, -29.676191 ], [ -59.99524, -29.678435 ], [ -59.995531, -29.681846 ], [ -59.993477, -29.682102 ], [ -59.993183, -29.684025 ], [ -59.993917, -29.685819 ], [ -59.996558, -29.687742 ], [ -59.99553, -29.688382 ], [ -59.993476, -29.687613 ], [ -59.993476, -29.688126 ], [ -59.996683, -29.688943 ], [ -59.995895, -29.691611 ], [ -59.997585, -29.691073 ], [ -59.998172, -29.691587 ], [ -59.998318, -29.693253 ], [ -59.995383, -29.695047 ], [ -59.995621, -29.695627 ], [ -59.997292, -29.694662 ], [ -59.997878, -29.696072 ], [ -59.999368, -29.696834 ], [ -59.998584, -29.698946 ], [ -59.996997, -29.699789 ], [ -59.995677, -29.69825 ], [ -59.995157, -29.699175 ], [ -59.996268, -29.699912 ], [ -59.997919, -29.699873 ], [ -59.998612, -29.700687 ], [ -59.997751, -29.701363 ], [ -59.99553, -29.701198 ], [ -59.995971, -29.702097 ], [ -59.993749, -29.703642 ], [ -59.995237, -29.707479 ], [ -60.000364, -29.709405 ], [ -60.000226, -29.71094 ], [ -59.997877, -29.712094 ], [ -59.999346, -29.712349 ], [ -60.001107, -29.714016 ], [ -60.002193, -29.715932 ], [ -60.001957, -29.716971 ], [ -60.003251, -29.716049 ], [ -60.005749, -29.718328 ], [ -60.00714, -29.724606 ], [ -60.006831, -29.725422 ], [ -60.005519, -29.724686 ], [ -60.006025, -29.728097 ], [ -60.004335, -29.72837 ], [ -60.003699, -29.732932 ], [ -60.002868, -29.733753 ], [ -60.001591, -29.733594 ], [ -60.001916, -29.734428 ], [ -59.999825, -29.737789 ], [ -60.002136, -29.740678 ], [ -60.001304, -29.74184 ], [ -60.002577, -29.743247 ], [ -60.001401, -29.745816 ], [ -60.00215, -29.74649 ], [ -60.001989, -29.747871 ], [ -59.999859, -29.749043 ], [ -59.998681, -29.74758 ], [ -59.997042, -29.747786 ], [ -59.995799, -29.750194 ], [ -59.996308, -29.750679 ], [ -59.998076, -29.750312 ], [ -59.99631, -29.751875 ], [ -59.997164, -29.753694 ], [ -59.994602, -29.753629 ], [ -59.99846, -29.755982 ], [ -59.99846, -29.756731 ], [ -59.996744, -29.757481 ], [ -59.996866, -29.758552 ], [ -59.995641, -29.75898 ], [ -59.996866, -29.764119 ], [ -59.996131, -29.764547 ], [ -59.995338, -29.762823 ], [ -59.993679, -29.764654 ], [ -59.994506, -29.76526 ], [ -59.994414, -29.766368 ], [ -59.995434, -29.766365 ], [ -59.996131, -29.767331 ], [ -59.996008, -29.768723 ], [ -59.994929, -29.768817 ], [ -59.996376, -29.769901 ], [ -59.99515, -29.771721 ], [ -59.996743, -29.771507 ], [ -59.998569, -29.773054 ], [ -59.997846, -29.774291 ], [ -59.996866, -29.773863 ], [ -59.99564, -29.774933 ], [ -59.992503, -29.773789 ], [ -59.992443, -29.774455 ], [ -59.994659, -29.775683 ], [ -59.993065, -29.779216 ], [ -59.990981, -29.779109 ], [ -59.990736, -29.780501 ], [ -59.989308, -29.778925 ], [ -59.988652, -29.780179 ], [ -59.986813, -29.780822 ], [ -59.986077, -29.78307 ], [ -59.984851, -29.781143 ], [ -59.984238, -29.782749 ], [ -59.981908, -29.782855 ], [ -59.979947, -29.784782 ], [ -59.978597, -29.787138 ], [ -59.980191, -29.788423 ], [ -59.977126, -29.789065 ], [ -59.978474, -29.792277 ], [ -59.977861, -29.792919 ], [ -59.976531, -29.792777 ], [ -59.97712, -29.793963 ], [ -59.975984, -29.794879 ], [ -59.976695, -29.796656 ], [ -59.977989, -29.796101 ], [ -59.978244, -29.796831 ], [ -59.973581, -29.797781 ], [ -59.97324, -29.8017 ], [ -59.97407, -29.803338 ], [ -59.973374, -29.805481 ], [ -59.971454, -29.805484 ], [ -59.970149, -29.807291 ], [ -59.971251, -29.810069 ], [ -59.969843, -29.811221 ], [ -59.97055, -29.812727 ], [ -59.96616, -29.813654 ], [ -59.967318, -29.812237 ], [ -59.966963, -29.811136 ], [ -59.964024, -29.811029 ], [ -59.959563, -29.809492 ], [ -59.956158, -29.806778 ], [ -59.954618, -29.802817 ], [ -59.952119, -29.804433 ], [ -59.95074, -29.804432 ], [ -59.947985, -29.800338 ], [ -59.939148, -29.802837 ], [ -59.933168, -29.802093 ], [ -59.926474, -29.802254 ], [ -59.910757, -29.800077 ], [ -59.902833, -29.803385 ], [ -59.888996, -29.806291 ], [ -59.888964, -29.807043 ], [ -59.891553, -29.807657 ], [ -59.892547, -29.809213 ], [ -59.890846, -29.810987 ], [ -59.888683, -29.811748 ], [ -59.886477, -29.811135 ], [ -59.885651, -29.809689 ], [ -59.884548, -29.809688 ], [ -59.881236, -29.811612 ], [ -59.87903, -29.81161 ], [ -59.875993, -29.814256 ], [ -59.877641, -29.820036 ], [ -59.874587, -29.833147 ], [ -59.875147, -29.833887 ], [ -59.878452, -29.834003 ], [ -59.885625, -29.832565 ], [ -59.889485, -29.834254 ], [ -59.894544, -29.851373 ], [ -59.893483, -29.854255 ], [ -59.893612, -29.857945 ], [ -59.894403, -29.859214 ], [ -59.896122, -29.857947 ], [ -59.89784, -29.858295 ], [ -59.89995, -29.862217 ], [ -59.902404, -29.862928 ], [ -59.904919, -29.865021 ], [ -59.904836, -29.866142 ], [ -59.906042, -29.867578 ], [ -59.904451, -29.868582 ], [ -59.907793, -29.871933 ], [ -59.911249, -29.878538 ], [ -59.913945, -29.878603 ], [ -59.914971, -29.880358 ], [ -59.916555, -29.883242 ], [ -59.915611, -29.884646 ], [ -59.91642, -29.88624 ], [ -59.916022, -29.887624 ], [ -59.917608, -29.888893 ], [ -59.916151, -29.892352 ], [ -59.919079, -29.894055 ], [ -59.918681, -29.896913 ], [ -59.920264, -29.898328 ], [ -59.91983, -29.899992 ], [ -59.923358, -29.902224 ], [ -59.925923, -29.906196 ], [ -59.925658, -29.907003 ], [ -59.922616, -29.907578 ], [ -59.92169, -29.908961 ], [ -59.921954, -29.909884 ], [ -59.924729, -29.9115 ], [ -59.926445, -29.915076 ], [ -59.929486, -29.916 ], [ -59.931998, -29.91531 ], [ -59.937555, -29.910238 ], [ -59.940068, -29.909317 ], [ -59.94139, -29.909318 ], [ -59.944165, -29.911625 ], [ -59.946412, -29.912087 ], [ -59.946015, -29.913471 ], [ -59.950114, -29.913127 ], [ -59.94949, -29.915567 ], [ -59.953131, -29.915399 ], [ -59.956999, -29.917891 ], [ -59.957385, -29.920154 ], [ -59.958083, -29.920289 ], [ -59.956956, -29.922953 ], [ -59.959114, -29.923714 ], [ -59.960109, -29.926718 ], [ -59.961644, -29.927081 ], [ -59.958696, -29.929541 ], [ -59.961104, -29.930121 ], [ -59.964715, -29.928602 ], [ -59.964507, -29.931352 ], [ -59.96297, -29.931164 ], [ -59.96326, -29.932467 ], [ -59.961766, -29.931453 ], [ -59.96077, -29.932647 ], [ -59.9594, -29.931706 ], [ -59.958943, -29.933153 ], [ -59.960395, -29.934058 ], [ -59.95915, -29.934456 ], [ -59.959233, -29.935035 ], [ -59.960602, -29.936085 ], [ -59.961516, -29.934131 ], [ -59.964214, -29.935724 ], [ -59.965044, -29.934856 ], [ -59.965293, -29.936666 ], [ -59.968199, -29.934024 ], [ -59.968905, -29.934676 ], [ -59.968614, -29.936015 ], [ -59.969403, -29.936088 ], [ -59.970275, -29.935292 ], [ -59.969735, -29.933735 ], [ -59.970599, -29.933189 ], [ -59.971345, -29.936266 ], [ -59.973296, -29.934674 ], [ -59.975787, -29.934674 ], [ -59.975414, -29.931127 ], [ -59.979432, -29.932033 ], [ -59.977937, -29.933516 ], [ -59.978642, -29.934168 ], [ -59.980137, -29.931852 ], [ -59.978975, -29.931092 ], [ -59.979432, -29.930513 ], [ -59.980553, -29.930476 ], [ -59.983202, -29.932142 ], [ -59.983161, -29.930585 ], [ -59.987639, -29.930371 ], [ -59.98892, -29.928775 ], [ -59.991587, -29.931251 ], [ -60.056462, -29.916328 ], [ -60.039143, -29.834864 ], [ -60.272, -29.799604 ], [ -60.29025, -29.796759 ], [ -60.294379, -29.795386 ], [ -60.375779, -29.78534 ], [ -60.397412, -29.780835 ], [ -60.361937, -29.605149 ] ] ] ] } },
{ "type": "Feature", "properties": { "fid": 82, "DISTRITO": "0316", "NOMBRE1": "Lanteri", "riesgo_median": 3.0, "riesgo_ponderado": 2.8337408505391295, "pct_n4_n5": 3.8948500668992829, "riesgo_alto_clase": 5, "ha": 34271.25, "b12_ha": 7006.32, "n3_ha": 25962.84, "n4_ha": 1336.14, "n5_ha": 0.0 }, "geometry": { "type": "MultiPolygon", "coordinates": [ [ [ [ -59.762346, -28.838924 ], [ -59.76231, -28.835016 ], [ -59.761452, -28.834582 ], [ -59.760448, -28.835563 ], [ -59.759229, -28.835119 ], [ -59.753505, -28.825771 ], [ -59.754786, -28.824827 ], [ -59.755654, -28.825064 ], [ -59.756475, -28.826927 ], [ -59.757526, -28.827393 ], [ -59.758013, -28.826646 ], [ -59.756355, -28.82362 ], [ -59.758615, -28.822013 ], [ -59.758374, -28.819919 ], [ -59.75466, -28.818593 ], [ -59.752731, -28.818861 ], [ -59.749002, -28.813419 ], [ -59.749935, -28.812476 ], [ -59.753904, -28.813769 ], [ -59.756568, -28.813677 ], [ -59.756347, -28.810461 ], [ -59.755633, -28.809702 ], [ -59.752831, -28.809682 ], [ -59.751798, -28.80743 ], [ -59.752206, -28.806866 ], [ -59.753467, -28.807397 ], [ -59.752596, -28.803988 ], [ -59.755821, -28.801474 ], [ -59.753678, -28.799911 ], [ -59.756645, -28.798465 ], [ -59.754331, -28.792968 ], [ -59.755389, -28.792266 ], [ -59.755703, -28.790236 ], [ -59.75654, -28.790146 ], [ -59.757287, -28.791474 ], [ -59.756664, -28.79298 ], [ -59.757156, -28.793751 ], [ -59.759574, -28.79233 ], [ -59.761623, -28.793096 ], [ -59.760882, -28.791326 ], [ -59.761694, -28.790243 ], [ -59.764906, -28.792313 ], [ -59.763815, -28.789862 ], [ -59.766126, -28.790102 ], [ -59.765031, -28.788355 ], [ -59.766257, -28.788075 ], [ -59.769335, -28.789089 ], [ -59.771326, -28.786998 ], [ -59.770232, -28.785232 ], [ -59.770289, -28.784694 ], [ -59.77161, -28.784657 ], [ -59.771574, -28.783414 ], [ -59.769163, -28.78308 ], [ -59.767746, -28.781276 ], [ -59.767899, -28.779998 ], [ -59.770202, -28.779584 ], [ -59.768112, -28.776219 ], [ -59.771781, -28.775419 ], [ -59.770312, -28.771956 ], [ -59.773924, -28.771338 ], [ -59.773452, -28.768599 ], [ -59.776929, -28.769623 ], [ -59.779069, -28.769513 ], [ -59.779644, -28.76883 ], [ -59.775614, -28.766465 ], [ -59.77987, -28.76637 ], [ -59.780872, -28.765351 ], [ -59.779791, -28.763846 ], [ -59.781108, -28.763669 ], [ -59.782514, -28.764512 ], [ -59.784744, -28.763589 ], [ -59.785916, -28.763848 ], [ -59.785661, -28.762819 ], [ -59.786619, -28.76251 ], [ -59.788198, -28.763297 ], [ -59.785889, -28.765319 ], [ -59.78633, -28.766703 ], [ -59.787562, -28.766668 ], [ -59.790861, -28.763828 ], [ -59.790212, -28.766011 ], [ -59.790711, -28.767007 ], [ -59.791924, -28.767415 ], [ -59.794173, -28.766328 ], [ -59.795773, -28.766366 ], [ -59.795334, -28.764558 ], [ -59.792279, -28.761752 ], [ -59.792537, -28.759561 ], [ -59.79382, -28.758856 ], [ -59.795833, -28.75936 ], [ -59.796633, -28.757415 ], [ -59.79806, -28.75746 ], [ -59.80136, -28.759235 ], [ -59.803692, -28.759116 ], [ -59.804537, -28.756115 ], [ -59.803605, -28.755565 ], [ -59.799958, -28.756104 ], [ -59.79837, -28.755762 ], [ -59.797525, -28.754619 ], [ -59.797703, -28.75384 ], [ -59.801299, -28.753524 ], [ -59.800756, -28.752169 ], [ -59.798421, -28.750445 ], [ -59.80257, -28.749892 ], [ -59.803392, -28.748195 ], [ -59.628305, -28.768638 ], [ -59.631387, -28.79064 ], [ -59.580872, -28.796603 ], [ -59.584762, -28.823427 ], [ -59.533957, -28.829208 ], [ -59.536583, -28.846998 ], [ -59.556878, -28.844728 ], [ -59.563668, -28.891644 ], [ -59.564919, -28.891424 ], [ -59.566254, -28.889716 ], [ -59.56784, -28.890092 ], [ -59.569984, -28.888843 ], [ -59.57355, -28.888354 ], [ -59.576164, -28.906324 ], [ -59.596452, -28.904032 ], [ -59.597741, -28.912933 ], [ -59.628253, -28.90957 ], [ -59.632211, -28.93672 ], [ -59.75892, -28.922102 ], [ -59.759815, -28.919291 ], [ -59.758681, -28.917179 ], [ -59.759073, -28.915253 ], [ -59.760982, -28.917367 ], [ -59.76106, -28.918658 ], [ -59.762864, -28.919893 ], [ -59.763397, -28.919425 ], [ -59.763568, -28.916437 ], [ -59.762005, -28.914983 ], [ -59.761828, -28.913557 ], [ -59.762947, -28.912309 ], [ -59.764017, -28.91274 ], [ -59.764891, -28.915676 ], [ -59.765703, -28.916074 ], [ -59.766186, -28.913618 ], [ -59.769511, -28.910521 ], [ -59.76989, -28.911269 ], [ -59.771335, -28.911186 ], [ -59.771088, -28.913172 ], [ -59.774474, -28.916004 ], [ -59.773496, -28.912678 ], [ -59.774136, -28.91148 ], [ -59.775247, -28.913689 ], [ -59.776966, -28.914727 ], [ -59.778698, -28.914657 ], [ -59.778716, -28.91383 ], [ -59.779826, -28.913351 ], [ -59.778633, -28.911701 ], [ -59.779148, -28.91082 ], [ -59.781968, -28.911979 ], [ -59.784998, -28.912092 ], [ -59.784156, -28.908609 ], [ -59.7881, -28.908312 ], [ -59.78961, -28.906928 ], [ -59.788707, -28.90596 ], [ -59.785537, -28.907181 ], [ -59.786395, -28.904068 ], [ -59.787182, -28.903292 ], [ -59.788242, -28.903498 ], [ -59.790087, -28.905036 ], [ -59.791627, -28.902989 ], [ -59.793919, -28.902351 ], [ -59.793155, -28.901486 ], [ -59.791537, -28.901707 ], [ -59.790964, -28.900778 ], [ -59.792448, -28.898847 ], [ -59.791876, -28.897771 ], [ -59.788377, -28.895965 ], [ -59.788402, -28.894331 ], [ -59.791941, -28.894089 ], [ -59.793676, -28.892669 ], [ -59.791831, -28.892041 ], [ -59.789798, -28.889708 ], [ -59.789093, -28.885972 ], [ -59.790875, -28.884683 ], [ -59.793132, -28.886459 ], [ -59.79604, -28.88631 ], [ -59.79744, -28.885324 ], [ -59.796805, -28.884191 ], [ -59.79377, -28.884796 ], [ -59.791086, -28.882066 ], [ -59.791708, -28.881611 ], [ -59.795347, -28.882705 ], [ -59.796319, -28.881926 ], [ -59.795801, -28.881207 ], [ -59.79431, -28.881581 ], [ -59.793059, -28.881057 ], [ -59.794828, -28.879917 ], [ -59.791208, -28.878098 ], [ -59.79101, -28.877394 ], [ -59.793813, -28.87327 ], [ -59.793556, -28.869996 ], [ -59.792361, -28.868606 ], [ -59.788918, -28.87104 ], [ -59.787964, -28.870197 ], [ -59.788423, -28.868847 ], [ -59.787463, -28.867936 ], [ -59.788092, -28.865794 ], [ -59.787044, -28.86553 ], [ -59.783611, -28.866197 ], [ -59.783586, -28.867492 ], [ -59.780824, -28.8689 ], [ -59.779505, -28.868487 ], [ -59.777642, -28.866107 ], [ -59.777159, -28.862953 ], [ -59.776209, -28.862532 ], [ -59.773889, -28.863685 ], [ -59.770813, -28.86293 ], [ -59.772852, -28.859267 ], [ -59.772784, -28.85803 ], [ -59.770497, -28.856522 ], [ -59.768262, -28.856578 ], [ -59.766742, -28.852644 ], [ -59.766964, -28.851182 ], [ -59.769583, -28.850055 ], [ -59.769925, -28.848782 ], [ -59.76842, -28.847615 ], [ -59.766832, -28.849555 ], [ -59.765929, -28.849625 ], [ -59.762312, -28.847776 ], [ -59.764688, -28.845542 ], [ -59.768124, -28.845431 ], [ -59.76947, -28.84362 ], [ -59.768088, -28.843226 ], [ -59.765106, -28.84439 ], [ -59.763154, -28.844243 ], [ -59.762906, -28.84336 ], [ -59.763986, -28.842019 ], [ -59.766609, -28.840001 ], [ -59.765492, -28.838726 ], [ -59.762346, -28.838924 ] ] ] ] } },
{ "type": "Feature", "properties": { "fid": 83, "DISTRITO": "0312", "NOMBRE1": "Ingeniero Chanourdi", "riesgo_median": 3.0, "riesgo_ponderado": 2.8069606384956574, "pct_n4_n5": 2.4406722265012881, "riesgo_alto_clase": 5, "ha": 54271.96, "b12_ha": 11743.02, "n3_ha": 41151.15, "n4_ha": 1323.27, "n5_ha": 0.0 }, "geometry": { "type": "MultiPolygon", "coordinates": [ [ [ [ -59.8099, -28.58043 ], [ -59.814015, -28.574345 ], [ -59.815001, -28.571586 ], [ -59.553237, -28.572313 ], [ -59.553168, -28.573864 ], [ -59.549604, -28.572984 ], [ -59.551428, -28.575287 ], [ -59.551249, -28.57607 ], [ -59.549633, -28.576759 ], [ -59.550949, -28.579118 ], [ -59.55018, -28.579849 ], [ -59.547975, -28.579148 ], [ -59.547499, -28.579738 ], [ -59.550046, -28.582746 ], [ -59.55217, -28.582144 ], [ -59.551487, -28.585124 ], [ -59.553449, -28.585601 ], [ -59.552592, -28.58836 ], [ -59.556195, -28.589095 ], [ -59.557072, -28.590131 ], [ -59.55669, -28.591086 ], [ -59.553397, -28.592716 ], [ -59.554691, -28.595357 ], [ -59.559501, -28.595026 ], [ -59.560967, -28.59632 ], [ -59.55781, -28.59795 ], [ -59.558166, -28.598931 ], [ -59.560014, -28.598957 ], [ -59.562405, -28.600663 ], [ -59.56508, -28.599187 ], [ -59.566365, -28.6002 ], [ -59.568447, -28.600404 ], [ -59.56854, -28.602173 ], [ -59.569738, -28.603047 ], [ -59.571129, -28.602807 ], [ -59.572625, -28.604839 ], [ -59.57625, -28.604825 ], [ -59.575039, -28.607857 ], [ -59.576692, -28.608605 ], [ -59.576912, -28.610275 ], [ -59.579388, -28.611302 ], [ -59.579776, -28.612257 ], [ -59.582098, -28.612101 ], [ -59.583751, -28.613668 ], [ -59.580426, -28.615606 ], [ -59.580818, -28.617514 ], [ -59.579997, -28.619933 ], [ -59.578737, -28.620142 ], [ -59.578027, -28.621976 ], [ -59.574908, -28.624569 ], [ -59.574752, -28.625622 ], [ -59.573171, -28.62607 ], [ -59.572647, -28.627569 ], [ -59.569924, -28.627021 ], [ -59.568675, -28.629244 ], [ -59.567535, -28.628107 ], [ -59.566301, -28.629848 ], [ -59.564445, -28.629852 ], [ -59.56338, -28.632096 ], [ -59.564378, -28.633253 ], [ -59.564363, -28.634883 ], [ -59.565361, -28.635271 ], [ -59.564856, -28.636845 ], [ -59.562826, -28.637118 ], [ -59.56008, -28.634856 ], [ -59.558081, -28.635435 ], [ -59.557594, -28.636221 ], [ -59.558591, -28.637022 ], [ -59.558931, -28.638921 ], [ -59.557271, -28.639289 ], [ -59.555952, -28.641413 ], [ -59.557813, -28.643542 ], [ -59.557346, -28.644818 ], [ -59.558381, -28.646733 ], [ -59.561304, -28.647888 ], [ -59.56068, -28.649774 ], [ -59.5617, -28.651603 ], [ -59.560139, -28.652077 ], [ -59.559901, -28.654215 ], [ -59.561962, -28.654395 ], [ -59.564773, -28.652705 ], [ -59.566646, -28.653482 ], [ -59.564286, -28.655052 ], [ -59.563832, -28.656552 ], [ -59.56715, -28.659389 ], [ -59.565109, -28.660888 ], [ -59.566265, -28.662356 ], [ -59.56542, -28.663336 ], [ -59.567957, -28.665084 ], [ -59.569966, -28.664751 ], [ -59.570511, -28.665385 ], [ -59.569152, -28.668927 ], [ -59.567536, -28.668037 ], [ -59.566844, -28.668384 ], [ -59.568233, -28.670024 ], [ -59.567079, -28.670607 ], [ -59.568891, -28.67185 ], [ -59.569885, -28.671751 ], [ -59.569951, -28.673374 ], [ -59.567165, -28.674392 ], [ -59.566046, -28.673837 ], [ -59.565202, -28.676359 ], [ -59.562882, -28.676101 ], [ -59.565337, -28.67917 ], [ -59.566665, -28.678978 ], [ -59.566189, -28.677456 ], [ -59.567065, -28.677059 ], [ -59.569431, -28.681454 ], [ -59.568767, -28.68463 ], [ -59.569232, -28.685686 ], [ -59.567852, -28.686425 ], [ -59.568085, -28.688491 ], [ -59.567027, -28.689369 ], [ -59.568948, -28.691004 ], [ -59.567836, -28.691992 ], [ -59.56645, -28.690541 ], [ -59.565949, -28.690913 ], [ -59.566278, -28.691991 ], [ -59.56828, -28.69259 ], [ -59.568326, -28.693256 ], [ -59.565632, -28.693523 ], [ -59.564642, -28.694656 ], [ -59.565959, -28.694729 ], [ -59.565811, -28.696301 ], [ -59.564277, -28.696314 ], [ -59.565109, -28.697988 ], [ -59.567324, -28.698205 ], [ -59.56668, -28.698919 ], [ -59.567559, -28.702296 ], [ -59.566672, -28.703308 ], [ -59.568553, -28.703456 ], [ -59.567708, -28.705314 ], [ -59.568188, -28.707999 ], [ -59.56694, -28.70836 ], [ -59.566958, -28.709497 ], [ -59.568232, -28.711317 ], [ -59.569019, -28.711293 ], [ -59.566012, -28.712583 ], [ -59.565271, -28.7123 ], [ -59.565474, -28.713431 ], [ -59.564186, -28.714918 ], [ -59.562335, -28.714574 ], [ -59.561926, -28.7135 ], [ -59.560644, -28.713763 ], [ -59.560855, -28.715491 ], [ -59.558483, -28.714649 ], [ -59.559166, -28.716007 ], [ -59.56106, -28.716948 ], [ -59.560066, -28.718269 ], [ -59.559336, -28.716566 ], [ -59.558214, -28.717088 ], [ -59.558558, -28.718037 ], [ -59.559441, -28.718102 ], [ -59.559997, -28.72024 ], [ -59.557619, -28.719364 ], [ -59.556269, -28.720028 ], [ -59.555471, -28.719139 ], [ -59.555766, -28.720925 ], [ -59.557625, -28.721661 ], [ -59.557547, -28.722222 ], [ -59.554732, -28.723076 ], [ -59.555064, -28.72208 ], [ -59.554282, -28.722278 ], [ -59.553949, -28.723278 ], [ -59.555106, -28.724217 ], [ -59.554749, -28.725349 ], [ -59.553052, -28.724395 ], [ -59.550801, -28.724521 ], [ -59.550295, -28.72841 ], [ -59.551185, -28.729116 ], [ -59.550481, -28.729719 ], [ -59.551164, -28.730451 ], [ -59.550408, -28.73126 ], [ -59.551464, -28.731972 ], [ -59.55196, -28.733874 ], [ -59.54988, -28.734779 ], [ -59.550104, -28.736251 ], [ -59.548892, -28.736637 ], [ -59.551105, -28.737423 ], [ -59.549603, -28.737722 ], [ -59.549852, -28.739405 ], [ -59.547694, -28.739998 ], [ -59.549788, -28.740748 ], [ -59.5505, -28.74185 ], [ -59.548562, -28.743104 ], [ -59.550256, -28.743295 ], [ -59.549085, -28.744814 ], [ -59.54598, -28.745145 ], [ -59.546834, -28.748167 ], [ -59.545754, -28.749236 ], [ -59.544182, -28.748657 ], [ -59.544796, -28.747898 ], [ -59.543425, -28.747524 ], [ -59.543228, -28.746402 ], [ -59.542301, -28.748268 ], [ -59.540982, -28.748695 ], [ -59.541255, -28.749711 ], [ -59.538895, -28.749151 ], [ -59.538158, -28.748018 ], [ -59.537319, -28.749439 ], [ -59.536078, -28.749212 ], [ -59.534712, -28.749933 ], [ -59.534307, -28.748 ], [ -59.532194, -28.74765 ], [ -59.530577, -28.749305 ], [ -59.530632, -28.750382 ], [ -59.528149, -28.752656 ], [ -59.527139, -28.751527 ], [ -59.525439, -28.752629 ], [ -59.52434, -28.752198 ], [ -59.523796, -28.752688 ], [ -59.523833, -28.750523 ], [ -59.522103, -28.751879 ], [ -59.520092, -28.750808 ], [ -59.519198, -28.753083 ], [ -59.517712, -28.752335 ], [ -59.517544, -28.750717 ], [ -59.518422, -28.750575 ], [ -59.517426, -28.750177 ], [ -59.516823, -28.751455 ], [ -59.51544, -28.751379 ], [ -59.514981, -28.752525 ], [ -59.514266, -28.750961 ], [ -59.513404, -28.750815 ], [ -59.513651, -28.752 ], [ -59.512057, -28.751687 ], [ -59.509863, -28.752516 ], [ -59.509821, -28.753833 ], [ -59.508888, -28.752681 ], [ -59.507094, -28.753958 ], [ -59.5061, -28.753856 ], [ -59.506197, -28.754733 ], [ -59.504206, -28.755202 ], [ -59.50397, -28.755989 ], [ -59.502983, -28.755514 ], [ -59.507011, -28.786678 ], [ -59.527309, -28.784353 ], [ -59.533957, -28.829208 ], [ -59.584762, -28.823427 ], [ -59.580872, -28.796603 ], [ -59.631387, -28.79064 ], [ -59.628305, -28.768638 ], [ -59.803392, -28.748195 ], [ -59.802123, -28.747148 ], [ -59.800675, -28.747541 ], [ -59.800211, -28.74536 ], [ -59.798479, -28.744323 ], [ -59.800103, -28.74197 ], [ -59.802419, -28.741213 ], [ -59.800177, -28.739363 ], [ -59.801243, -28.737028 ], [ -59.800035, -28.735234 ], [ -59.797895, -28.736024 ], [ -59.795976, -28.73488 ], [ -59.792074, -28.73537 ], [ -59.791811, -28.734904 ], [ -59.793962, -28.7338 ], [ -59.793638, -28.732431 ], [ -59.788698, -28.732948 ], [ -59.788547, -28.731415 ], [ -59.785388, -28.730862 ], [ -59.782123, -28.727337 ], [ -59.782308, -28.725959 ], [ -59.7849, -28.726831 ], [ -59.786179, -28.726441 ], [ -59.787322, -28.723588 ], [ -59.786347, -28.723149 ], [ -59.785246, -28.72403 ], [ -59.785429, -28.720537 ], [ -59.7841, -28.721165 ], [ -59.781971, -28.719733 ], [ -59.78041, -28.719839 ], [ -59.778575, -28.71727 ], [ -59.778451, -28.71642 ], [ -59.779224, -28.716043 ], [ -59.781138, -28.718077 ], [ -59.783694, -28.717913 ], [ -59.784671, -28.716988 ], [ -59.784708, -28.716094 ], [ -59.782013, -28.714399 ], [ -59.78106, -28.711896 ], [ -59.78331, -28.710202 ], [ -59.78432, -28.710426 ], [ -59.784132, -28.713287 ], [ -59.784694, -28.714916 ], [ -59.785862, -28.715208 ], [ -59.7877, -28.713124 ], [ -59.785205, -28.709886 ], [ -59.785757, -28.708952 ], [ -59.786686, -28.708731 ], [ -59.788677, -28.710958 ], [ -59.789279, -28.710819 ], [ -59.788328, -28.70874 ], [ -59.788801, -28.707834 ], [ -59.792642, -28.709767 ], [ -59.794906, -28.708369 ], [ -59.791921, -28.707918 ], [ -59.789871, -28.706638 ], [ -59.792968, -28.703962 ], [ -59.79255, -28.701311 ], [ -59.787827, -28.702741 ], [ -59.785127, -28.701295 ], [ -59.785898, -28.700305 ], [ -59.789701, -28.701099 ], [ -59.792932, -28.698555 ], [ -59.788834, -28.695176 ], [ -59.785681, -28.697449 ], [ -59.785092, -28.697008 ], [ -59.785127, -28.694896 ], [ -59.788532, -28.694722 ], [ -59.789398, -28.692008 ], [ -59.788572, -28.691678 ], [ -59.78731, -28.692661 ], [ -59.786187, -28.690986 ], [ -59.783094, -28.690674 ], [ -59.782851, -28.691543 ], [ -59.781191, -28.69085 ], [ -59.781225, -28.688853 ], [ -59.779598, -28.687914 ], [ -59.781628, -28.684246 ], [ -59.777473, -28.679917 ], [ -59.775873, -28.681527 ], [ -59.773355, -28.680497 ], [ -59.772788, -28.679407 ], [ -59.773847, -28.678266 ], [ -59.776941, -28.678233 ], [ -59.781065, -28.67703 ], [ -59.781067, -28.676164 ], [ -59.777455, -28.675021 ], [ -59.776261, -28.672168 ], [ -59.779977, -28.670799 ], [ -59.782729, -28.668323 ], [ -59.782346, -28.667915 ], [ -59.778678, -28.669191 ], [ -59.778853, -28.665458 ], [ -59.776659, -28.664838 ], [ -59.776438, -28.662295 ], [ -59.780586, -28.663522 ], [ -59.78349, -28.662431 ], [ -59.783026, -28.659822 ], [ -59.785334, -28.658084 ], [ -59.788137, -28.652383 ], [ -59.789336, -28.651247 ], [ -59.792557, -28.651296 ], [ -59.794597, -28.648957 ], [ -59.79729, -28.648167 ], [ -59.795634, -28.644904 ], [ -59.796017, -28.643771 ], [ -59.802583, -28.642105 ], [ -59.808088, -28.642802 ], [ -59.808442, -28.642063 ], [ -59.806265, -28.640977 ], [ -59.80675, -28.639923 ], [ -59.812909, -28.640688 ], [ -59.809654, -28.635379 ], [ -59.810711, -28.634142 ], [ -59.811617, -28.63558 ], [ -59.812403, -28.63559 ], [ -59.812144, -28.633281 ], [ -59.814016, -28.633413 ], [ -59.811715, -28.631982 ], [ -59.811891, -28.630921 ], [ -59.813281, -28.630459 ], [ -59.812266, -28.627734 ], [ -59.813604, -28.627406 ], [ -59.815496, -28.629712 ], [ -59.816136, -28.629008 ], [ -59.814875, -28.626063 ], [ -59.817157, -28.624497 ], [ -59.817004, -28.623377 ], [ -59.815901, -28.622684 ], [ -59.814355, -28.623357 ], [ -59.812872, -28.621077 ], [ -59.809392, -28.620929 ], [ -59.807381, -28.621792 ], [ -59.807586, -28.621282 ], [ -59.805664, -28.620569 ], [ -59.804963, -28.618786 ], [ -59.801867, -28.61762 ], [ -59.801161, -28.616505 ], [ -59.804123, -28.614537 ], [ -59.80252, -28.611027 ], [ -59.805356, -28.609711 ], [ -59.805241, -28.607504 ], [ -59.807957, -28.608041 ], [ -59.80943, -28.607402 ], [ -59.809645, -28.606405 ], [ -59.808142, -28.604949 ], [ -59.809898, -28.604237 ], [ -59.810185, -28.601718 ], [ -59.812431, -28.601423 ], [ -59.810709, -28.598806 ], [ -59.814107, -28.595868 ], [ -59.813079, -28.588826 ], [ -59.811415, -28.587488 ], [ -59.811382, -28.586674 ], [ -59.813229, -28.585827 ], [ -59.81335, -28.583846 ], [ -59.810948, -28.583393 ], [ -59.81124, -28.581692 ], [ -59.8099, -28.58043 ] ] ] ] } },
{ "type": "Feature", "properties": { "fid": 84, "DISTRITO": "0617", "NOMBRE1": "Cayastacito", "riesgo_median": 2.0, "riesgo_ponderado": 2.1641200597172592, "pct_n4_n5": 0.20211166265138164, "riesgo_alto_clase": 3, "ha": 33366.42, "b12_ha": 27140.22, "n3_ha": 6189.66, "n4_ha": 67.5, "n5_ha": 0.0 }, "geometry": { "type": "MultiPolygon", "coordinates": [ [ [ [ -60.562424, -31.049965 ], [ -60.551724, -31.034784 ], [ -60.510502, -31.043047 ], [ -60.50992, -31.042179 ], [ -60.499374, -31.044514 ], [ -60.498277, -31.042963 ], [ -60.508872, -31.040617 ], [ -60.507997, -31.039701 ], [ -60.497538, -31.041917 ], [ -60.495409, -31.038906 ], [ -60.346972, -31.069548 ], [ -60.346652, -31.073835 ], [ -60.349105, -31.079111 ], [ -60.352852, -31.082133 ], [ -60.354324, -31.085399 ], [ -60.357688, -31.087193 ], [ -60.358369, -31.089904 ], [ -60.359738, -31.091577 ], [ -60.360987, -31.101407 ], [ -60.360317, -31.104512 ], [ -60.360906, -31.105726 ], [ -60.365442, -31.108061 ], [ -60.366133, -31.110659 ], [ -60.365411, -31.112716 ], [ -60.369138, -31.115447 ], [ -60.366357, -31.11998 ], [ -60.362921, -31.120251 ], [ -60.360449, -31.121695 ], [ -60.360051, -31.123307 ], [ -60.356867, -31.123489 ], [ -60.356921, -31.124447 ], [ -60.360067, -31.12647 ], [ -60.359979, -31.129868 ], [ -60.36114, -31.129255 ], [ -60.364478, -31.129594 ], [ -60.367368, -31.131849 ], [ -60.365598, -31.13359 ], [ -60.367976, -31.134062 ], [ -60.369187, -31.133667 ], [ -60.369322, -31.130778 ], [ -60.371244, -31.13086 ], [ -60.372213, -31.133077 ], [ -60.371763, -31.134384 ], [ -60.367986, -31.13827 ], [ -60.373376, -31.141989 ], [ -60.379761, -31.143526 ], [ -60.383719, -31.142331 ], [ -60.386026, -31.139673 ], [ -60.388774, -31.139108 ], [ -60.398984, -31.143603 ], [ -60.404262, -31.15199 ], [ -60.406289, -31.152889 ], [ -60.41808, -31.152631 ], [ -60.419948, -31.154157 ], [ -60.418762, -31.160427 ], [ -60.420865, -31.16424 ], [ -60.42362, -31.165275 ], [ -60.427905, -31.164634 ], [ -60.432022, -31.162601 ], [ -60.434612, -31.162802 ], [ -60.437449, -31.164115 ], [ -60.441102, -31.167432 ], [ -60.442329, -31.170422 ], [ -60.442192, -31.174794 ], [ -60.440444, -31.181763 ], [ -60.441856, -31.189696 ], [ -60.443969, -31.191569 ], [ -60.444857, -31.193695 ], [ -60.442766, -31.196697 ], [ -60.443828, -31.198643 ], [ -60.454334, -31.203967 ], [ -60.451567, -31.208003 ], [ -60.449519, -31.213069 ], [ -60.573847, -31.188037 ], [ -60.55828, -31.168928 ], [ -60.549288, -31.132335 ], [ -60.670252, -31.111959 ], [ -60.67278, -31.100444 ], [ -60.668271, -31.101274 ], [ -60.664282, -31.083962 ], [ -60.666123, -31.083674 ], [ -60.66254, -31.067393 ], [ -60.618022, -31.074855 ], [ -60.61925, -31.081079 ], [ -60.607344, -31.082898 ], [ -60.606437, -31.078033 ], [ -60.58614, -31.081336 ], [ -60.567441, -31.054791 ], [ -60.562424, -31.049965 ] ] ] ] } },
{ "type": "Feature", "properties": { "fid": 85, "DISTRITO": "0616", "NOMBRE1": "Esther", "riesgo_median": 2.0, "riesgo_ponderado": 2.3310458091383657, "pct_n4_n5": 0.61440553698164124, "riesgo_alto_clase": 4, "ha": 6129.63, "b12_ha": 4070.88, "n3_ha": 2029.05, "n4_ha": 37.71, "n5_ha": 0.0 }, "geometry": { "type": "MultiPolygon", "coordinates": [ [ [ [ -60.657848, -31.041645 ], [ -60.650141, -31.015012 ], [ -60.602386, -31.023027 ], [ -60.591744, -31.008162 ], [ -60.540151, -31.018521 ], [ -60.562424, -31.049965 ], [ -60.567441, -31.054791 ], [ -60.58614, -31.081336 ], [ -60.606437, -31.078033 ], [ -60.607344, -31.082898 ], [ -60.61925, -31.081079 ], [ -60.618022, -31.074855 ], [ -60.66254, -31.067393 ], [ -60.657848, -31.041645 ] ] ] ] } },
{ "type": "Feature", "properties": { "fid": 86, "DISTRITO": "0612", "NOMBRE1": "Nare", "riesgo_median": 2.0, "riesgo_ponderado": 2.0202388975794396, "pct_n4_n5": 0.0039791393618952633, "riesgo_alto_clase": 2, "ha": 36168.22, "b12_ha": 33292.17, "n3_ha": 2895.12, "n4_ha": 1.44, "n5_ha": 0.0 }, "geometry": { "type": "MultiPolygon", "coordinates": [ [ [ [ -60.518401, -30.924896 ], [ -60.501838, -30.880102 ], [ -60.348433, -30.913377 ], [ -60.346651, -30.916912 ], [ -60.347093, -30.918421 ], [ -60.344792, -30.920455 ], [ -60.344687, -30.921493 ], [ -60.349988, -30.921738 ], [ -60.350044, -30.92303 ], [ -60.348884, -30.922747 ], [ -60.346122, -30.925092 ], [ -60.347958, -30.926805 ], [ -60.351262, -30.926702 ], [ -60.351661, -30.927385 ], [ -60.345392, -30.930275 ], [ -60.340944, -30.930252 ], [ -60.338784, -30.934342 ], [ -60.34029, -30.936731 ], [ -60.337557, -30.936006 ], [ -60.337909, -30.939258 ], [ -60.337186, -30.939781 ], [ -60.332156, -30.937351 ], [ -60.332013, -30.940453 ], [ -60.330393, -30.940383 ], [ -60.330077, -30.94149 ], [ -60.334985, -30.944624 ], [ -60.337218, -30.94801 ], [ -60.335419, -30.949571 ], [ -60.335772, -30.951509 ], [ -60.33413, -30.953136 ], [ -60.335017, -30.955485 ], [ -60.334606, -30.959367 ], [ -60.333702, -30.96084 ], [ -60.334506, -30.961662 ], [ -60.33415, -30.962514 ], [ -60.335691, -30.963395 ], [ -60.33496, -30.965151 ], [ -60.336675, -30.968605 ], [ -60.336329, -30.969893 ], [ -60.338166, -30.970205 ], [ -60.339419, -30.971279 ], [ -60.338556, -30.971951 ], [ -60.33904, -30.97278 ], [ -60.341766, -30.972427 ], [ -60.342283, -30.973375 ], [ -60.33999, -30.97578 ], [ -60.340212, -30.976444 ], [ -60.343642, -30.976061 ], [ -60.344752, -30.978406 ], [ -60.346107, -30.97887 ], [ -60.347684, -30.981239 ], [ -60.347541, -30.981991 ], [ -60.344191, -30.982794 ], [ -60.340875, -30.989404 ], [ -60.342726, -30.991142 ], [ -60.342659, -30.994495 ], [ -60.340625, -30.993261 ], [ -60.337275, -30.993349 ], [ -60.336688, -30.994283 ], [ -60.337269, -30.997957 ], [ -60.336816, -30.998877 ], [ -60.334586, -30.999326 ], [ -60.335384, -31.002498 ], [ -60.334014, -31.006249 ], [ -60.334729, -31.0084 ], [ -60.333431, -31.009376 ], [ -60.333035, -31.011358 ], [ -60.32933, -31.013019 ], [ -60.32984, -31.014492 ], [ -60.3323, -31.016441 ], [ -60.331787, -31.02841 ], [ -60.327652, -31.034594 ], [ -60.323805, -31.037548 ], [ -60.320054, -31.03916 ], [ -60.320613, -31.041996 ], [ -60.322445, -31.044876 ], [ -60.327291, -31.049402 ], [ -60.329612, -31.056722 ], [ -60.332816, -31.058253 ], [ -60.338105, -31.062592 ], [ -60.34153, -31.063384 ], [ -60.34536, -31.065701 ], [ -60.346972, -31.069548 ], [ -60.495409, -31.038906 ], [ -60.497538, -31.041917 ], [ -60.507997, -31.039701 ], [ -60.508872, -31.040617 ], [ -60.498277, -31.042963 ], [ -60.499374, -31.044514 ], [ -60.50992, -31.042179 ], [ -60.510502, -31.043047 ], [ -60.551724, -31.034784 ], [ -60.540151, -31.018521 ], [ -60.591744, -31.008162 ], [ -60.581644, -30.993899 ], [ -60.560151, -30.917783 ], [ -60.518401, -30.924896 ] ] ] ] } },
{ "type": "Feature", "properties": { "fid": 87, "DISTRITO": "0615", "NOMBRE1": "Videla", "riesgo_median": 2.0, "riesgo_ponderado": 2.1609619795199793, "pct_n4_n5": 0.30623122395580971, "riesgo_alto_clase": 3, "ha": 27845.18, "b12_ha": 21857.22, "n3_ha": 5918.76, "n4_ha": 85.32, "n5_ha": 0.0 }, "geometry": { "type": "MultiPolygon", "coordinates": [ [ [ [ -60.626347, -30.90791 ], [ -60.560408, -30.918862 ], [ -60.581644, -30.993899 ], [ -60.602386, -31.023027 ], [ -60.650141, -31.015012 ], [ -60.657896, -31.042117 ], [ -60.741565, -31.028341 ], [ -60.814212, -31.015086 ], [ -60.81656, -31.012426 ], [ -60.822326, -31.015505 ], [ -60.82339, -31.012242 ], [ -60.827444, -31.012958 ], [ -60.828284, -31.009698 ], [ -60.829697, -31.01049 ], [ -60.829205, -31.013599 ], [ -60.834103, -31.013912 ], [ -60.834664, -31.013329 ], [ -60.833098, -31.01134 ], [ -60.837851, -31.009681 ], [ -60.835025, -31.007086 ], [ -60.835788, -31.006375 ], [ -60.841113, -31.006226 ], [ -60.842042, -31.007691 ], [ -60.841956, -31.009696 ], [ -60.843176, -31.010254 ], [ -60.844488, -31.006313 ], [ -60.850214, -31.003928 ], [ -60.850672, -31.001903 ], [ -60.851785, -31.001457 ], [ -60.853156, -30.999281 ], [ -60.85911, -30.999027 ], [ -60.859866, -30.998365 ], [ -60.859308, -30.996662 ], [ -60.853521, -30.990859 ], [ -60.85237, -30.990654 ], [ -60.84862, -30.993842 ], [ -60.844433, -30.995043 ], [ -60.845348, -30.998294 ], [ -60.843806, -30.99874 ], [ -60.839199, -30.992582 ], [ -60.840471, -30.991029 ], [ -60.844599, -30.990262 ], [ -60.843074, -30.988366 ], [ -60.843343, -30.984855 ], [ -60.840575, -30.98416 ], [ -60.837213, -30.988347 ], [ -60.833286, -30.98995 ], [ -60.832135, -30.985878 ], [ -60.832409, -30.983493 ], [ -60.838106, -30.981607 ], [ -60.838723, -30.980801 ], [ -60.833982, -30.97899 ], [ -60.83224, -30.979004 ], [ -60.831374, -30.979821 ], [ -60.831225, -30.982119 ], [ -60.830531, -30.982249 ], [ -60.825943, -30.98036 ], [ -60.829331, -30.975819 ], [ -60.833645, -30.975653 ], [ -60.831699, -30.974258 ], [ -60.830425, -30.971392 ], [ -60.830431, -30.969053 ], [ -60.832326, -30.967222 ], [ -60.832303, -30.963615 ], [ -60.834456, -30.96399 ], [ -60.834854, -30.967283 ], [ -60.836521, -30.967343 ], [ -60.836926, -30.966704 ], [ -60.836122, -30.959853 ], [ -60.830351, -30.95809 ], [ -60.825893, -30.954908 ], [ -60.826359, -30.953746 ], [ -60.828239, -30.952998 ], [ -60.830341, -30.953126 ], [ -60.833075, -30.954685 ], [ -60.835775, -30.951941 ], [ -60.835411, -30.950467 ], [ -60.832503, -30.950764 ], [ -60.830331, -30.948105 ], [ -60.83463, -30.948288 ], [ -60.830567, -30.941258 ], [ -60.835165, -30.937905 ], [ -60.836007, -30.934731 ], [ -60.835088, -30.93287 ], [ -60.83417, -30.93289 ], [ -60.830821, -30.9355 ], [ -60.82636, -30.932954 ], [ -60.826559, -30.931284 ], [ -60.830282, -30.929837 ], [ -60.830351, -30.927738 ], [ -60.82928, -30.927122 ], [ -60.824606, -30.92926 ], [ -60.823585, -30.928842 ], [ -60.823976, -30.925245 ], [ -60.821791, -30.918642 ], [ -60.823713, -30.917623 ], [ -60.828214, -30.920049 ], [ -60.830552, -30.918685 ], [ -60.83341, -30.919091 ], [ -60.836675, -30.917245 ], [ -60.83977, -30.918427 ], [ -60.841725, -30.911435 ], [ -60.843595, -30.908747 ], [ -60.724618, -30.928761 ], [ -60.716429, -30.929968 ], [ -60.716181, -30.928861 ], [ -60.634012, -30.942171 ], [ -60.626347, -30.90791 ] ] ] ] } },
{ "type": "Feature", "properties": { "fid": 88, "DISTRITO": "0613", "NOMBRE1": "San Bernardo", "riesgo_median": 2.0, "riesgo_ponderado": 2.2794837641298868, "pct_n4_n5": 0.28799769601843184, "riesgo_alto_clase": 3, "ha": 9993.07, "b12_ha": 7146.27, "n3_ha": 2825.01, "n4_ha": 28.8, "n5_ha": 0.0 }, "geometry": { "type": "MultiPolygon", "coordinates": [ [ [ [ -60.601289, -30.823258 ], [ -60.527763, -30.835621 ], [ -60.528953, -30.839744 ], [ -60.518633, -30.841922 ], [ -60.517313, -30.83734 ], [ -60.499332, -30.840295 ], [ -60.489515, -30.847479 ], [ -60.518416, -30.924937 ], [ -60.560151, -30.917783 ], [ -60.560408, -30.918862 ], [ -60.620333, -30.908933 ], [ -60.601289, -30.823258 ] ] ] ] } },
{ "type": "Feature", "properties": { "fid": 89, "DISTRITO": "0614", "NOMBRE1": "Angeloni", "riesgo_median": 2.0, "riesgo_ponderado": 2.2355824939834208, "pct_n4_n5": 0.15495690689558236, "riesgo_alto_clase": 3, "ha": 26269.82, "b12_ha": 19382.22, "n3_ha": 6829.56, "n4_ha": 40.68, "n5_ha": 0.0 }, "geometry": { "type": "MultiPolygon", "coordinates": [ [ [ [ -60.6049, -30.839518 ], [ -60.620333, -30.908933 ], [ -60.626347, -30.90791 ], [ -60.634012, -30.942171 ], [ -60.716181, -30.928861 ], [ -60.716429, -30.929968 ], [ -60.724618, -30.928761 ], [ -60.843595, -30.908747 ], [ -60.84456, -30.905313 ], [ -60.849881, -30.904274 ], [ -60.853073, -30.901622 ], [ -60.851601, -30.900302 ], [ -60.8481, -30.899448 ], [ -60.847727, -30.898065 ], [ -60.848756, -30.895682 ], [ -60.842684, -30.893473 ], [ -60.841627, -30.892617 ], [ -60.840402, -30.889357 ], [ -60.83961, -30.888853 ], [ -60.837122, -30.889435 ], [ -60.832966, -30.886775 ], [ -60.830609, -30.887243 ], [ -60.819775, -30.893761 ], [ -60.814503, -30.894841 ], [ -60.813314, -30.897791 ], [ -60.809961, -30.896991 ], [ -60.812584, -30.890964 ], [ -60.811614, -30.888792 ], [ -60.809157, -30.889118 ], [ -60.806142, -30.89338 ], [ -60.805339, -30.89347 ], [ -60.804197, -30.888258 ], [ -60.802545, -30.886826 ], [ -60.798956, -30.887145 ], [ -60.797536, -30.889897 ], [ -60.795384, -30.891467 ], [ -60.789568, -30.890257 ], [ -60.788211, -30.892755 ], [ -60.783577, -30.891708 ], [ -60.780364, -30.891841 ], [ -60.776334, -30.888357 ], [ -60.776714, -30.886714 ], [ -60.783193, -30.884808 ], [ -60.782203, -30.880005 ], [ -60.78268, -30.878164 ], [ -60.786094, -30.874536 ], [ -60.789226, -30.872537 ], [ -60.792734, -30.868386 ], [ -60.792689, -30.866943 ], [ -60.790509, -30.865033 ], [ -60.790613, -30.857734 ], [ -60.79126, -30.856655 ], [ -60.795359, -30.852698 ], [ -60.801681, -30.855969 ], [ -60.804615, -30.853942 ], [ -60.804966, -30.852667 ], [ -60.803308, -30.850527 ], [ -60.796551, -30.850145 ], [ -60.79782, -30.848949 ], [ -60.802317, -30.84762 ], [ -60.801863, -30.844341 ], [ -60.802704, -30.842879 ], [ -60.805327, -30.843004 ], [ -60.808128, -30.844712 ], [ -60.810946, -30.844497 ], [ -60.811031, -30.842856 ], [ -60.809871, -30.841364 ], [ -60.803769, -30.837017 ], [ -60.80418, -30.835091 ], [ -60.807972, -30.833907 ], [ -60.811971, -30.833798 ], [ -60.815103, -30.8359 ], [ -60.8175, -30.836337 ], [ -60.818345, -30.83554 ], [ -60.818201, -30.834013 ], [ -60.815974, -30.830434 ], [ -60.822128, -30.826978 ], [ -60.821928, -30.82275 ], [ -60.823554, -30.820707 ], [ -60.824309, -30.820886 ], [ -60.824916, -30.822905 ], [ -60.826463, -30.823644 ], [ -60.831735, -30.824926 ], [ -60.833599, -30.824376 ], [ -60.83391, -30.822423 ], [ -60.83098, -30.820999 ], [ -60.82906, -30.818805 ], [ -60.827188, -30.818279 ], [ -60.824833, -30.818832 ], [ -60.823614, -30.818189 ], [ -60.825969, -30.813732 ], [ -60.829547, -30.81436 ], [ -60.830361, -30.813789 ], [ -60.83009, -30.805135 ], [ -60.82871, -30.804719 ], [ -60.826822, -30.806202 ], [ -60.82534, -30.805335 ], [ -60.827046, -30.801774 ], [ -60.825879, -30.801343 ], [ -60.823973, -30.802557 ], [ -60.819127, -30.801216 ], [ -60.814019, -30.793893 ], [ -60.806263, -30.791113 ], [ -60.803678, -30.787621 ], [ -60.799734, -30.786231 ], [ -60.795104, -30.782922 ], [ -60.791257, -30.783327 ], [ -60.783418, -30.786345 ], [ -60.781091, -30.790376 ], [ -60.780655, -30.793094 ], [ -60.782983, -30.795196 ], [ -60.783527, -30.799809 ], [ -60.773576, -30.805286 ], [ -60.77206, -30.808351 ], [ -60.76809, -30.805644 ], [ -60.766261, -30.802346 ], [ -60.760237, -30.807891 ], [ -60.755913, -30.803283 ], [ -60.752292, -30.801268 ], [ -60.745878, -30.802227 ], [ -60.745389, -30.800448 ], [ -60.750008, -30.798187 ], [ -60.75, -30.796622 ], [ -60.745022, -30.793265 ], [ -60.744237, -30.793425 ], [ -60.743302, -30.795453 ], [ -60.740861, -30.795882 ], [ -60.738013, -30.795078 ], [ -60.736044, -30.793288 ], [ -60.730591, -30.792374 ], [ -60.730468, -30.790349 ], [ -60.732367, -30.786972 ], [ -60.729107, -30.78709 ], [ -60.728083, -30.780575 ], [ -60.726576, -30.780513 ], [ -60.726083, -30.782236 ], [ -60.722043, -30.786648 ], [ -60.720345, -30.787158 ], [ -60.717715, -30.78622 ], [ -60.719646, -30.783734 ], [ -60.720188, -30.779586 ], [ -60.723224, -30.776595 ], [ -60.721465, -30.775776 ], [ -60.716476, -30.776085 ], [ -60.710764, -30.772548 ], [ -60.714899, -30.772404 ], [ -60.719574, -30.769668 ], [ -60.72368, -30.770218 ], [ -60.725039, -30.76861 ], [ -60.719469, -30.766542 ], [ -60.716867, -30.764718 ], [ -60.715728, -30.763378 ], [ -60.716536, -30.759854 ], [ -60.716068, -30.758612 ], [ -60.709973, -30.75661 ], [ -60.711793, -30.75429 ], [ -60.715606, -30.753622 ], [ -60.715236, -30.752379 ], [ -60.713097, -30.750976 ], [ -60.708179, -30.750381 ], [ -60.705278, -30.750997 ], [ -60.702146, -30.752975 ], [ -60.700836, -30.751708 ], [ -60.702466, -30.748403 ], [ -60.701522, -30.747535 ], [ -60.697386, -30.749783 ], [ -60.69202, -30.747185 ], [ -60.689641, -30.747664 ], [ -60.688706, -30.751752 ], [ -60.691531, -30.753248 ], [ -60.691945, -30.754935 ], [ -60.690406, -30.757375 ], [ -60.687967, -30.758271 ], [ -60.686032, -30.757117 ], [ -60.685886, -30.756266 ], [ -60.688062, -30.753571 ], [ -60.687234, -30.752352 ], [ -60.682536, -30.75145 ], [ -60.678871, -30.753209 ], [ -60.678195, -30.752528 ], [ -60.68136, -30.747307 ], [ -60.681882, -30.745833 ], [ -60.681329, -30.745199 ], [ -60.679012, -30.744674 ], [ -60.677201, -30.74799 ], [ -60.675906, -30.748431 ], [ -60.67458, -30.747841 ], [ -60.674384, -30.745287 ], [ -60.672234, -30.744415 ], [ -60.694901, -30.848202 ], [ -60.663492, -30.853436 ], [ -60.658445, -30.830357 ], [ -60.6049, -30.839518 ] ] ] ] } },
{ "type": "Feature", "properties": { "fid": 90, "DISTRITO": "0604", "NOMBRE1": "San Martin Norte", "riesgo_median": 2.0, "riesgo_ponderado": 2.0110014942701131, "pct_n4_n5": 0.002221962993206348, "riesgo_alto_clase": 2, "ha": 32414.74, "b12_ha": 29678.22, "n3_ha": 2724.84, "n4_ha": 0.72, "n5_ha": 0.0 }, "geometry": { "type": "MultiPolygon", "coordinates": [ [ [ [ -60.326857, -30.275866 ], [ -60.299084, -30.185037 ], [ -60.248716, -30.19707 ], [ -60.236383, -30.156037 ], [ -60.202133, -30.161174 ], [ -60.193774, -30.16321 ], [ -60.182219, -30.164281 ], [ -60.180734, -30.165496 ], [ -60.174975, -30.166932 ], [ -60.174047, -30.167741 ], [ -60.161546, -30.163193 ], [ -60.157807, -30.163921 ], [ -60.154067, -30.163443 ], [ -60.151016, -30.160676 ], [ -60.150873, -30.157784 ], [ -60.148378, -30.156703 ], [ -60.145051, -30.153935 ], [ -60.132703, -30.137442 ], [ -60.132833, -30.131298 ], [ -60.136438, -30.127362 ], [ -60.13147, -30.130158 ], [ -60.127566, -30.134684 ], [ -60.126746, -30.13465 ], [ -60.126381, -30.133387 ], [ -60.126819, -30.131347 ], [ -60.122355, -30.134105 ], [ -60.118719, -30.133769 ], [ -60.119001, -30.135231 ], [ -60.122227, -30.136865 ], [ -60.120526, -30.138809 ], [ -60.122736, -30.13904 ], [ -60.123537, -30.140527 ], [ -60.122405, -30.140711 ], [ -60.122708, -30.142326 ], [ -60.119831, -30.142586 ], [ -60.118732, -30.14336 ], [ -60.121199, -30.145133 ], [ -60.119441, -30.146562 ], [ -60.120766, -30.147689 ], [ -60.118567, -30.148612 ], [ -60.120813, -30.151092 ], [ -60.121907, -30.150615 ], [ -60.122925, -30.151158 ], [ -60.124885, -30.155848 ], [ -60.126545, -30.15643 ], [ -60.12625, -30.15724 ], [ -60.123141, -30.158365 ], [ -60.126994, -30.160073 ], [ -60.124666, -30.160705 ], [ -60.124297, -30.161432 ], [ -60.128069, -30.16139 ], [ -60.13023, -30.163431 ], [ -60.129687, -30.164355 ], [ -60.127671, -30.163807 ], [ -60.127525, -30.165372 ], [ -60.133049, -30.166203 ], [ -60.130072, -30.17211 ], [ -60.131337, -30.173088 ], [ -60.134178, -30.17312 ], [ -60.131908, -30.174817 ], [ -60.13487, -30.174602 ], [ -60.135642, -30.175272 ], [ -60.135034, -30.175519 ], [ -60.136211, -30.175695 ], [ -60.137833, -30.174775 ], [ -60.139297, -30.177139 ], [ -60.140879, -30.176184 ], [ -60.139056, -30.178727 ], [ -60.140679, -30.178408 ], [ -60.141691, -30.176748 ], [ -60.142706, -30.177064 ], [ -60.141817, -30.18077 ], [ -60.143317, -30.179603 ], [ -60.143842, -30.177767 ], [ -60.145019, -30.177942 ], [ -60.144291, -30.17992 ], [ -60.142548, -30.181263 ], [ -60.144902, -30.181853 ], [ -60.145593, -30.1827 ], [ -60.143443, -30.183302 ], [ -60.143364, -30.184396 ], [ -60.145719, -30.185065 ], [ -60.147371, -30.182825 ], [ -60.150014, -30.185505 ], [ -60.149895, -30.187764 ], [ -60.147379, -30.187591 ], [ -60.148477, -30.189531 ], [ -60.146447, -30.18918 ], [ -60.146164, -30.18971 ], [ -60.146856, -30.191015 ], [ -60.14913, -30.191436 ], [ -60.146899, -30.192357 ], [ -60.146167, -30.192004 ], [ -60.145803, -30.192711 ], [ -60.14845, -30.198307 ], [ -60.147925, -30.200038 ], [ -60.151707, -30.204261 ], [ -60.149913, -30.206044 ], [ -60.152919, -30.206923 ], [ -60.151216, -30.208796 ], [ -60.154708, -30.209251 ], [ -60.156173, -30.21105 ], [ -60.158682, -30.211218 ], [ -60.159333, -30.2121 ], [ -60.158848, -30.213336 ], [ -60.160755, -30.212698 ], [ -60.160915, -30.210933 ], [ -60.162864, -30.211142 ], [ -60.165222, -30.213434 ], [ -60.163071, -30.213931 ], [ -60.162667, -30.214778 ], [ -60.167663, -30.218504 ], [ -60.167786, -30.218998 ], [ -60.166, -30.219636 ], [ -60.167666, -30.221425 ], [ -60.167587, -30.22252 ], [ -60.163565, -30.221254 ], [ -60.163445, -30.222349 ], [ -60.164871, -30.224527 ], [ -60.162756, -30.222729 ], [ -60.161661, -30.223436 ], [ -60.16333, -30.225658 ], [ -60.164305, -30.225975 ], [ -60.164385, -30.225233 ], [ -60.165927, -30.225125 ], [ -60.165204, -30.22843 ], [ -60.164108, -30.228537 ], [ -60.161505, -30.225787 ], [ -60.160532, -30.22653 ], [ -60.160739, -30.22893 ], [ -60.159642, -30.228543 ], [ -60.158952, -30.229215 ], [ -60.160703, -30.231824 ], [ -60.162735, -30.232916 ], [ -60.163541, -30.23513 ], [ -60.164842, -30.236188 ], [ -60.168863, -30.236818 ], [ -60.175013, -30.240972 ], [ -60.173963, -30.2435 ], [ -60.167319, -30.247813 ], [ -60.166636, -30.250065 ], [ -60.164797, -30.252006 ], [ -60.163828, -30.252175 ], [ -60.163051, -30.251418 ], [ -60.160436, -30.253949 ], [ -60.16102, -30.254791 ], [ -60.163734, -30.254451 ], [ -60.166937, -30.255711 ], [ -60.16607, -30.259589 ], [ -60.168014, -30.261609 ], [ -60.167048, -30.264392 ], [ -60.167923, -30.265233 ], [ -60.166569, -30.267595 ], [ -60.16754, -30.268015 ], [ -60.169188, -30.267507 ], [ -60.17151, -30.264554 ], [ -60.173062, -30.264384 ], [ -60.175393, -30.266319 ], [ -60.175396, -30.268005 ], [ -60.174913, -30.269354 ], [ -60.172104, -30.271212 ], [ -60.17259, -30.272138 ], [ -60.174726, -30.273146 ], [ -60.18035, -30.27238 ], [ -60.181126, -30.277145 ], [ -60.176188, -30.281871 ], [ -60.176383, -30.282714 ], [ -60.179675, -30.285051 ], [ -60.180267, -30.29036 ], [ -60.180944, -30.289179 ], [ -60.181336, -30.291369 ], [ -60.185003, -30.294973 ], [ -60.19441, -30.292937 ], [ -60.195385, -30.295464 ], [ -60.190055, -30.298422 ], [ -60.190544, -30.300444 ], [ -60.199956, -30.300935 ], [ -60.200924, -30.299922 ], [ -60.200342, -30.299839 ], [ -60.200339, -30.298406 ], [ -60.199561, -30.297733 ], [ -60.197524, -30.298073 ], [ -60.198104, -30.296977 ], [ -60.206637, -30.294435 ], [ -60.211588, -30.297776 ], [ -60.212174, -30.299461 ], [ -60.210337, -30.302414 ], [ -60.211697, -30.30317 ], [ -60.212576, -30.305781 ], [ -60.215197, -30.306198 ], [ -60.215975, -30.30704 ], [ -60.214523, -30.308981 ], [ -60.215205, -30.310159 ], [ -60.21443, -30.310666 ], [ -60.211321, -30.308733 ], [ -60.208316, -30.31017 ], [ -60.207052, -30.309077 ], [ -60.205987, -30.309837 ], [ -60.207837, -30.31329 ], [ -60.210071, -30.314213 ], [ -60.210939, -30.311683 ], [ -60.213853, -30.313027 ], [ -60.212887, -30.315135 ], [ -60.213762, -30.315808 ], [ -60.217061, -30.315719 ], [ -60.213185, -30.318085 ], [ -60.21377, -30.319601 ], [ -60.210858, -30.319268 ], [ -60.210472, -30.32028 ], [ -60.206874, -30.32095 ], [ -60.199895, -30.324585 ], [ -60.198146, -30.323576 ], [ -60.198042, -30.32029 ], [ -60.194643, -30.318694 ], [ -60.196297, -30.321051 ], [ -60.194455, -30.322065 ], [ -60.194457, -30.322908 ], [ -60.196497, -30.325028 ], [ -60.202449, -30.337923 ], [ -60.210688, -30.342432 ], [ -60.213451, -30.343196 ], [ -60.214027, -30.344913 ], [ -60.211894, -30.345957 ], [ -60.208404, -30.346188 ], [ -60.207739, -30.348261 ], [ -60.204408, -30.349216 ], [ -60.204619, -30.350662 ], [ -60.203215, -30.351704 ], [ -60.203217, -30.352925 ], [ -60.202228, -30.353289 ], [ -60.201034, -30.355461 ], [ -60.199627, -30.35492 ], [ -60.198273, -30.355329 ], [ -60.197026, -30.357979 ], [ -60.198018, -30.359289 ], [ -60.197865, -30.360646 ], [ -60.196516, -30.363406 ], [ -60.197614, -30.36562 ], [ -60.198761, -30.365935 ], [ -60.198712, -30.367653 ], [ -60.20156, -30.365501 ], [ -60.203281, -30.366791 ], [ -60.205203, -30.366381 ], [ -60.207878, -30.367882 ], [ -60.207832, -30.368452 ], [ -60.205818, -30.369065 ], [ -60.206053, -30.369634 ], [ -60.209612, -30.36792 ], [ -60.209515, -30.36613 ], [ -60.211626, -30.367103 ], [ -60.213416, -30.371047 ], [ -60.21239, -30.373204 ], [ -60.215236, -30.374611 ], [ -60.217154, -30.37233 ], [ -60.219828, -30.37318 ], [ -60.222452, -30.372931 ], [ -60.225408, -30.374025 ], [ -60.224522, -30.376101 ], [ -60.227972, -30.377682 ], [ -60.227225, -30.379005 ], [ -60.230956, -30.381081 ], [ -60.229486, -30.384025 ], [ -60.229545, -30.385876 ], [ -60.232852, -30.385111 ], [ -60.232776, -30.387934 ], [ -60.235945, -30.388637 ], [ -60.235924, -30.391223 ], [ -60.23762, -30.391813 ], [ -60.238769, -30.391764 ], [ -60.240785, -30.388684 ], [ -60.242673, -30.390722 ], [ -60.244461, -30.390392 ], [ -60.245309, -30.390963 ], [ -60.245594, -30.391779 ], [ -60.243671, -30.394592 ], [ -60.246223, -30.398753 ], [ -60.244816, -30.402697 ], [ -60.278451, -30.397061 ], [ -60.273802, -30.374303 ], [ -60.344541, -30.363248 ], [ -60.326857, -30.275866 ] ] ] ] } },
{ "type": "Feature", "properties": { "fid": 91, "DISTRITO": "0618", "NOMBRE1": "Dolores", "riesgo_median": 2.0, "riesgo_ponderado": 2.2004058378209632, "pct_n4_n5": 0.20135799578553035, "riesgo_alto_clase": 3, "ha": 5759.17, "b12_ha": 4463.82, "n3_ha": 1290.42, "n4_ha": 11.61, "n5_ha": 0.0 }, "geometry": { "type": "MultiPolygon", "coordinates": [ [ [ [ -60.351821, -30.399571 ], [ -60.344541, -30.363248 ], [ -60.273802, -30.374303 ], [ -60.278451, -30.397061 ], [ -60.244816, -30.402697 ], [ -60.248167, -30.404654 ], [ -60.246427, -30.405637 ], [ -60.247043, -30.407792 ], [ -60.244875, -30.406939 ], [ -60.24272, -30.411067 ], [ -60.244696, -30.4109 ], [ -60.247658, -30.409016 ], [ -60.249174, -30.412893 ], [ -60.250114, -30.412442 ], [ -60.251857, -30.414225 ], [ -60.251016, -30.416922 ], [ -60.255153, -30.419398 ], [ -60.254451, -30.421155 ], [ -60.255257, -30.422991 ], [ -60.25648, -30.422866 ], [ -60.259077, -30.425516 ], [ -60.262184, -30.425183 ], [ -60.263225, -30.427141 ], [ -60.265014, -30.426933 ], [ -60.264915, -30.425422 ], [ -60.266142, -30.4264 ], [ -60.269623, -30.425168 ], [ -60.272606, -30.420911 ], [ -60.276138, -30.421271 ], [ -60.279213, -30.426287 ], [ -60.279122, -30.427309 ], [ -60.274323, -30.431102 ], [ -60.274326, -30.432205 ], [ -60.276402, -30.433752 ], [ -60.281063, -30.433415 ], [ -60.282565, -30.434225 ], [ -60.286426, -30.434135 ], [ -60.287176, -30.434941 ], [ -60.28854, -30.434367 ], [ -60.288264, -30.436654 ], [ -60.289113, -30.436979 ], [ -60.288551, -30.438001 ], [ -60.290623, -30.438201 ], [ -60.292227, -30.439218 ], [ -60.293132, -30.442402 ], [ -60.293888, -30.443257 ], [ -60.294452, -30.442889 ], [ -60.296008, -30.443661 ], [ -60.296764, -30.444394 ], [ -60.296342, -30.445049 ], [ -60.297374, -30.445409 ], [ -60.296387, -30.447062 ], [ -60.298854, -30.45275 ], [ -60.302772, -30.451891 ], [ -60.311, -30.456279 ], [ -60.316328, -30.452717 ], [ -60.320144, -30.445611 ], [ -60.323992, -30.442969 ], [ -60.323438, -30.440251 ], [ -60.324243, -30.439365 ], [ -60.324182, -30.436733 ], [ -60.325602, -30.43288 ], [ -60.327263, -30.431245 ], [ -60.328218, -30.427521 ], [ -60.331376, -30.423912 ], [ -60.332279, -30.420898 ], [ -60.332234, -30.415996 ], [ -60.33559, -30.411402 ], [ -60.338302, -30.409865 ], [ -60.3429, -30.399665 ], [ -60.351821, -30.399571 ] ] ] ] } },
{ "type": "Feature", "properties": { "fid": 92, "DISTRITO": "0406", "NOMBRE1": "La Brava", "riesgo_median": 2.0, "riesgo_ponderado": 2.0529469298331411, "pct_n4_n5": 0.027190391424267917, "riesgo_alto_clase": 2, "ha": 46004.24, "b12_ha": 42700.05, "n3_ha": 3296.34, "n4_ha": 12.51, "n5_ha": 0.0 }, "geometry": { "type": "MultiPolygon", "coordinates": [ [ [ [ -60.244821, -30.40279 ], [ -60.246223, -30.398753 ], [ -60.243671, -30.394592 ], [ -60.245594, -30.391779 ], [ -60.245309, -30.390963 ], [ -60.244461, -30.390392 ], [ -60.242673, -30.390722 ], [ -60.240785, -30.388684 ], [ -60.238769, -30.391764 ], [ -60.23762, -30.391813 ], [ -60.235924, -30.391223 ], [ -60.235945, -30.388637 ], [ -60.232776, -30.387934 ], [ -60.232852, -30.385111 ], [ -60.229545, -30.385876 ], [ -60.229486, -30.384025 ], [ -60.230956, -30.381081 ], [ -60.227225, -30.379005 ], [ -60.227972, -30.377682 ], [ -60.224522, -30.376101 ], [ -60.225408, -30.374025 ], [ -60.222452, -30.372931 ], [ -60.219828, -30.37318 ], [ -60.217154, -30.37233 ], [ -60.215236, -30.374611 ], [ -60.21239, -30.373204 ], [ -60.213416, -30.371047 ], [ -60.211626, -30.367103 ], [ -60.209515, -30.36613 ], [ -60.209612, -30.36792 ], [ -60.206053, -30.369634 ], [ -60.205818, -30.369065 ], [ -60.207832, -30.368452 ], [ -60.207878, -30.367882 ], [ -60.205203, -30.366381 ], [ -60.203281, -30.366791 ], [ -60.20156, -30.365501 ], [ -60.198712, -30.367653 ], [ -60.198761, -30.365935 ], [ -60.197614, -30.36562 ], [ -60.196516, -30.363406 ], [ -60.197865, -30.360646 ], [ -60.198018, -30.359289 ], [ -60.197026, -30.357979 ], [ -60.198273, -30.355329 ], [ -60.199627, -30.35492 ], [ -60.201034, -30.355461 ], [ -60.202228, -30.353289 ], [ -60.203217, -30.352925 ], [ -60.203215, -30.351704 ], [ -60.204619, -30.350662 ], [ -60.204408, -30.349216 ], [ -60.207739, -30.348261 ], [ -60.208404, -30.346188 ], [ -60.211894, -30.345957 ], [ -60.214027, -30.344913 ], [ -60.213451, -30.343196 ], [ -60.210688, -30.342432 ], [ -60.202449, -30.337923 ], [ -60.196497, -30.325028 ], [ -60.194457, -30.322908 ], [ -60.194455, -30.322065 ], [ -60.196297, -30.321051 ], [ -60.194643, -30.318694 ], [ -60.198042, -30.32029 ], [ -60.198146, -30.323576 ], [ -60.199895, -30.324585 ], [ -60.206874, -30.32095 ], [ -60.210472, -30.32028 ], [ -60.210858, -30.319268 ], [ -60.21377, -30.319601 ], [ -60.213185, -30.318085 ], [ -60.217061, -30.315719 ], [ -60.213762, -30.315808 ], [ -60.212887, -30.315135 ], [ -60.213853, -30.313027 ], [ -60.210939, -30.311683 ], [ -60.210071, -30.314213 ], [ -60.207837, -30.31329 ], [ -60.205987, -30.309837 ], [ -60.207052, -30.309077 ], [ -60.208316, -30.31017 ], [ -60.211321, -30.308733 ], [ -60.21443, -30.310666 ], [ -60.215205, -30.310159 ], [ -60.214523, -30.308981 ], [ -60.215975, -30.30704 ], [ -60.215197, -30.306198 ], [ -60.212576, -30.305781 ], [ -60.211697, -30.30317 ], [ -60.210337, -30.302414 ], [ -60.212174, -30.299461 ], [ -60.211588, -30.297776 ], [ -60.207899, -30.294855 ], [ -60.204503, -30.29486 ], [ -60.198104, -30.296977 ], [ -60.197524, -30.298073 ], [ -60.199561, -30.297733 ], [ -60.200339, -30.298406 ], [ -60.200342, -30.299839 ], [ -60.200924, -30.299922 ], [ -60.199956, -30.300935 ], [ -60.193261, -30.30103 ], [ -60.190544, -30.300444 ], [ -60.190055, -30.298422 ], [ -60.195385, -30.295464 ], [ -60.19441, -30.292937 ], [ -60.185003, -30.294973 ], [ -60.181336, -30.291369 ], [ -60.180944, -30.289179 ], [ -60.180267, -30.29036 ], [ -60.179675, -30.285051 ], [ -60.176383, -30.282714 ], [ -60.176188, -30.281871 ], [ -60.181126, -30.277145 ], [ -60.18035, -30.27238 ], [ -60.174726, -30.273146 ], [ -60.17259, -30.272138 ], [ -60.172104, -30.271212 ], [ -60.174913, -30.269354 ], [ -60.175396, -30.268005 ], [ -60.175393, -30.266319 ], [ -60.173062, -30.264384 ], [ -60.17151, -30.264554 ], [ -60.169188, -30.267507 ], [ -60.16754, -30.268015 ], [ -60.166569, -30.267595 ], [ -60.167923, -30.265233 ], [ -60.167048, -30.264392 ], [ -60.168014, -30.261609 ], [ -60.16607, -30.259589 ], [ -60.166937, -30.255711 ], [ -60.163734, -30.254451 ], [ -60.16102, -30.254791 ], [ -60.160436, -30.253949 ], [ -60.163051, -30.251418 ], [ -60.163828, -30.252175 ], [ -60.164797, -30.252006 ], [ -60.166636, -30.250065 ], [ -60.167319, -30.247813 ], [ -60.169754, -30.245798 ], [ -60.096278, -30.258541 ], [ -60.086783, -30.22257 ], [ -60.081611, -30.223564 ], [ -60.081274, -30.222243 ], [ -60.020147, -30.233978 ], [ -60.020529, -30.235107 ], [ -60.018366, -30.237277 ], [ -60.01683, -30.236454 ], [ -60.015392, -30.237107 ], [ -60.015719, -30.238243 ], [ -60.018268, -30.238811 ], [ -60.019347, -30.239805 ], [ -60.022386, -30.238328 ], [ -60.02425, -30.238583 ], [ -60.026603, -30.240599 ], [ -60.029519, -30.240032 ], [ -60.03009, -30.240742 ], [ -60.028322, -30.242592 ], [ -60.02845, -30.24375 ], [ -60.030861, -30.245733 ], [ -60.032475, -30.243772 ], [ -60.032116, -30.241923 ], [ -60.034115, -30.241588 ], [ -60.036628, -30.242367 ], [ -60.037038, -30.241632 ], [ -60.036089, -30.24054 ], [ -60.037165, -30.239849 ], [ -60.03814, -30.241186 ], [ -60.037218, -30.244305 ], [ -60.038654, -30.244305 ], [ -60.039936, -30.245463 ], [ -60.042115, -30.24495 ], [ -60.043987, -30.246731 ], [ -60.043475, -30.247779 ], [ -60.040962, -30.247222 ], [ -60.040777, -30.248749 ], [ -60.041905, -30.249684 ], [ -60.043546, -30.249684 ], [ -60.045289, -30.248168 ], [ -60.04634, -30.248391 ], [ -60.047085, -30.252178 ], [ -60.045393, -30.251666 ], [ -60.044599, -30.252437 ], [ -60.044252, -30.251282 ], [ -60.042171, -30.251057 ], [ -60.040495, -30.253142 ], [ -60.040756, -30.25382 ], [ -60.045265, -30.253693 ], [ -60.044919, -30.255024 ], [ -60.042504, -30.255935 ], [ -60.04527, -30.259082 ], [ -60.048006, -30.257475 ], [ -60.046304, -30.255625 ], [ -60.046792, -30.254957 ], [ -60.049986, -30.255392 ], [ -60.050638, -30.258283 ], [ -60.04777, -30.258901 ], [ -60.046913, -30.26088 ], [ -60.04786, -30.261574 ], [ -60.051779, -30.261922 ], [ -60.053623, -30.264442 ], [ -60.05197, -30.264808 ], [ -60.0493, -30.263889 ], [ -60.048808, -30.264595 ], [ -60.049793, -30.266553 ], [ -60.047284, -30.266365 ], [ -60.046487, -30.267777 ], [ -60.047517, -30.26891 ], [ -60.049389, -30.269376 ], [ -60.049658, -30.27023 ], [ -60.048701, -30.270584 ], [ -60.042724, -30.269187 ], [ -60.04213, -30.27012 ], [ -60.043958, -30.273 ], [ -60.04233, -30.274058 ], [ -60.0397, -30.273428 ], [ -60.039013, -30.274025 ], [ -60.041114, -30.276701 ], [ -60.04084, -30.278679 ], [ -60.042005, -30.278148 ], [ -60.042501, -30.278779 ], [ -60.04399, -30.28406 ], [ -60.04594, -30.284375 ], [ -60.048418, -30.283484 ], [ -60.049608, -30.284345 ], [ -60.049708, -30.285464 ], [ -60.047793, -30.288651 ], [ -60.048311, -30.289931 ], [ -60.050107, -30.289975 ], [ -60.051527, -30.288449 ], [ -60.053509, -30.28796 ], [ -60.055163, -30.290112 ], [ -60.057476, -30.290427 ], [ -60.05929, -30.285202 ], [ -60.061887, -30.282881 ], [ -60.063935, -30.282306 ], [ -60.065985, -30.283281 ], [ -60.066911, -30.284802 ], [ -60.06754, -30.286668 ], [ -60.06698, -30.289596 ], [ -60.069392, -30.288963 ], [ -60.06982, -30.287212 ], [ -60.068893, -30.284313 ], [ -60.07119, -30.283056 ], [ -60.073126, -30.283802 ], [ -60.07372, -30.286884 ], [ -60.074849, -30.287724 ], [ -60.077376, -30.287349 ], [ -60.080481, -30.288141 ], [ -60.081957, -30.284264 ], [ -60.087224, -30.282859 ], [ -60.08916, -30.283675 ], [ -60.089431, -30.2858 ], [ -60.091676, -30.285279 ], [ -60.093075, -30.286119 ], [ -60.093171, -30.288851 ], [ -60.094087, -30.290251 ], [ -60.092502, -30.291513 ], [ -60.090512, -30.290861 ], [ -60.087206, -30.29119 ], [ -60.085864, -30.293853 ], [ -60.087061, -30.295323 ], [ -60.088647, -30.295205 ], [ -60.092372, -30.296627 ], [ -60.094359, -30.29415 ], [ -60.096699, -30.29541 ], [ -60.096566, -30.296437 ], [ -60.093314, -30.297537 ], [ -60.092215, -30.301227 ], [ -60.090207, -30.304299 ], [ -60.090828, -30.306727 ], [ -60.091958, -30.307684 ], [ -60.095507, -30.307821 ], [ -60.093761, -30.30927 ], [ -60.091315, -30.309716 ], [ -60.089502, -30.311795 ], [ -60.085602, -30.31091 ], [ -60.085199, -30.311424 ], [ -60.087137, -30.313408 ], [ -60.091277, -30.313172 ], [ -60.093458, -30.315785 ], [ -60.096994, -30.315713 ], [ -60.095733, -30.318632 ], [ -60.093796, -30.317606 ], [ -60.090677, -30.318286 ], [ -60.087651, -30.317354 ], [ -60.090665, -30.320317 ], [ -60.093598, -30.321763 ], [ -60.095103, -30.321201 ], [ -60.095964, -30.321808 ], [ -60.094689, -30.323957 ], [ -60.090187, -30.326435 ], [ -60.08914, -30.328467 ], [ -60.089707, -30.330591 ], [ -60.091455, -30.331081 ], [ -60.092477, -30.330426 ], [ -60.092905, -30.328324 ], [ -60.093738, -30.327787 ], [ -60.096373, -30.327014 ], [ -60.100101, -30.327361 ], [ -60.101798, -30.330489 ], [ -60.09973, -30.332708 ], [ -60.096907, -30.333668 ], [ -60.096825, -30.335473 ], [ -60.098065, -30.335927 ], [ -60.100351, -30.334477 ], [ -60.10307, -30.33613 ], [ -60.102738, -30.33762 ], [ -60.10417, -30.339233 ], [ -60.101741, -30.34118 ], [ -60.098881, -30.341845 ], [ -60.095397, -30.341071 ], [ -60.094027, -30.341893 ], [ -60.093083, -30.343576 ], [ -60.09533, -30.345318 ], [ -60.09474, -30.345996 ], [ -60.092234, -30.346039 ], [ -60.091075, -30.344993 ], [ -60.090366, -30.34524 ], [ -60.090628, -30.347086 ], [ -60.094034, -30.349464 ], [ -60.094129, -30.350285 ], [ -60.090963, -30.351806 ], [ -60.090822, -30.35275 ], [ -60.093139, -30.352953 ], [ -60.0964, -30.351514 ], [ -60.097622, -30.352155 ], [ -60.097009, -30.353264 ], [ -60.098286, -30.354124 ], [ -60.099373, -30.353713 ], [ -60.099422, -30.35478 ], [ -60.098053, -30.356874 ], [ -60.095405, -30.356384 ], [ -60.096067, -30.357163 ], [ -60.094839, -30.358641 ], [ -60.090019, -30.360409 ], [ -60.090079, -30.361784 ], [ -60.092682, -30.365004 ], [ -60.092399, -30.365722 ], [ -60.08928, -30.367037 ], [ -60.087623, -30.364371 ], [ -60.086157, -30.363921 ], [ -60.084928, -30.365111 ], [ -60.085593, -30.368148 ], [ -60.082238, -30.370448 ], [ -60.084697, -30.371308 ], [ -60.092071, -30.36839 ], [ -60.094389, -30.369332 ], [ -60.098176, -30.37372 ], [ -60.102901, -30.370351 ], [ -60.105011, -30.373162 ], [ -60.105061, -30.375788 ], [ -60.107946, -30.376073 ], [ -60.108846, -30.377098 ], [ -60.105847, -30.378326 ], [ -60.107184, -30.380992 ], [ -60.103772, -30.383222 ], [ -60.103454, -30.384619 ], [ -60.105702, -30.385309 ], [ -60.107107, -30.383786 ], [ -60.108383, -30.383533 ], [ -60.108834, -30.384992 ], [ -60.106151, -30.387981 ], [ -60.111157, -30.38869 ], [ -60.113653, -30.390701 ], [ -60.111918, -30.394427 ], [ -60.107307, -30.394884 ], [ -60.105928, -30.398103 ], [ -60.106957, -30.399418 ], [ -60.10595, -30.401168 ], [ -60.107365, -30.402375 ], [ -60.106148, -30.403307 ], [ -60.107658, -30.404866 ], [ -60.108963, -30.404563 ], [ -60.10998, -30.406374 ], [ -60.108066, -30.407004 ], [ -60.107993, -30.409704 ], [ -60.109473, -30.411162 ], [ -60.110894, -30.410305 ], [ -60.112171, -30.411361 ], [ -60.108114, -30.415115 ], [ -60.105764, -30.414764 ], [ -60.100486, -30.415725 ], [ -60.101345, -30.418895 ], [ -60.103173, -30.419749 ], [ -60.101029, -30.421588 ], [ -60.098183, -30.420487 ], [ -60.097644, -30.420976 ], [ -60.099369, -30.423471 ], [ -60.098218, -30.426806 ], [ -60.10049, -30.426853 ], [ -60.10193, -30.427976 ], [ -60.100549, -30.429537 ], [ -60.097708, -30.428652 ], [ -60.096289, -30.429557 ], [ -60.096802, -30.431478 ], [ -60.098758, -30.433485 ], [ -60.098154, -30.435489 ], [ -60.096413, -30.436689 ], [ -60.096719, -30.438669 ], [ -60.098064, -30.439686 ], [ -60.097231, -30.44013 ], [ -60.093538, -30.438786 ], [ -60.091171, -30.439264 ], [ -60.08987, -30.438393 ], [ -60.088716, -30.439461 ], [ -60.086576, -30.438576 ], [ -60.086388, -30.441121 ], [ -60.089175, -30.442619 ], [ -60.089233, -30.44408 ], [ -60.085959, -30.445987 ], [ -60.085262, -30.448232 ], [ -60.086285, -30.450204 ], [ -60.083675, -30.450954 ], [ -60.087108, -30.452376 ], [ -60.089065, -30.450257 ], [ -60.090561, -30.451662 ], [ -60.088477, -30.454922 ], [ -60.085446, -30.456093 ], [ -60.08867, -30.457752 ], [ -60.088625, -30.458494 ], [ -60.086267, -30.459244 ], [ -60.082749, -30.457986 ], [ -60.082056, -30.459667 ], [ -60.088017, -30.461288 ], [ -60.090268, -30.459077 ], [ -60.091364, -30.459113 ], [ -60.093763, -30.461927 ], [ -60.095757, -30.460225 ], [ -60.097364, -30.460238 ], [ -60.098786, -30.461352 ], [ -60.098398, -30.462408 ], [ -60.096471, -30.463495 ], [ -60.096675, -30.468087 ], [ -60.094917, -30.469086 ], [ -60.094917, -30.469936 ], [ -60.102325, -30.469374 ], [ -60.102561, -30.468611 ], [ -60.100936, -30.466911 ], [ -60.102119, -30.466294 ], [ -60.104014, -30.466498 ], [ -60.106452, -30.46852 ], [ -60.103465, -30.470884 ], [ -60.104448, -30.473083 ], [ -60.103567, -30.474508 ], [ -60.10899, -30.473913 ], [ -60.108774, -30.475945 ], [ -60.114801, -30.478103 ], [ -60.116017, -30.480956 ], [ -60.118615, -30.480578 ], [ -60.120694, -30.481214 ], [ -60.122165, -30.479636 ], [ -60.122858, -30.479898 ], [ -60.123641, -30.482788 ], [ -60.122648, -30.484854 ], [ -60.124685, -30.485979 ], [ -60.124644, -30.487819 ], [ -60.131329, -30.487115 ], [ -60.133757, -30.488952 ], [ -60.134062, -30.490341 ], [ -60.132026, -30.490043 ], [ -60.131899, -30.491695 ], [ -60.134499, -30.492931 ], [ -60.134762, -30.495034 ], [ -60.137319, -30.49642 ], [ -60.135364, -30.497748 ], [ -60.138788, -30.499472 ], [ -60.141854, -30.50282 ], [ -60.139013, -30.505466 ], [ -60.142521, -30.507884 ], [ -60.143503, -30.507396 ], [ -60.143432, -30.506544 ], [ -60.145258, -30.507455 ], [ -60.143575, -30.508796 ], [ -60.143791, -30.512264 ], [ -60.141967, -30.513422 ], [ -60.141613, -30.514814 ], [ -60.145757, -30.516513 ], [ -60.146535, -30.519981 ], [ -60.148571, -30.520039 ], [ -60.152014, -30.521678 ], [ -60.150894, -30.524174 ], [ -60.1523, -30.525207 ], [ -60.153774, -30.524962 ], [ -60.154759, -30.525934 ], [ -60.153563, -30.528118 ], [ -60.155255, -30.535329 ], [ -60.158909, -30.536785 ], [ -60.156736, -30.539039 ], [ -60.156034, -30.539223 ], [ -60.154416, -30.537947 ], [ -60.153505, -30.538556 ], [ -60.15428, -30.540259 ], [ -60.156386, -30.540317 ], [ -60.157364, -30.542151 ], [ -60.224486, -30.53151 ], [ -60.285644, -30.520201 ], [ -60.350719, -30.50925 ], [ -60.349438, -30.507688 ], [ -60.347885, -30.5073 ], [ -60.347763, -30.505322 ], [ -60.34035, -30.502264 ], [ -60.336312, -30.499555 ], [ -60.330505, -30.500909 ], [ -60.326656, -30.50026 ], [ -60.326975, -30.497952 ], [ -60.324445, -30.496107 ], [ -60.324915, -30.494507 ], [ -60.328026, -30.49078 ], [ -60.327745, -30.487006 ], [ -60.325303, -30.484902 ], [ -60.325705, -30.482989 ], [ -60.330949, -30.482786 ], [ -60.335213, -30.485255 ], [ -60.336601, -30.484917 ], [ -60.337783, -30.483347 ], [ -60.334175, -30.477062 ], [ -60.328237, -30.469503 ], [ -60.307927, -30.45447 ], [ -60.302772, -30.451891 ], [ -60.298854, -30.45275 ], [ -60.296387, -30.447062 ], [ -60.297374, -30.445409 ], [ -60.296342, -30.445049 ], [ -60.296764, -30.444394 ], [ -60.296008, -30.443661 ], [ -60.294452, -30.442889 ], [ -60.293888, -30.443257 ], [ -60.293132, -30.442402 ], [ -60.292227, -30.439218 ], [ -60.290623, -30.438201 ], [ -60.288551, -30.438001 ], [ -60.289113, -30.436979 ], [ -60.288264, -30.436654 ], [ -60.28854, -30.434367 ], [ -60.287176, -30.434941 ], [ -60.286426, -30.434135 ], [ -60.282565, -30.434225 ], [ -60.281063, -30.433415 ], [ -60.276402, -30.433752 ], [ -60.274326, -30.432205 ], [ -60.274323, -30.431102 ], [ -60.279122, -30.427309 ], [ -60.279213, -30.426287 ], [ -60.276138, -30.421271 ], [ -60.272606, -30.420911 ], [ -60.269623, -30.425168 ], [ -60.266142, -30.4264 ], [ -60.264915, -30.425422 ], [ -60.265014, -30.426933 ], [ -60.263931, -30.427221 ], [ -60.262184, -30.425183 ], [ -60.259077, -30.425516 ], [ -60.25648, -30.422866 ], [ -60.255257, -30.422991 ], [ -60.254451, -30.421155 ], [ -60.255153, -30.419398 ], [ -60.251016, -30.416922 ], [ -60.251857, -30.414225 ], [ -60.250114, -30.412442 ], [ -60.249174, -30.412893 ], [ -60.247658, -30.409016 ], [ -60.244696, -30.4109 ], [ -60.24272, -30.411067 ], [ -60.244875, -30.406939 ], [ -60.247043, -30.407792 ], [ -60.246427, -30.405637 ], [ -60.248167, -30.404654 ], [ -60.244821, -30.40279 ] ] ] ] } },
{ "type": "Feature", "properties": { "fid": 93, "DISTRITO": "0608", "NOMBRE1": "Silva", "riesgo_median": 2.0, "riesgo_ponderado": 2.0562019027691139, "pct_n4_n5": 0.0055947342361369473, "riesgo_alto_clase": 2, "ha": 32142.88, "b12_ha": 27469.98, "n3_ha": 4701.33, "n4_ha": 1.8, "n5_ha": 0.0 }, "geometry": { "type": "MultiPolygon", "coordinates": [ [ [ [ -60.520019, -30.395015 ], [ -60.3429, -30.399665 ], [ -60.338302, -30.409865 ], [ -60.33559, -30.411402 ], [ -60.332234, -30.415996 ], [ -60.332279, -30.420898 ], [ -60.331376, -30.423912 ], [ -60.328218, -30.427521 ], [ -60.327263, -30.431245 ], [ -60.325602, -30.43288 ], [ -60.324182, -30.436733 ], [ -60.324243, -30.439365 ], [ -60.323438, -30.440251 ], [ -60.323992, -30.442969 ], [ -60.320144, -30.445611 ], [ -60.316328, -30.452717 ], [ -60.311, -30.456279 ], [ -60.328237, -30.469503 ], [ -60.334148, -30.477024 ], [ -60.337764, -30.483209 ], [ -60.336704, -30.484835 ], [ -60.335357, -30.485259 ], [ -60.330949, -30.482786 ], [ -60.325705, -30.482989 ], [ -60.325303, -30.484902 ], [ -60.327745, -30.487006 ], [ -60.328026, -30.49078 ], [ -60.324915, -30.494507 ], [ -60.324445, -30.496107 ], [ -60.326975, -30.497952 ], [ -60.326658, -30.500264 ], [ -60.330505, -30.500909 ], [ -60.336179, -30.499514 ], [ -60.34035, -30.502264 ], [ -60.347712, -30.505289 ], [ -60.347872, -30.507281 ], [ -60.349501, -30.507738 ], [ -60.350831, -30.510246 ], [ -60.347854, -30.513571 ], [ -60.446132, -30.496976 ], [ -60.449715, -30.508639 ], [ -60.496591, -30.501285 ], [ -60.496642, -30.499928 ], [ -60.608837, -30.48139 ], [ -60.61057, -30.48835 ], [ -60.649974, -30.481569 ], [ -60.649746, -30.478993 ], [ -60.650953, -30.476902 ], [ -60.649721, -30.475218 ], [ -60.648141, -30.475371 ], [ -60.642466, -30.479029 ], [ -60.639217, -30.480217 ], [ -60.637924, -30.479526 ], [ -60.637538, -30.475372 ], [ -60.640155, -30.473471 ], [ -60.64217, -30.474579 ], [ -60.644533, -30.473761 ], [ -60.646566, -30.465407 ], [ -60.648927, -30.461887 ], [ -60.654053, -30.459372 ], [ -60.652551, -30.456819 ], [ -60.646363, -30.454389 ], [ -60.645727, -30.452016 ], [ -60.646739, -30.449521 ], [ -60.649895, -30.451341 ], [ -60.651546, -30.449393 ], [ -60.651198, -30.446189 ], [ -60.648631, -30.440728 ], [ -60.648538, -30.438946 ], [ -60.650482, -30.436694 ], [ -60.656075, -30.437006 ], [ -60.656525, -30.433425 ], [ -60.658972, -30.430781 ], [ -60.658923, -30.428419 ], [ -60.656226, -30.427881 ], [ -60.653407, -30.431021 ], [ -60.650407, -30.431461 ], [ -60.647685, -30.429735 ], [ -60.644756, -30.426081 ], [ -60.644346, -30.422591 ], [ -60.64347, -30.421672 ], [ -60.641081, -30.422497 ], [ -60.637548, -30.421686 ], [ -60.630096, -30.421969 ], [ -60.618345, -30.418137 ], [ -60.612923, -30.419238 ], [ -60.609914, -30.418663 ], [ -60.60766, -30.417276 ], [ -60.604355, -30.417868 ], [ -60.598423, -30.416739 ], [ -60.592433, -30.417185 ], [ -60.588209, -30.41527 ], [ -60.581842, -30.415741 ], [ -60.580177, -30.415045 ], [ -60.578234, -30.41525 ], [ -60.577989, -30.414563 ], [ -60.573404, -30.415369 ], [ -60.567119, -30.414058 ], [ -60.56543, -30.415749 ], [ -60.5623, -30.416893 ], [ -60.561629, -30.412582 ], [ -60.552725, -30.40945 ], [ -60.549953, -30.392216 ], [ -60.530825, -30.394519 ], [ -60.520019, -30.395015 ] ] ] ] } },
{ "type": "Feature", "properties": { "fid": 94, "DISTRITO": "0609", "NOMBRE1": "Marcelino Escalada", "riesgo_median": 2.0, "riesgo_ponderado": 2.1010383189122375, "pct_n4_n5": 0.046971569839307781, "riesgo_alto_clase": 2, "ha": 36363.42, "b12_ha": 31554.27, "n3_ha": 4833.63, "n4_ha": 17.1, "n5_ha": 0.0 }, "geometry": { "type": "MultiPolygon", "coordinates": [ [ [ [ -60.446132, -30.496976 ], [ -60.347854, -30.513571 ], [ -60.342531, -30.526601 ], [ -60.341682, -30.532848 ], [ -60.343607, -30.537139 ], [ -60.340899, -30.540468 ], [ -60.341945, -30.54387 ], [ -60.337818, -30.54577 ], [ -60.339331, -30.547551 ], [ -60.338258, -30.549217 ], [ -60.33965, -30.550685 ], [ -60.33962, -30.554602 ], [ -60.341793, -30.556644 ], [ -60.341556, -30.558958 ], [ -60.344224, -30.561093 ], [ -60.339687, -30.568253 ], [ -60.342704, -30.573124 ], [ -60.347554, -30.573521 ], [ -60.34838, -30.576186 ], [ -60.350793, -30.579569 ], [ -60.354415, -30.577642 ], [ -60.355138, -30.578223 ], [ -60.35444, -30.579309 ], [ -60.354981, -30.579866 ], [ -60.358761, -30.5781 ], [ -60.35941, -30.581703 ], [ -60.36169, -30.581022 ], [ -60.362339, -30.581603 ], [ -60.360321, -30.584268 ], [ -60.36568, -30.587466 ], [ -60.363827, -30.589216 ], [ -60.36399, -30.59388 ], [ -60.373267, -30.597696 ], [ -60.373578, -30.598528 ], [ -60.372187, -30.601656 ], [ -60.376385, -30.601414 ], [ -60.381405, -30.60307 ], [ -60.382821, -30.608586 ], [ -60.38084, -30.610782 ], [ -60.373745, -30.614784 ], [ -60.366952, -30.624564 ], [ -60.36472, -30.624969 ], [ -60.36104, -30.627609 ], [ -60.359581, -30.62713 ], [ -60.358937, -30.625509 ], [ -60.356015, -30.6257 ], [ -60.355205, -30.627843 ], [ -60.348365, -30.633029 ], [ -60.345456, -30.632125 ], [ -60.345196, -30.632877 ], [ -60.348413, -30.637041 ], [ -60.348387, -30.63808 ], [ -60.345024, -30.638948 ], [ -60.34238, -30.641022 ], [ -60.339708, -30.644986 ], [ -60.339639, -30.646451 ], [ -60.337933, -30.64774 ], [ -60.337165, -30.652142 ], [ -60.333111, -30.65509 ], [ -60.335076, -30.658898 ], [ -60.337527, -30.660533 ], [ -60.334779, -30.662354 ], [ -60.33481, -30.663184 ], [ -60.337707, -30.665653 ], [ -60.337247, -30.667923 ], [ -60.338664, -30.668438 ], [ -60.338999, -30.67018 ], [ -60.341963, -30.672436 ], [ -60.342253, -30.673506 ], [ -60.340486, -30.675509 ], [ -60.341834, -30.678353 ], [ -60.340668, -30.679721 ], [ -60.341758, -30.681897 ], [ -60.340764, -30.683801 ], [ -60.343609, -30.686222 ], [ -60.34343, -30.687249 ], [ -60.340576, -30.689203 ], [ -60.340649, -30.690415 ], [ -60.338266, -30.689531 ], [ -60.338657, -30.693088 ], [ -60.334812, -30.695776 ], [ -60.336483, -30.698405 ], [ -60.333855, -30.700866 ], [ -60.334377, -30.701985 ], [ -60.344198, -30.706812 ], [ -60.3477, -30.707875 ], [ -60.351618, -30.707491 ], [ -60.352952, -30.708064 ], [ -60.355, -30.711997 ], [ -60.353908, -30.713965 ], [ -60.354464, -30.714801 ], [ -60.356143, -30.714909 ], [ -60.356581, -30.713261 ], [ -60.358225, -30.71302 ], [ -60.359802, -30.714873 ], [ -60.364112, -30.71641 ], [ -60.366576, -30.723369 ], [ -60.365157, -30.726019 ], [ -60.367399, -30.728407 ], [ -60.368637, -30.732494 ], [ -60.373061, -30.736351 ], [ -60.37243, -30.738871 ], [ -60.37368, -30.744341 ], [ -60.377808, -30.746745 ], [ -60.381856, -30.750847 ], [ -60.386226, -30.752544 ], [ -60.389826, -30.752973 ], [ -60.391772, -30.754318 ], [ -60.3918, -30.755222 ], [ -60.457933, -30.744248 ], [ -60.460887, -30.609283 ], [ -60.533782, -30.598121 ], [ -60.534207, -30.569498 ], [ -60.535588, -30.569319 ], [ -60.538244, -30.493101 ], [ -60.496642, -30.499928 ], [ -60.496591, -30.501285 ], [ -60.449715, -30.508639 ], [ -60.446132, -30.496976 ] ] ] ] } },
{ "type": "Feature", "properties": { "fid": 95, "DISTRITO": "0610", "NOMBRE1": "Ramayon", "riesgo_median": 2.0, "riesgo_ponderado": 2.1885936994827029, "pct_n4_n5": 0.13513376980278047, "riesgo_alto_clase": 3, "ha": 35678.41, "b12_ha": 27513.0, "n3_ha": 8070.21, "n4_ha": 48.15, "n5_ha": 0.0 }, "geometry": { "type": "MultiPolygon", "coordinates": [ [ [ [ -60.460887, -30.609283 ], [ -60.457933, -30.744248 ], [ -60.547024, -30.72891 ], [ -60.545844, -30.715165 ], [ -60.559336, -30.712862 ], [ -60.559217, -30.727093 ], [ -60.611345, -30.717866 ], [ -60.611528, -30.715944 ], [ -60.606299, -30.714964 ], [ -60.605499, -30.717939 ], [ -60.604699, -30.718254 ], [ -60.598449, -30.713615 ], [ -60.598477, -30.712893 ], [ -60.600184, -30.712185 ], [ -60.603633, -30.712721 ], [ -60.603437, -30.710204 ], [ -60.606562, -30.709949 ], [ -60.60575, -30.705653 ], [ -60.607771, -30.704243 ], [ -60.608107, -30.703053 ], [ -60.605875, -30.699443 ], [ -60.59993, -30.699752 ], [ -60.599683, -30.698807 ], [ -60.602007, -30.696015 ], [ -60.601861, -30.694946 ], [ -60.598395, -30.694898 ], [ -60.596217, -30.6921 ], [ -60.593228, -30.690389 ], [ -60.593155, -30.689271 ], [ -60.595884, -30.688424 ], [ -60.600137, -30.69071 ], [ -60.60105, -30.690254 ], [ -60.60179, -30.6881 ], [ -60.601096, -30.686972 ], [ -60.595666, -30.685045 ], [ -60.600509, -30.679407 ], [ -60.600175, -30.678348 ], [ -60.5986, -30.677747 ], [ -60.59285, -30.67807 ], [ -60.592352, -30.675675 ], [ -60.593541, -30.674637 ], [ -60.598748, -30.675207 ], [ -60.599758, -30.674453 ], [ -60.599634, -30.67362 ], [ -60.598527, -30.67295 ], [ -60.594431, -30.673091 ], [ -60.59243, -30.67228 ], [ -60.590888, -30.66892 ], [ -60.590938, -30.666403 ], [ -60.591671, -30.665862 ], [ -60.594131, -30.666883 ], [ -60.596052, -30.670538 ], [ -60.597135, -30.671063 ], [ -60.59864, -30.667018 ], [ -60.595764, -30.665008 ], [ -60.596499, -30.6634 ], [ -60.599084, -30.663359 ], [ -60.602049, -30.666627 ], [ -60.603786, -30.666987 ], [ -60.60486, -30.666063 ], [ -60.604737, -30.662111 ], [ -60.614417, -30.661132 ], [ -60.614703, -30.658485 ], [ -60.613533, -30.657232 ], [ -60.611437, -30.656987 ], [ -60.608283, -30.654852 ], [ -60.606819, -30.656316 ], [ -60.605951, -30.656221 ], [ -60.604615, -30.654473 ], [ -60.601942, -30.653396 ], [ -60.601867, -30.651926 ], [ -60.603444, -30.650221 ], [ -60.605707, -30.651201 ], [ -60.605854, -30.653661 ], [ -60.612261, -30.651903 ], [ -60.612154, -30.649119 ], [ -60.613227, -30.647587 ], [ -60.614617, -30.647594 ], [ -60.617391, -30.651556 ], [ -60.619347, -30.650373 ], [ -60.619208, -30.644036 ], [ -60.622393, -30.640683 ], [ -60.62232, -30.639467 ], [ -60.62087, -30.637805 ], [ -60.612884, -30.637348 ], [ -60.608025, -30.634598 ], [ -60.608804, -30.63359 ], [ -60.612086, -30.632655 ], [ -60.623665, -30.632459 ], [ -60.624446, -30.631748 ], [ -60.617301, -30.622282 ], [ -60.624133, -30.621625 ], [ -60.626729, -30.620281 ], [ -60.627663, -30.618228 ], [ -60.622416, -30.616423 ], [ -60.624186, -30.611973 ], [ -60.624205, -30.609766 ], [ -60.620964, -30.609386 ], [ -60.619562, -30.610043 ], [ -60.618458, -30.612616 ], [ -60.617411, -30.612585 ], [ -60.615418, -30.610247 ], [ -60.61445, -30.607224 ], [ -60.614913, -30.605496 ], [ -60.619495, -30.603424 ], [ -60.618563, -30.600861 ], [ -60.617133, -30.599559 ], [ -60.62014, -30.59375 ], [ -60.621907, -30.594072 ], [ -60.624783, -30.597698 ], [ -60.623156, -30.600861 ], [ -60.627967, -30.603256 ], [ -60.628766, -30.594828 ], [ -60.631185, -30.594448 ], [ -60.633772, -30.59572 ], [ -60.641674, -30.593951 ], [ -60.641666, -30.592704 ], [ -60.636215, -30.591306 ], [ -60.635617, -30.589807 ], [ -60.636135, -30.588074 ], [ -60.646419, -30.586497 ], [ -60.644765, -30.585347 ], [ -60.639791, -30.584913 ], [ -60.63937, -30.578986 ], [ -60.644535, -30.581785 ], [ -60.649247, -30.582652 ], [ -60.649202, -30.580286 ], [ -60.646563, -30.577789 ], [ -60.64705, -30.57483 ], [ -60.648487, -30.574512 ], [ -60.649279, -30.576374 ], [ -60.653315, -30.578095 ], [ -60.654018, -30.577041 ], [ -60.653067, -30.572523 ], [ -60.654036, -30.570849 ], [ -60.655814, -30.570218 ], [ -60.660564, -30.571636 ], [ -60.663704, -30.571804 ], [ -60.664884, -30.567427 ], [ -60.663763, -30.566146 ], [ -60.661065, -30.565812 ], [ -60.655884, -30.567432 ], [ -60.653573, -30.565038 ], [ -60.655195, -30.563247 ], [ -60.661367, -30.562254 ], [ -60.661307, -30.559376 ], [ -60.659875, -30.557898 ], [ -60.660163, -30.556436 ], [ -60.662757, -30.555573 ], [ -60.668738, -30.55575 ], [ -60.669453, -30.555124 ], [ -60.669229, -30.554046 ], [ -60.667464, -30.553008 ], [ -60.661234, -30.550829 ], [ -60.667242, -30.547623 ], [ -60.668235, -30.544141 ], [ -60.669348, -30.543753 ], [ -60.672787, -30.545125 ], [ -60.671579, -30.550707 ], [ -60.672108, -30.552812 ], [ -60.673847, -30.551402 ], [ -60.674509, -30.54782 ], [ -60.676834, -30.546963 ], [ -60.678491, -30.548742 ], [ -60.679291, -30.548568 ], [ -60.678642, -30.545022 ], [ -60.679358, -30.543701 ], [ -60.68384, -30.543812 ], [ -60.687176, -30.545047 ], [ -60.689022, -30.544953 ], [ -60.689819, -30.542204 ], [ -60.687632, -30.5412 ], [ -60.686651, -30.541516 ], [ -60.682113, -30.538567 ], [ -60.681247, -30.536111 ], [ -60.682211, -30.533814 ], [ -60.686331, -30.531784 ], [ -60.686487, -30.528417 ], [ -60.684305, -30.524892 ], [ -60.682797, -30.524108 ], [ -60.678028, -30.524472 ], [ -60.676683, -30.523744 ], [ -60.675054, -30.519707 ], [ -60.675761, -30.518005 ], [ -60.683896, -30.517737 ], [ -60.685972, -30.515576 ], [ -60.68672, -30.511628 ], [ -60.685361, -30.506429 ], [ -60.683658, -30.505915 ], [ -60.680972, -30.507188 ], [ -60.677018, -30.514942 ], [ -60.676107, -30.515484 ], [ -60.673817, -30.515071 ], [ -60.669491, -30.513142 ], [ -60.669287, -30.512096 ], [ -60.673669, -30.507887 ], [ -60.673197, -30.506878 ], [ -60.668606, -30.504426 ], [ -60.6673, -30.502198 ], [ -60.666416, -30.501962 ], [ -60.665003, -30.505533 ], [ -60.659421, -30.508589 ], [ -60.658634, -30.511332 ], [ -60.657133, -30.512415 ], [ -60.65592, -30.512242 ], [ -60.652877, -30.508264 ], [ -60.652241, -30.505963 ], [ -60.653029, -30.504423 ], [ -60.656759, -30.501502 ], [ -60.656749, -30.499974 ], [ -60.652893, -30.49988 ], [ -60.648693, -30.501966 ], [ -60.647282, -30.501011 ], [ -60.651738, -30.495856 ], [ -60.655491, -30.489366 ], [ -60.653082, -30.487221 ], [ -60.653446, -30.482656 ], [ -60.649974, -30.481569 ], [ -60.61057, -30.48835 ], [ -60.608837, -30.48139 ], [ -60.538244, -30.493101 ], [ -60.535588, -30.569319 ], [ -60.534207, -30.569498 ], [ -60.533782, -30.598121 ], [ -60.460887, -30.609283 ] ] ] ] } },
{ "type": "Feature", "properties": { "fid": 96, "DISTRITO": "0405", "NOMBRE1": "Cacique Ariacaiquin", "riesgo_median": 2.0, "riesgo_ponderado": 2.0678245265485309, "pct_n4_n5": 0.074021854071201973, "riesgo_alto_clase": 3, "ha": 28064.5, "b12_ha": 25946.55, "n3_ha": 2118.96, "n4_ha": 20.79, "n5_ha": 0.0 }, "geometry": { "type": "MultiPolygon", "coordinates": [ [ [ [ -60.347845, -30.513595 ], [ -60.350723, -30.510658 ], [ -60.350719, -30.50925 ], [ -60.285644, -30.520201 ], [ -60.224486, -30.53151 ], [ -60.168135, -30.540029 ], [ -60.157364, -30.542151 ], [ -60.157441, -30.542744 ], [ -60.155866, -30.542968 ], [ -60.15453, -30.544227 ], [ -60.155374, -30.545848 ], [ -60.155333, -30.548498 ], [ -60.158352, -30.550415 ], [ -60.159331, -30.55291 ], [ -60.162378, -30.554916 ], [ -60.161759, -30.55603 ], [ -60.158433, -30.555612 ], [ -60.158836, -30.558338 ], [ -60.160434, -30.559104 ], [ -60.162294, -30.557566 ], [ -60.164777, -30.557832 ], [ -60.159865, -30.563983 ], [ -60.159246, -30.56638 ], [ -60.160221, -30.570966 ], [ -60.157831, -30.57218 ], [ -60.157161, -30.573577 ], [ -60.154983, -30.573394 ], [ -60.153503, -30.572185 ], [ -60.1516, -30.573388 ], [ -60.152457, -30.571153 ], [ -60.151622, -30.570199 ], [ -60.149047, -30.573624 ], [ -60.148106, -30.573742 ], [ -60.145952, -30.571509 ], [ -60.14477, -30.572255 ], [ -60.146658, -30.575676 ], [ -60.149375, -30.57728 ], [ -60.14707, -30.578683 ], [ -60.15113, -30.578865 ], [ -60.150031, -30.581008 ], [ -60.146941, -30.582199 ], [ -60.146566, -30.583293 ], [ -60.147158, -30.584061 ], [ -60.151702, -30.584312 ], [ -60.154708, -30.589446 ], [ -60.157636, -30.589917 ], [ -60.15901, -30.591006 ], [ -60.163618, -30.589478 ], [ -60.163738, -30.588402 ], [ -60.162616, -30.587134 ], [ -60.163803, -30.586676 ], [ -60.16921, -30.588346 ], [ -60.171547, -30.59029 ], [ -60.172666, -30.59154 ], [ -60.171816, -30.592791 ], [ -60.167158, -30.593309 ], [ -60.166042, -30.592458 ], [ -60.165255, -30.5928 ], [ -60.166378, -30.597571 ], [ -60.170187, -30.599895 ], [ -60.172118, -30.602856 ], [ -60.170549, -30.604108 ], [ -60.170654, -30.606038 ], [ -60.172758, -30.607525 ], [ -60.171619, -30.608119 ], [ -60.170954, -30.609819 ], [ -60.173997, -30.610585 ], [ -60.17468, -30.609794 ], [ -60.176707, -30.610186 ], [ -60.178232, -30.612597 ], [ -60.182163, -30.614895 ], [ -60.184466, -30.613488 ], [ -60.185034, -30.613913 ], [ -60.18481, -30.616347 ], [ -60.183547, -30.617513 ], [ -60.185906, -30.618913 ], [ -60.190266, -30.619806 ], [ -60.191737, -30.621316 ], [ -60.191618, -30.626411 ], [ -60.193643, -30.62898 ], [ -60.192166, -30.6311 ], [ -60.191007, -30.631073 ], [ -60.19007, -30.629152 ], [ -60.189104, -30.629488 ], [ -60.188914, -30.630742 ], [ -60.192719, -30.633997 ], [ -60.192243, -30.637119 ], [ -60.193338, -30.637368 ], [ -60.198088, -30.635894 ], [ -60.201508, -30.639344 ], [ -60.201705, -30.641462 ], [ -60.202957, -30.642546 ], [ -60.20426, -30.642098 ], [ -60.206033, -30.643378 ], [ -60.205021, -30.645323 ], [ -60.205651, -30.646228 ], [ -60.209452, -30.646918 ], [ -60.209148, -30.647992 ], [ -60.207355, -30.648956 ], [ -60.208772, -30.651318 ], [ -60.205498, -30.650725 ], [ -60.2049, -30.657314 ], [ -60.20859, -30.658978 ], [ -60.205711, -30.660961 ], [ -60.206127, -30.66243 ], [ -60.207948, -30.664046 ], [ -60.20796, -30.66523 ], [ -60.210174, -30.664613 ], [ -60.208919, -30.665915 ], [ -60.210097, -30.666267 ], [ -60.210589, -30.668249 ], [ -60.209871, -30.67261 ], [ -60.210398, -30.674687 ], [ -60.209991, -30.676717 ], [ -60.208185, -30.679071 ], [ -60.209507, -30.681537 ], [ -60.208688, -30.683532 ], [ -60.212154, -30.688588 ], [ -60.338884, -30.669256 ], [ -60.337146, -30.667743 ], [ -60.337648, -30.665551 ], [ -60.334666, -30.662777 ], [ -60.337505, -30.660465 ], [ -60.335076, -30.658898 ], [ -60.333082, -30.655169 ], [ -60.337165, -30.652142 ], [ -60.337933, -30.64774 ], [ -60.339639, -30.646451 ], [ -60.339708, -30.644986 ], [ -60.34238, -30.641022 ], [ -60.345024, -30.638948 ], [ -60.348387, -30.63808 ], [ -60.345361, -30.632234 ], [ -60.348365, -30.633029 ], [ -60.355205, -30.627843 ], [ -60.356015, -30.6257 ], [ -60.358937, -30.625509 ], [ -60.359581, -30.62713 ], [ -60.36104, -30.627609 ], [ -60.36472, -30.624969 ], [ -60.366952, -30.624564 ], [ -60.373745, -30.614784 ], [ -60.380804, -30.610807 ], [ -60.382819, -30.608626 ], [ -60.381405, -30.60307 ], [ -60.376385, -30.601414 ], [ -60.372187, -30.601656 ], [ -60.373578, -30.598528 ], [ -60.373267, -30.597696 ], [ -60.36399, -30.59388 ], [ -60.363827, -30.589216 ], [ -60.36568, -30.587466 ], [ -60.360321, -30.584268 ], [ -60.362339, -30.581603 ], [ -60.36169, -30.581022 ], [ -60.35941, -30.581703 ], [ -60.358781, -30.578117 ], [ -60.354981, -30.579866 ], [ -60.35444, -30.579309 ], [ -60.355138, -30.578223 ], [ -60.354431, -30.577639 ], [ -60.350757, -30.579555 ], [ -60.348364, -30.576154 ], [ -60.347615, -30.573575 ], [ -60.34303, -30.573416 ], [ -60.339753, -30.568747 ], [ -60.344236, -30.561186 ], [ -60.343707, -30.560109 ], [ -60.341556, -30.558958 ], [ -60.341793, -30.556644 ], [ -60.33962, -30.554602 ], [ -60.33965, -30.550685 ], [ -60.338258, -30.549217 ], [ -60.339331, -30.547551 ], [ -60.337814, -30.545795 ], [ -60.341945, -30.54387 ], [ -60.340899, -30.540468 ], [ -60.343607, -30.537139 ], [ -60.341682, -30.532848 ], [ -60.342531, -30.526601 ], [ -60.347845, -30.513595 ] ] ] ] } },
{ "type": "Feature", "properties": { "fid": 97, "DISTRITO": "0611", "NOMBRE1": "San Justo", "riesgo_median": 2.0, "riesgo_ponderado": 2.2077982111091625, "pct_n4_n5": 0.10660686994212412, "riesgo_alto_clase": 3, "ha": 71823.88, "b12_ha": 55221.75, "n3_ha": 16545.06, "n4_ha": 76.59, "n5_ha": 0.0 }, "geometry": { "type": "MultiPolygon", "coordinates": [ [ [ [ -60.527763, -30.835621 ], [ -60.601289, -30.823258 ], [ -60.6049, -30.839518 ], [ -60.658445, -30.830357 ], [ -60.663492, -30.853436 ], [ -60.694901, -30.848202 ], [ -60.672234, -30.744415 ], [ -60.667063, -30.745077 ], [ -60.662481, -30.74842 ], [ -60.660489, -30.747572 ], [ -60.658095, -30.74225 ], [ -60.655255, -30.741601 ], [ -60.654694, -30.743914 ], [ -60.657895, -30.746779 ], [ -60.648658, -30.746592 ], [ -60.648142, -30.747868 ], [ -60.648725, -30.749343 ], [ -60.64721, -30.750538 ], [ -60.647337, -30.75476 ], [ -60.645816, -30.755079 ], [ -60.642839, -30.753127 ], [ -60.640589, -30.749772 ], [ -60.639459, -30.74982 ], [ -60.639021, -30.752821 ], [ -60.638383, -30.752937 ], [ -60.632441, -30.748483 ], [ -60.623221, -30.747127 ], [ -60.619965, -30.745021 ], [ -60.620471, -30.742218 ], [ -60.623149, -30.743605 ], [ -60.62378, -30.739925 ], [ -60.625366, -30.739592 ], [ -60.627387, -30.74053 ], [ -60.629336, -30.739367 ], [ -60.626636, -30.73716 ], [ -60.620406, -30.737218 ], [ -60.621538, -30.733712 ], [ -60.625313, -30.73259 ], [ -60.625697, -30.731245 ], [ -60.621776, -30.728647 ], [ -60.621196, -30.726372 ], [ -60.616965, -30.726513 ], [ -60.611542, -30.723384 ], [ -60.611345, -30.717866 ], [ -60.559217, -30.727093 ], [ -60.559336, -30.712862 ], [ -60.545844, -30.715165 ], [ -60.547024, -30.72891 ], [ -60.3918, -30.755222 ], [ -60.391772, -30.754318 ], [ -60.389826, -30.752973 ], [ -60.386226, -30.752544 ], [ -60.381856, -30.750847 ], [ -60.377808, -30.746745 ], [ -60.37368, -30.744341 ], [ -60.37243, -30.738871 ], [ -60.373061, -30.736351 ], [ -60.368637, -30.732494 ], [ -60.367399, -30.728407 ], [ -60.365157, -30.726019 ], [ -60.366576, -30.723369 ], [ -60.364112, -30.71641 ], [ -60.359802, -30.714873 ], [ -60.358225, -30.71302 ], [ -60.356581, -30.713261 ], [ -60.356143, -30.714909 ], [ -60.354464, -30.714801 ], [ -60.353908, -30.713965 ], [ -60.355, -30.711997 ], [ -60.352952, -30.708064 ], [ -60.351618, -30.707491 ], [ -60.3477, -30.707875 ], [ -60.344198, -30.706812 ], [ -60.334377, -30.701985 ], [ -60.334247, -30.700183 ], [ -60.336483, -30.698405 ], [ -60.334812, -30.695776 ], [ -60.338657, -30.693088 ], [ -60.338266, -30.689531 ], [ -60.340649, -30.690415 ], [ -60.340576, -30.689203 ], [ -60.34343, -30.687249 ], [ -60.343609, -30.686222 ], [ -60.340764, -30.683801 ], [ -60.341758, -30.681897 ], [ -60.340668, -30.679721 ], [ -60.341834, -30.678353 ], [ -60.340486, -30.675509 ], [ -60.342253, -30.673506 ], [ -60.341963, -30.672436 ], [ -60.338999, -30.67018 ], [ -60.338884, -30.669256 ], [ -60.212154, -30.688588 ], [ -60.218499, -30.690342 ], [ -60.221447, -30.693464 ], [ -60.224276, -30.698229 ], [ -60.224341, -30.702805 ], [ -60.22276, -30.70816 ], [ -60.227298, -30.709583 ], [ -60.227548, -30.711915 ], [ -60.226388, -30.713348 ], [ -60.227867, -30.717134 ], [ -60.230346, -30.718292 ], [ -60.234534, -30.717695 ], [ -60.237109, -30.718167 ], [ -60.239536, -30.720839 ], [ -60.239173, -30.722264 ], [ -60.236909, -30.723513 ], [ -60.236911, -30.724414 ], [ -60.247666, -30.741743 ], [ -60.247498, -30.746132 ], [ -60.243287, -30.752441 ], [ -60.242865, -30.755501 ], [ -60.243701, -30.759122 ], [ -60.242537, -30.761265 ], [ -60.241557, -30.761585 ], [ -60.241682, -30.762538 ], [ -60.244107, -30.764044 ], [ -60.251002, -30.765936 ], [ -60.255971, -30.768886 ], [ -60.254936, -30.78198 ], [ -60.254021, -30.78373 ], [ -60.251393, -30.785049 ], [ -60.249319, -30.787907 ], [ -60.247823, -30.790321 ], [ -60.247462, -30.793078 ], [ -60.250532, -30.798059 ], [ -60.254339, -30.799827 ], [ -60.252687, -30.802473 ], [ -60.257763, -30.809931 ], [ -60.255031, -30.818075 ], [ -60.251997, -30.819088 ], [ -60.248033, -30.823278 ], [ -60.247278, -30.826189 ], [ -60.251318, -30.840328 ], [ -60.249327, -30.843933 ], [ -60.25013, -30.846754 ], [ -60.247868, -30.850798 ], [ -60.247295, -30.855567 ], [ -60.250206, -30.858355 ], [ -60.250976, -30.861801 ], [ -60.250315, -30.864464 ], [ -60.255328, -30.862987 ], [ -60.25858, -30.864148 ], [ -60.259659, -30.863761 ], [ -60.264477, -30.860325 ], [ -60.265318, -30.856026 ], [ -60.270363, -30.855431 ], [ -60.272815, -30.85146 ], [ -60.275849, -30.849729 ], [ -60.279857, -30.8509 ], [ -60.281547, -30.854877 ], [ -60.284589, -30.858102 ], [ -60.284905, -30.871826 ], [ -60.284072, -30.878767 ], [ -60.286449, -30.887814 ], [ -60.284831, -30.894204 ], [ -60.286271, -30.899404 ], [ -60.284739, -30.910798 ], [ -60.285675, -30.914327 ], [ -60.287133, -30.916303 ], [ -60.288032, -30.919556 ], [ -60.295453, -30.928298 ], [ -60.299286, -30.927468 ], [ -60.302559, -30.927506 ], [ -60.303611, -30.928333 ], [ -60.302464, -30.931084 ], [ -60.299559, -30.933627 ], [ -60.298948, -30.938519 ], [ -60.300753, -30.944175 ], [ -60.298162, -30.949881 ], [ -60.299921, -30.955841 ], [ -60.303892, -30.958977 ], [ -60.303724, -30.960783 ], [ -60.298331, -30.970253 ], [ -60.299919, -30.976191 ], [ -60.308488, -30.98309 ], [ -60.318788, -30.985924 ], [ -60.317939, -30.989295 ], [ -60.313074, -30.995023 ], [ -60.314858, -30.998313 ], [ -60.318087, -30.998869 ], [ -60.322715, -31.001934 ], [ -60.32933, -31.013019 ], [ -60.333035, -31.011358 ], [ -60.333431, -31.009376 ], [ -60.334729, -31.0084 ], [ -60.334014, -31.006249 ], [ -60.335384, -31.002498 ], [ -60.334586, -30.999326 ], [ -60.336816, -30.998877 ], [ -60.337269, -30.997957 ], [ -60.336688, -30.994283 ], [ -60.337275, -30.993349 ], [ -60.340625, -30.993261 ], [ -60.342659, -30.994495 ], [ -60.342726, -30.991142 ], [ -60.340875, -30.989404 ], [ -60.344191, -30.982794 ], [ -60.347541, -30.981991 ], [ -60.347684, -30.981239 ], [ -60.346107, -30.97887 ], [ -60.344752, -30.978406 ], [ -60.343642, -30.976061 ], [ -60.340212, -30.976444 ], [ -60.33999, -30.97578 ], [ -60.342283, -30.973375 ], [ -60.341766, -30.972427 ], [ -60.33904, -30.97278 ], [ -60.338556, -30.971951 ], [ -60.339419, -30.971279 ], [ -60.338166, -30.970205 ], [ -60.336329, -30.969893 ], [ -60.336675, -30.968605 ], [ -60.33496, -30.965151 ], [ -60.335691, -30.963395 ], [ -60.33415, -30.962514 ], [ -60.334506, -30.961662 ], [ -60.333702, -30.96084 ], [ -60.334606, -30.959367 ], [ -60.335017, -30.955485 ], [ -60.33413, -30.953136 ], [ -60.335772, -30.951509 ], [ -60.335419, -30.949571 ], [ -60.337218, -30.94801 ], [ -60.334985, -30.944624 ], [ -60.330077, -30.94149 ], [ -60.330393, -30.940383 ], [ -60.332013, -30.940453 ], [ -60.332156, -30.937351 ], [ -60.337186, -30.939781 ], [ -60.337909, -30.939258 ], [ -60.337557, -30.936006 ], [ -60.34029, -30.936731 ], [ -60.338784, -30.934342 ], [ -60.340944, -30.930252 ], [ -60.345392, -30.930275 ], [ -60.351661, -30.927385 ], [ -60.351262, -30.926702 ], [ -60.347958, -30.926805 ], [ -60.346122, -30.925092 ], [ -60.348884, -30.922747 ], [ -60.350044, -30.92303 ], [ -60.349988, -30.921738 ], [ -60.344687, -30.921493 ], [ -60.344792, -30.920455 ], [ -60.347093, -30.918421 ], [ -60.346651, -30.916912 ], [ -60.348433, -30.913377 ], [ -60.501838, -30.880102 ], [ -60.489515, -30.847479 ], [ -60.499332, -30.840295 ], [ -60.517313, -30.83734 ], [ -60.518633, -30.841922 ], [ -60.528953, -30.839744 ], [ -60.527763, -30.835621 ] ] ] ] } },
{ "type": "Feature", "properties": { "fid": 98, "DISTRITO": "0827", "NOMBRE1": "Susana", "riesgo_median": 2.0, "riesgo_ponderado": 2.2430541715850847, "pct_n4_n5": 0.24119411527239093, "riesgo_alto_clase": 3, "ha": 17586.47, "b12_ha": 12925.89, "n3_ha": 4644.0, "n4_ha": 42.48, "n5_ha": 0.0 }, "geometry": { "type": "MultiPolygon", "coordinates": [ [ [ [ -61.448297, -31.31792 ], [ -61.449522, -31.32313 ], [ -61.45129, -31.32283 ], [ -61.476976, -31.429536 ], [ -61.479493, -31.443436 ], [ -61.640116, -31.415551 ], [ -61.634957, -31.392991 ], [ -61.595412, -31.399779 ], [ -61.588205, -31.372127 ], [ -61.570773, -31.296907 ], [ -61.448297, -31.31792 ] ] ] ] } },
{ "type": "Feature", "properties": { "fid": 99, "DISTRITO": "0212", "NOMBRE1": "Los Amores", "riesgo_median": 2.0, "riesgo_ponderado": 2.0515782944246208, "pct_n4_n5": 0.0011811294611565211, "riesgo_alto_clase": 2, "ha": 221238.22, "b12_ha": 209580.03, "n3_ha": 11392.29, "n4_ha": 2.61, "n5_ha": 0.0 }, "geometry": { "type": "MultiPolygon", "coordinates": [ [ [ [ -60.64508, -28.250268 ], [ -60.644405, -27.999695 ], [ -60.246203, -27.999629 ], [ -59.811183, -27.999661 ], [ -59.811039, -28.104633 ], [ -59.790197, -28.104534 ], [ -59.790391, -28.196542 ], [ -59.863092, -28.196696 ], [ -59.862731, -28.177955 ], [ -59.933779, -28.178148 ], [ -59.934953, -28.25165 ], [ -60.08415, -28.251826 ], [ -60.447922, -28.249241 ], [ -60.572699, -28.250699 ], [ -60.64508, -28.250268 ] ] ] ] } },
{ "type": "Feature", "properties": { "fid": 100, "DISTRITO": "0315", "NOMBRE1": "Las Garzas", "riesgo_median": 3.0, "riesgo_ponderado": 3.0688619494796558, "pct_n4_n5": 8.7351623163117615, "riesgo_alto_clase": 5, "ha": 62415.06, "b12_ha": 1146.33, "n3_ha": 55436.4, "n4_ha": 5415.66, "n5_ha": 0.0 }, "geometry": { "type": "MultiPolygon", "coordinates": [ [ [ [ -59.536583, -28.846998 ], [ -59.527309, -28.784353 ], [ -59.507011, -28.786678 ], [ -59.503015, -28.757912 ], [ -59.50097, -28.759002 ], [ -59.500953, -28.760511 ], [ -59.498806, -28.759747 ], [ -59.499451, -28.761155 ], [ -59.498336, -28.761921 ], [ -59.499406, -28.762032 ], [ -59.499363, -28.76257 ], [ -59.4977, -28.762101 ], [ -59.497932, -28.760958 ], [ -59.496749, -28.761332 ], [ -59.496434, -28.762818 ], [ -59.495634, -28.761261 ], [ -59.495067, -28.762639 ], [ -59.492835, -28.761758 ], [ -59.492913, -28.763374 ], [ -59.491735, -28.762675 ], [ -59.489862, -28.764903 ], [ -59.489225, -28.764104 ], [ -59.488295, -28.764207 ], [ -59.488034, -28.764998 ], [ -59.487642, -28.764556 ], [ -59.48783, -28.765487 ], [ -59.489161, -28.765666 ], [ -59.485947, -28.766566 ], [ -59.486794, -28.76782 ], [ -59.486344, -28.769011 ], [ -59.484229, -28.769065 ], [ -59.484382, -28.769818 ], [ -59.482658, -28.76945 ], [ -59.481023, -28.770365 ], [ -59.481291, -28.771416 ], [ -59.479834, -28.770979 ], [ -59.481611, -28.775027 ], [ -59.479331, -28.774564 ], [ -59.47993, -28.775457 ], [ -59.479446, -28.775976 ], [ -59.476119, -28.776738 ], [ -59.476175, -28.775674 ], [ -59.47446, -28.776438 ], [ -59.473148, -28.778288 ], [ -59.472171, -28.777786 ], [ -59.472799, -28.779484 ], [ -59.471178, -28.780502 ], [ -59.471636, -28.778781 ], [ -59.470506, -28.777682 ], [ -59.469339, -28.778683 ], [ -59.468069, -28.778313 ], [ -59.468346, -28.779422 ], [ -59.467025, -28.778166 ], [ -59.466128, -28.77973 ], [ -59.465444, -28.778271 ], [ -59.464783, -28.778273 ], [ -59.465215, -28.779543 ], [ -59.464582, -28.779933 ], [ -59.463006, -28.779211 ], [ -59.462576, -28.777389 ], [ -59.461261, -28.778839 ], [ -59.460246, -28.777127 ], [ -59.461058, -28.77636 ], [ -59.459883, -28.776035 ], [ -59.462142, -28.775586 ], [ -59.457889, -28.774131 ], [ -59.459768, -28.773312 ], [ -59.459067, -28.772304 ], [ -59.460092, -28.773149 ], [ -59.461767, -28.772479 ], [ -59.46419, -28.773468 ], [ -59.468624, -28.772235 ], [ -59.469717, -28.772755 ], [ -59.470798, -28.771589 ], [ -59.471144, -28.769059 ], [ -59.472449, -28.767811 ], [ -59.471323, -28.766809 ], [ -59.470103, -28.768853 ], [ -59.47018, -28.765769 ], [ -59.469425, -28.764722 ], [ -59.471339, -28.76374 ], [ -59.469941, -28.762364 ], [ -59.469965, -28.761157 ], [ -59.468401, -28.762857 ], [ -59.466852, -28.758255 ], [ -59.464799, -28.75901 ], [ -59.466596, -28.760123 ], [ -59.46413, -28.760316 ], [ -59.463113, -28.758715 ], [ -59.462388, -28.760675 ], [ -59.460585, -28.757373 ], [ -59.457298, -28.757648 ], [ -59.45838, -28.758525 ], [ -59.457707, -28.758818 ], [ -59.456464, -28.756531 ], [ -59.455449, -28.758093 ], [ -59.45561, -28.759519 ], [ -59.453932, -28.759489 ], [ -59.454293, -28.758018 ], [ -59.453139, -28.758995 ], [ -59.453223, -28.761604 ], [ -59.45062, -28.7609 ], [ -59.450335, -28.761351 ], [ -59.45176, -28.762147 ], [ -59.451047, -28.762896 ], [ -59.449562, -28.761434 ], [ -59.446774, -28.764047 ], [ -59.446699, -28.764989 ], [ -59.448677, -28.766843 ], [ -59.450074, -28.766623 ], [ -59.450371, -28.76724 ], [ -59.450012, -28.768266 ], [ -59.448267, -28.769178 ], [ -59.446355, -28.769832 ], [ -59.445617, -28.769183 ], [ -59.444029, -28.770391 ], [ -59.444784, -28.771244 ], [ -59.44634, -28.771133 ], [ -59.445554, -28.772742 ], [ -59.443428, -28.772134 ], [ -59.443653, -28.771278 ], [ -59.441893, -28.771699 ], [ -59.440473, -28.771148 ], [ -59.438789, -28.772185 ], [ -59.436517, -28.772495 ], [ -59.435257, -28.771936 ], [ -59.431408, -28.772956 ], [ -59.430765, -28.770991 ], [ -59.427339, -28.770727 ], [ -59.427321, -28.769114 ], [ -59.428597, -28.768528 ], [ -59.427958, -28.76738 ], [ -59.428716, -28.766137 ], [ -59.42805, -28.764989 ], [ -59.426472, -28.764469 ], [ -59.424749, -28.766198 ], [ -59.421956, -28.766498 ], [ -59.424208, -28.768167 ], [ -59.423205, -28.768918 ], [ -59.420848, -28.77448 ], [ -59.415395, -28.773502 ], [ -59.412852, -28.776112 ], [ -59.411194, -28.775591 ], [ -59.409593, -28.778252 ], [ -59.407539, -28.777053 ], [ -59.406095, -28.778872 ], [ -59.406112, -28.777071 ], [ -59.404599, -28.776337 ], [ -59.402302, -28.776702 ], [ -59.400589, -28.77616 ], [ -59.397939, -28.776927 ], [ -59.396676, -28.776094 ], [ -59.39369, -28.775724 ], [ -59.3909, -28.777203 ], [ -59.387326, -28.775317 ], [ -59.383729, -28.774519 ], [ -59.132502, -28.777825 ], [ -59.147903, -28.814105 ], [ -59.151121, -28.818367 ], [ -59.160584, -28.827743 ], [ -59.163455, -28.832719 ], [ -59.162814, -28.836991 ], [ -59.155745, -28.848494 ], [ -59.154578, -28.861287 ], [ -59.154846, -28.869333 ], [ -59.156446, -28.875796 ], [ -59.170873, -28.912317 ], [ -59.172972, -28.928877 ], [ -59.177587, -28.941196 ], [ -59.191423, -28.93622 ], [ -59.195983, -28.933861 ], [ -59.360247, -28.930884 ], [ -59.355291, -28.928088 ], [ -59.35275, -28.924754 ], [ -59.406354, -28.924807 ], [ -59.40637, -28.919132 ], [ -59.471001, -28.918429 ], [ -59.471432, -28.917457 ], [ -59.470137, -28.915992 ], [ -59.466667, -28.914693 ], [ -59.46701, -28.912558 ], [ -59.466344, -28.910842 ], [ -59.467072, -28.909324 ], [ -59.534444, -28.901857 ], [ -59.532577, -28.899824 ], [ -59.531812, -28.897017 ], [ -59.529751, -28.896047 ], [ -59.52927, -28.894954 ], [ -59.530689, -28.892668 ], [ -59.532941, -28.894324 ], [ -59.534788, -28.894288 ], [ -59.534189, -28.89238 ], [ -59.535509, -28.890565 ], [ -59.536148, -28.890852 ], [ -59.537243, -28.895994 ], [ -59.538529, -28.896233 ], [ -59.540259, -28.895319 ], [ -59.538614, -28.893644 ], [ -59.543932, -28.894282 ], [ -59.546024, -28.89369 ], [ -59.546271, -28.892899 ], [ -59.54741, -28.893524 ], [ -59.547904, -28.891727 ], [ -59.553305, -28.891856 ], [ -59.55382, -28.890873 ], [ -59.555569, -28.890751 ], [ -59.557445, -28.889579 ], [ -59.562369, -28.891715 ], [ -59.563668, -28.891644 ], [ -59.556878, -28.844728 ], [ -59.536583, -28.846998 ] ] ] ] } },
{ "type": "Feature", "properties": { "fid": 101, "DISTRITO": "0601", "NOMBRE1": "Pedro Gomez Cello", "riesgo_median": 2.0, "riesgo_ponderado": 1.9820714289684356, "pct_n4_n5": 0.0057433677997157963, "riesgo_alto_clase": 2, "ha": 48579.01, "b12_ha": 45040.32, "n3_ha": 3534.66, "n4_ha": 2.79, "n5_ha": 0.0 }, "geometry": { "type": "MultiPolygon", "coordinates": [ [ [ [ -60.20487, -30.097367 ], [ -60.300535, -30.082309 ], [ -60.30264, -30.092549 ], [ -60.326443, -30.090513 ], [ -60.326991, -30.093327 ], [ -60.487214, -30.068053 ], [ -60.488105, -30.06361 ], [ -60.486681, -30.061723 ], [ -60.488139, -30.060265 ], [ -60.487015, -30.057804 ], [ -60.487464, -30.056526 ], [ -60.486539, -30.051806 ], [ -60.484507, -30.049481 ], [ -60.48486, -30.046535 ], [ -60.692913, -30.013285 ], [ -60.691167, -30.011974 ], [ -60.682251, -30.010306 ], [ -60.680285, -30.008727 ], [ -60.679558, -30.006841 ], [ -60.679689, -30.005976 ], [ -60.680828, -30.005695 ], [ -60.686072, -30.007402 ], [ -60.689977, -30.004916 ], [ -60.689149, -30.003424 ], [ -60.68126, -30.000105 ], [ -60.679947, -29.998648 ], [ -60.680921, -29.997011 ], [ -60.683321, -29.995907 ], [ -60.680982, -29.99538 ], [ -60.680866, -29.992601 ], [ -60.687033, -29.987018 ], [ -60.687446, -29.985067 ], [ -60.685642, -29.983566 ], [ -60.68361, -29.983512 ], [ -60.68215, -29.984234 ], [ -60.681142, -29.986416 ], [ -60.679841, -29.986704 ], [ -60.678301, -29.985352 ], [ -60.677243, -29.982942 ], [ -60.674311, -29.982465 ], [ -60.673966, -29.983293 ], [ -60.675362, -29.98514 ], [ -60.670792, -29.986153 ], [ -60.671642, -29.988096 ], [ -60.669281, -29.991713 ], [ -60.668111, -29.991914 ], [ -60.664929, -29.989686 ], [ -60.666159, -29.986811 ], [ -60.665389, -29.98446 ], [ -60.660611, -29.979487 ], [ -60.661156, -29.978739 ], [ -60.663364, -29.978732 ], [ -60.661155, -29.975832 ], [ -60.663567, -29.974203 ], [ -60.66238, -29.972447 ], [ -60.664043, -29.969834 ], [ -60.660571, -29.969393 ], [ -60.66001, -29.965911 ], [ -60.661419, -29.963401 ], [ -60.660638, -29.961543 ], [ -60.660974, -29.959136 ], [ -60.664165, -29.955817 ], [ -60.662522, -29.953605 ], [ -60.659934, -29.951845 ], [ -60.658115, -29.951696 ], [ -60.655685, -29.952829 ], [ -60.654583, -29.952366 ], [ -60.654889, -29.946878 ], [ -60.658588, -29.945166 ], [ -60.658534, -29.942519 ], [ -60.660458, -29.941354 ], [ -60.658448, -29.939106 ], [ -60.657698, -29.930473 ], [ -60.654806, -29.926936 ], [ -60.653367, -29.927375 ], [ -60.651885, -29.930915 ], [ -60.647482, -29.928488 ], [ -60.646719, -29.927167 ], [ -60.646757, -29.923985 ], [ -60.647447, -29.923313 ], [ -60.651489, -29.924743 ], [ -60.656766, -29.923198 ], [ -60.656113, -29.922159 ], [ -60.653338, -29.921809 ], [ -60.652242, -29.920393 ], [ -60.586955, -29.93037 ], [ -60.54951, -29.93495 ], [ -60.279622, -29.978897 ], [ -60.289669, -30.029957 ], [ -60.283499, -30.035225 ], [ -60.274101, -30.037776 ], [ -60.248581, -30.052244 ], [ -60.243467, -30.054302 ], [ -60.241254, -30.054306 ], [ -60.227572, -30.060595 ], [ -60.222905, -30.061999 ], [ -60.212126, -30.06768 ], [ -60.210617, -30.073827 ], [ -60.208274, -30.078409 ], [ -60.20828, -30.081421 ], [ -60.20704, -30.084074 ], [ -60.208028, -30.087148 ], [ -60.204859, -30.094141 ], [ -60.20487, -30.097367 ] ] ] ] } },
{ "type": "Feature", "properties": { "fid": 102, "DISTRITO": "0324", "NOMBRE1": "Los Laureles", "riesgo_median": 2.0, "riesgo_ponderado": 2.4332474088394824, "pct_n4_n5": 0.31587015637281463, "riesgo_alto_clase": 3, "ha": 37011.36, "b12_ha": 20759.04, "n3_ha": 15994.08, "n4_ha": 116.46, "n5_ha": 0.0 }, "geometry": { "type": "MultiPolygon", "coordinates": [ [ [ [ -59.574785, -29.349455 ], [ -59.590125, -29.37897 ], [ -59.598345, -29.384692 ], [ -59.603588, -29.392671 ], [ -59.605777, -29.403519 ], [ -59.605594, -29.420212 ], [ -59.604098, -29.425512 ], [ -59.601538, -29.430214 ], [ -59.578587, -29.456432 ], [ -59.567529, -29.473638 ], [ -59.565485, -29.479633 ], [ -59.643297, -29.451606 ], [ -59.647548, -29.452807 ], [ -59.654706, -29.451346 ], [ -59.661279, -29.446577 ], [ -59.662023, -29.447014 ], [ -59.661905, -29.452757 ], [ -59.660709, -29.453755 ], [ -59.659322, -29.452533 ], [ -59.658129, -29.452878 ], [ -59.658765, -29.455665 ], [ -59.656772, -29.457618 ], [ -59.656467, -29.459705 ], [ -59.658202, -29.460754 ], [ -59.660439, -29.460194 ], [ -59.659935, -29.462412 ], [ -59.661907, -29.462915 ], [ -59.662703, -29.462308 ], [ -59.664538, -29.463488 ], [ -59.666527, -29.463014 ], [ -59.668708, -29.464499 ], [ -59.668753, -29.465848 ], [ -59.667907, -29.466455 ], [ -59.668837, -29.470504 ], [ -59.670866, -29.473033 ], [ -59.672437, -29.471383 ], [ -59.673423, -29.473735 ], [ -59.674317, -29.473998 ], [ -59.674115, -29.474868 ], [ -59.67816, -29.476357 ], [ -59.679353, -29.476273 ], [ -59.681198, -29.474232 ], [ -59.682187, -29.475671 ], [ -59.683925, -29.475849 ], [ -59.685175, -29.473328 ], [ -59.688156, -29.473379 ], [ -59.688855, -29.472554 ], [ -59.689941, -29.474601 ], [ -59.692378, -29.474085 ], [ -59.692923, -29.474608 ], [ -59.693458, -29.478438 ], [ -59.695998, -29.476312 ], [ -59.698527, -29.478189 ], [ -59.697927, -29.479362 ], [ -59.699369, -29.479105 ], [ -59.701006, -29.479892 ], [ -59.701249, -29.481763 ], [ -59.705003, -29.481206 ], [ -59.704163, -29.47942 ], [ -59.704563, -29.478507 ], [ -59.707099, -29.47786 ], [ -59.70699, -29.481428 ], [ -59.708231, -29.481866 ], [ -59.705888, -29.484254 ], [ -59.706329, -29.486387 ], [ -59.710057, -29.486264 ], [ -59.712248, -29.484616 ], [ -59.714929, -29.485448 ], [ -59.714777, -29.486492 ], [ -59.716264, -29.487714 ], [ -59.719781, -29.487858 ], [ -59.718129, -29.485628 ], [ -59.718181, -29.48184 ], [ -59.716672, -29.480844 ], [ -59.717058, -29.478013 ], [ -59.718363, -29.476728 ], [ -59.718725, -29.47478 ], [ -59.718434, -29.473749 ], [ -59.715206, -29.47183 ], [ -59.714999, -29.470873 ], [ -59.71559, -29.46966 ], [ -59.716425, -29.471428 ], [ -59.717516, -29.471835 ], [ -59.719031, -29.47055 ], [ -59.71879, -29.468882 ], [ -59.719801, -29.467524 ], [ -59.71762, -29.466563 ], [ -59.719641, -29.464838 ], [ -59.721037, -29.460759 ], [ -59.72255, -29.460357 ], [ -59.725948, -29.461468 ], [ -59.724323, -29.464719 ], [ -59.725541, -29.465561 ], [ -59.724959, -29.464329 ], [ -59.725625, -29.463647 ], [ -59.727335, -29.466146 ], [ -59.728003, -29.464575 ], [ -59.729755, -29.46639 ], [ -59.730538, -29.465571 ], [ -59.730152, -29.46369 ], [ -59.735183, -29.465581 ], [ -59.735886, -29.46524 ], [ -59.735344, -29.463837 ], [ -59.737059, -29.46473 ], [ -59.738348, -29.464288 ], [ -59.737449, -29.461209 ], [ -59.741035, -29.459044 ], [ -59.743677, -29.456194 ], [ -59.742898, -29.455731 ], [ -59.74071, -29.456479 ], [ -59.740362, -29.455299 ], [ -59.743154, -29.454501 ], [ -59.743666, -29.453032 ], [ -59.74482, -29.452507 ], [ -59.749048, -29.454814 ], [ -59.750718, -29.454791 ], [ -59.751793, -29.453748 ], [ -59.751021, -29.452754 ], [ -59.751321, -29.45171 ], [ -59.755127, -29.449542 ], [ -59.754298, -29.445538 ], [ -59.756149, -29.444547 ], [ -59.758696, -29.444603 ], [ -59.760188, -29.443267 ], [ -59.762049, -29.444163 ], [ -59.763512, -29.441207 ], [ -59.765982, -29.442996 ], [ -59.768574, -29.442389 ], [ -59.767354, -29.441239 ], [ -59.769338, -29.439482 ], [ -59.770703, -29.439422 ], [ -59.770589, -29.43858 ], [ -59.769894, -29.43687 ], [ -59.76704, -29.437528 ], [ -59.765938, -29.435588 ], [ -59.768908, -29.435261 ], [ -59.768333, -29.432149 ], [ -59.769728, -29.433095 ], [ -59.770829, -29.43293 ], [ -59.772175, -29.429795 ], [ -59.774217, -29.427962 ], [ -59.774391, -29.426897 ], [ -59.772855, -29.424242 ], [ -59.77376, -29.422492 ], [ -59.774518, -29.422238 ], [ -59.77597, -29.423567 ], [ -59.777252, -29.422727 ], [ -59.776533, -29.419114 ], [ -59.779478, -29.416632 ], [ -59.77868, -29.41533 ], [ -59.779919, -29.414215 ], [ -59.778819, -29.412872 ], [ -59.779863, -29.411612 ], [ -59.778426, -29.410805 ], [ -59.778308, -29.408765 ], [ -59.77748, -29.409059 ], [ -59.777232, -29.410561 ], [ -59.776006, -29.41064 ], [ -59.775213, -29.409511 ], [ -59.776412, -29.407447 ], [ -59.775007, -29.405674 ], [ -59.775073, -29.403462 ], [ -59.773657, -29.402021 ], [ -59.77628, -29.397614 ], [ -59.774374, -29.396557 ], [ -59.776717, -29.394288 ], [ -59.776626, -29.393643 ], [ -59.773909, -29.394168 ], [ -59.776356, -29.391646 ], [ -59.775409, -29.390329 ], [ -59.776545, -29.389016 ], [ -59.775631, -29.38711 ], [ -59.777073, -29.385636 ], [ -59.77581, -29.383474 ], [ -59.777907, -29.382578 ], [ -59.777667, -29.380206 ], [ -59.780305, -29.377822 ], [ -59.77887, -29.376263 ], [ -59.777277, -29.376582 ], [ -59.777372, -29.375026 ], [ -59.776604, -29.374327 ], [ -59.777529, -29.373255 ], [ -59.777656, -29.371377 ], [ -59.778667, -29.370788 ], [ -59.778732, -29.369971 ], [ -59.777202, -29.369044 ], [ -59.779593, -29.36796 ], [ -59.77883, -29.366751 ], [ -59.777606, -29.366507 ], [ -59.777517, -29.365461 ], [ -59.77905, -29.364121 ], [ -59.778473, -29.362296 ], [ -59.778912, -29.359687 ], [ -59.781784, -29.357346 ], [ -59.780102, -29.356539 ], [ -59.780848, -29.353306 ], [ -59.783283, -29.351912 ], [ -59.780665, -29.349416 ], [ -59.781188, -29.348129 ], [ -59.779454, -29.346285 ], [ -59.781743, -29.346198 ], [ -59.782174, -29.34542 ], [ -59.780033, -29.34437 ], [ -59.780249, -29.343673 ], [ -59.782329, -29.344562 ], [ -59.782911, -29.343999 ], [ -59.78325, -29.342953 ], [ -59.782183, -29.341168 ], [ -59.78295, -29.340579 ], [ -59.781882, -29.339075 ], [ -59.784149, -29.337925 ], [ -59.782622, -29.336393 ], [ -59.783084, -29.335052 ], [ -59.786962, -29.332944 ], [ -59.78672, -29.3307 ], [ -59.788818, -29.328012 ], [ -59.788751, -29.324288 ], [ -59.79143, -29.323015 ], [ -59.7914, -29.321646 ], [ -59.789413, -29.32065 ], [ -59.790912, -29.321109 ], [ -59.793822, -29.31961 ], [ -59.794525, -29.319907 ], [ -59.795567, -29.319264 ], [ -59.795631, -29.317788 ], [ -59.802516, -29.314424 ], [ -59.802763, -29.313485 ], [ -59.801295, -29.312999 ], [ -59.80035, -29.311146 ], [ -59.798544, -29.311358 ], [ -59.796771, -29.31039 ], [ -59.79665, -29.309906 ], [ -59.799062, -29.309836 ], [ -59.799441, -29.30786 ], [ -59.798117, -29.305526 ], [ -59.79656, -29.305316 ], [ -59.796138, -29.303866 ], [ -59.793594, -29.301254 ], [ -59.793455, -29.300136 ], [ -59.795296, -29.299932 ], [ -59.794689, -29.29666 ], [ -59.795873, -29.294384 ], [ -59.794889, -29.291662 ], [ -59.792908, -29.291204 ], [ -59.79461, -29.289343 ], [ -59.794614, -29.287695 ], [ -59.792869, -29.287154 ], [ -59.79164, -29.288063 ], [ -59.790651, -29.287067 ], [ -59.791173, -29.285453 ], [ -59.788482, -29.285987 ], [ -59.787965, -29.285324 ], [ -59.788864, -29.284001 ], [ -59.784383, -29.282917 ], [ -59.783867, -29.28184 ], [ -59.786366, -29.28234 ], [ -59.786594, -29.279191 ], [ -59.774804, -29.276712 ], [ -59.761287, -29.272022 ], [ -59.599483, -29.296333 ], [ -59.597169, -29.308361 ], [ -59.594871, -29.311997 ], [ -59.584444, -29.323257 ], [ -59.57505, -29.335613 ], [ -59.573582, -29.338887 ], [ -59.573562, -29.343805 ], [ -59.574785, -29.349455 ] ] ] ] } },
{ "type": "Feature", "properties": { "fid": 103, "DISTRITO": "0404", "NOMBRE1": "San Javier", "riesgo_median": 2.0, "riesgo_ponderado": 2.2367164083988769, "pct_n4_n5": 0.0030321967905995728, "riesgo_alto_clase": 2, "ha": 175940.34, "b12_ha": 130751.64, "n3_ha": 44363.61, "n4_ha": 5.31, "n5_ha": 0.0 }, "geometry": { "type": "MultiPolygon", "coordinates": [ [ [ [ -59.712564, -30.293914 ], [ -59.660232, -30.293788 ], [ -59.664768, -30.298475 ], [ -59.676343, -30.307995 ], [ -59.680189, -30.312302 ], [ -59.682065, -30.316218 ], [ -59.682311, -30.320161 ], [ -59.684894, -30.329784 ], [ -59.682267, -30.333883 ], [ -59.672527, -30.341136 ], [ -59.669221, -30.344991 ], [ -59.665146, -30.353581 ], [ -59.666398, -30.357712 ], [ -59.673261, -30.367957 ], [ -59.681915, -30.384545 ], [ -59.699077, -30.393709 ], [ -59.713701, -30.397265 ], [ -59.718751, -30.399283 ], [ -59.722742, -30.402765 ], [ -59.723771, -30.407951 ], [ -59.721528, -30.415811 ], [ -59.715826, -30.425675 ], [ -59.708191, -30.431814 ], [ -59.695622, -30.445743 ], [ -59.683354, -30.456044 ], [ -59.67454, -30.46646 ], [ -59.671569, -30.472012 ], [ -59.667332, -30.485844 ], [ -59.65526, -30.504497 ], [ -59.651726, -30.513635 ], [ -59.646556, -30.57139 ], [ -59.648989, -30.575017 ], [ -59.659576, -30.582934 ], [ -59.66267, -30.590662 ], [ -59.663142, -30.599552 ], [ -59.658036, -30.61567 ], [ -59.658431, -30.623085 ], [ -59.660368, -30.629937 ], [ -59.665277, -30.637834 ], [ -59.677861, -30.648851 ], [ -59.682573, -30.654506 ], [ -59.686383, -30.661969 ], [ -59.686328, -30.667871 ], [ -59.684378, -30.671774 ], [ -59.68089, -30.675927 ], [ -59.673623, -30.682188 ], [ -59.670543, -30.683862 ], [ -59.663494, -30.684755 ], [ -59.647072, -30.682937 ], [ -59.641141, -30.684454 ], [ -59.637135, -30.688584 ], [ -59.633481, -30.693989 ], [ -59.631628, -30.702556 ], [ -60.024211, -30.666445 ], [ -60.205876, -30.650502 ], [ -60.208772, -30.651318 ], [ -60.207355, -30.648956 ], [ -60.209148, -30.647992 ], [ -60.209452, -30.646918 ], [ -60.205409, -30.645991 ], [ -60.205117, -30.644919 ], [ -60.206322, -30.643886 ], [ -60.206033, -30.643378 ], [ -60.20426, -30.642098 ], [ -60.202957, -30.642546 ], [ -60.201705, -30.641462 ], [ -60.201508, -30.639344 ], [ -60.198896, -30.63737 ], [ -60.198539, -30.636227 ], [ -60.197219, -30.635923 ], [ -60.193338, -30.637368 ], [ -60.191952, -30.636618 ], [ -60.192719, -30.633997 ], [ -60.188914, -30.630742 ], [ -60.189104, -30.629488 ], [ -60.19007, -30.629152 ], [ -60.191007, -30.631073 ], [ -60.192166, -30.6311 ], [ -60.193643, -30.62898 ], [ -60.191618, -30.626411 ], [ -60.191357, -30.62066 ], [ -60.183547, -30.617513 ], [ -60.18481, -30.616347 ], [ -60.185161, -30.614328 ], [ -60.184466, -30.613488 ], [ -60.182163, -30.614895 ], [ -60.178232, -30.612597 ], [ -60.176707, -30.610186 ], [ -60.17468, -30.609794 ], [ -60.173997, -30.610585 ], [ -60.170954, -30.609819 ], [ -60.171619, -30.608119 ], [ -60.172758, -30.607525 ], [ -60.170654, -30.606038 ], [ -60.170549, -30.604108 ], [ -60.172118, -30.602856 ], [ -60.170187, -30.599895 ], [ -60.166378, -30.597571 ], [ -60.165255, -30.5928 ], [ -60.166042, -30.592458 ], [ -60.167158, -30.593309 ], [ -60.171816, -30.592791 ], [ -60.172666, -30.59154 ], [ -60.171547, -30.59029 ], [ -60.16921, -30.588346 ], [ -60.163803, -30.586676 ], [ -60.162616, -30.587134 ], [ -60.163738, -30.588402 ], [ -60.163618, -30.589478 ], [ -60.15901, -30.591006 ], [ -60.157636, -30.589917 ], [ -60.154708, -30.589446 ], [ -60.151702, -30.584312 ], [ -60.146782, -30.583782 ], [ -60.146646, -30.582432 ], [ -60.150031, -30.581008 ], [ -60.15113, -30.578865 ], [ -60.14707, -30.578683 ], [ -60.149375, -30.57728 ], [ -60.146658, -30.575676 ], [ -60.14477, -30.572255 ], [ -60.145952, -30.571509 ], [ -60.148106, -30.573742 ], [ -60.149047, -30.573624 ], [ -60.151622, -30.570199 ], [ -60.152457, -30.571153 ], [ -60.1516, -30.573388 ], [ -60.153503, -30.572185 ], [ -60.154983, -30.573394 ], [ -60.157161, -30.573577 ], [ -60.157831, -30.57218 ], [ -60.160221, -30.570966 ], [ -60.159246, -30.56638 ], [ -60.159865, -30.563983 ], [ -60.164777, -30.557831 ], [ -60.162294, -30.557566 ], [ -60.160434, -30.559104 ], [ -60.158481, -30.557801 ], [ -60.158433, -30.555612 ], [ -60.161759, -30.55603 ], [ -60.162378, -30.554916 ], [ -60.159331, -30.55291 ], [ -60.158352, -30.550415 ], [ -60.156577, -30.549803 ], [ -60.154978, -30.547923 ], [ -60.155374, -30.545848 ], [ -60.15453, -30.544227 ], [ -60.155866, -30.542968 ], [ -60.157441, -30.542744 ], [ -60.157364, -30.542151 ], [ -60.156386, -30.540317 ], [ -60.15428, -30.540259 ], [ -60.153505, -30.538556 ], [ -60.154416, -30.537947 ], [ -60.156034, -30.539223 ], [ -60.156736, -30.539039 ], [ -60.158909, -30.536785 ], [ -60.155255, -30.535329 ], [ -60.153563, -30.528118 ], [ -60.154759, -30.525934 ], [ -60.153774, -30.524962 ], [ -60.1523, -30.525207 ], [ -60.150894, -30.524174 ], [ -60.152014, -30.521678 ], [ -60.148571, -30.520039 ], [ -60.146535, -30.519981 ], [ -60.145757, -30.516513 ], [ -60.141613, -30.514814 ], [ -60.141967, -30.513422 ], [ -60.143791, -30.512264 ], [ -60.143575, -30.508796 ], [ -60.145258, -30.507455 ], [ -60.143432, -30.506544 ], [ -60.143503, -30.507396 ], [ -60.142521, -30.507884 ], [ -60.139013, -30.505466 ], [ -60.141854, -30.50282 ], [ -60.138788, -30.499472 ], [ -60.135364, -30.497748 ], [ -60.137319, -30.49642 ], [ -60.134762, -30.495034 ], [ -60.134499, -30.492931 ], [ -60.131899, -30.491695 ], [ -60.132026, -30.490043 ], [ -60.134062, -30.490341 ], [ -60.134061, -30.489402 ], [ -60.131329, -30.487115 ], [ -60.124644, -30.487819 ], [ -60.124685, -30.485979 ], [ -60.122648, -30.484854 ], [ -60.123641, -30.482788 ], [ -60.122858, -30.479898 ], [ -60.122165, -30.479636 ], [ -60.120694, -30.481214 ], [ -60.118615, -30.480578 ], [ -60.116017, -30.480956 ], [ -60.114801, -30.478103 ], [ -60.108774, -30.475945 ], [ -60.10899, -30.473913 ], [ -60.103567, -30.474508 ], [ -60.104448, -30.473083 ], [ -60.103465, -30.470884 ], [ -60.106452, -30.46852 ], [ -60.104014, -30.466498 ], [ -60.102119, -30.466294 ], [ -60.100936, -30.466911 ], [ -60.102561, -30.468611 ], [ -60.102325, -30.469374 ], [ -60.094917, -30.469936 ], [ -60.094917, -30.469086 ], [ -60.096675, -30.468087 ], [ -60.096471, -30.463495 ], [ -60.098398, -30.462408 ], [ -60.098786, -30.461352 ], [ -60.097364, -30.460238 ], [ -60.095757, -30.460225 ], [ -60.093763, -30.461927 ], [ -60.091364, -30.459113 ], [ -60.090268, -30.459077 ], [ -60.088017, -30.461288 ], [ -60.082056, -30.459667 ], [ -60.082749, -30.457986 ], [ -60.086267, -30.459244 ], [ -60.088625, -30.458494 ], [ -60.08867, -30.457752 ], [ -60.085446, -30.456093 ], [ -60.088477, -30.454922 ], [ -60.090561, -30.451662 ], [ -60.089065, -30.450257 ], [ -60.087108, -30.452376 ], [ -60.083675, -30.450954 ], [ -60.086285, -30.450204 ], [ -60.085262, -30.448232 ], [ -60.085959, -30.445987 ], [ -60.089233, -30.44408 ], [ -60.089175, -30.442619 ], [ -60.086388, -30.441121 ], [ -60.086576, -30.438576 ], [ -60.088716, -30.439461 ], [ -60.08987, -30.438393 ], [ -60.091171, -30.439264 ], [ -60.093538, -30.438786 ], [ -60.097231, -30.44013 ], [ -60.098064, -30.439686 ], [ -60.096719, -30.438669 ], [ -60.096413, -30.436689 ], [ -60.098154, -30.435489 ], [ -60.098758, -30.433485 ], [ -60.096802, -30.431478 ], [ -60.096289, -30.429557 ], [ -60.097708, -30.428652 ], [ -60.100549, -30.429537 ], [ -60.10193, -30.427976 ], [ -60.10049, -30.426853 ], [ -60.098218, -30.426806 ], [ -60.099369, -30.423471 ], [ -60.097644, -30.420976 ], [ -60.098183, -30.420487 ], [ -60.101029, -30.421588 ], [ -60.103173, -30.419749 ], [ -60.101345, -30.418895 ], [ -60.100486, -30.415725 ], [ -60.105764, -30.414764 ], [ -60.108114, -30.415115 ], [ -60.112171, -30.411361 ], [ -60.110894, -30.410305 ], [ -60.109473, -30.411162 ], [ -60.107993, -30.409704 ], [ -60.108066, -30.407004 ], [ -60.10998, -30.406374 ], [ -60.108963, -30.404563 ], [ -60.107658, -30.404866 ], [ -60.106148, -30.403307 ], [ -60.107365, -30.402375 ], [ -60.10595, -30.401168 ], [ -60.106957, -30.399418 ], [ -60.105928, -30.398103 ], [ -60.107307, -30.394884 ], [ -60.111918, -30.394427 ], [ -60.113653, -30.390701 ], [ -60.111157, -30.38869 ], [ -60.106151, -30.387981 ], [ -60.108834, -30.384992 ], [ -60.108383, -30.383533 ], [ -60.107107, -30.383786 ], [ -60.105702, -30.385309 ], [ -60.104368, -30.385222 ], [ -60.103294, -30.384191 ], [ -60.103772, -30.383222 ], [ -60.107039, -30.381345 ], [ -60.105615, -30.378678 ], [ -60.108636, -30.377419 ], [ -60.108514, -30.376524 ], [ -60.105061, -30.375788 ], [ -60.105011, -30.373162 ], [ -60.102428, -30.370188 ], [ -60.098176, -30.37372 ], [ -60.094389, -30.369332 ], [ -60.092071, -30.36839 ], [ -60.084697, -30.371308 ], [ -60.082238, -30.370448 ], [ -60.085593, -30.368148 ], [ -60.084928, -30.365111 ], [ -60.086157, -30.363921 ], [ -60.087623, -30.364371 ], [ -60.08928, -30.367037 ], [ -60.092399, -30.365722 ], [ -60.092682, -30.365004 ], [ -60.090079, -30.361784 ], [ -60.090019, -30.360409 ], [ -60.094839, -30.358641 ], [ -60.096067, -30.357163 ], [ -60.095405, -30.356384 ], [ -60.098053, -30.356874 ], [ -60.099422, -30.35478 ], [ -60.099373, -30.353713 ], [ -60.098286, -30.354124 ], [ -60.097009, -30.353264 ], [ -60.097622, -30.352155 ], [ -60.0964, -30.351514 ], [ -60.093139, -30.352953 ], [ -60.090822, -30.35275 ], [ -60.090963, -30.351806 ], [ -60.094129, -30.350285 ], [ -60.094034, -30.349464 ], [ -60.090628, -30.347086 ], [ -60.090366, -30.34524 ], [ -60.091075, -30.344993 ], [ -60.092234, -30.346039 ], [ -60.09474, -30.345996 ], [ -60.09533, -30.345318 ], [ -60.093083, -30.343576 ], [ -60.094027, -30.341893 ], [ -60.095397, -30.341071 ], [ -60.098881, -30.341845 ], [ -60.101741, -30.34118 ], [ -60.10417, -30.339233 ], [ -60.102738, -30.33762 ], [ -60.10307, -30.33613 ], [ -60.100351, -30.334477 ], [ -60.098065, -30.335927 ], [ -60.096825, -30.335473 ], [ -60.096907, -30.333668 ], [ -60.09973, -30.332708 ], [ -60.101798, -30.330489 ], [ -60.100101, -30.327361 ], [ -60.096373, -30.327014 ], [ -60.093738, -30.327787 ], [ -60.092905, -30.328324 ], [ -60.092477, -30.330426 ], [ -60.091455, -30.331081 ], [ -60.089707, -30.330591 ], [ -60.08914, -30.328467 ], [ -60.090187, -30.326435 ], [ -60.094689, -30.323957 ], [ -60.095964, -30.321808 ], [ -60.095103, -30.321201 ], [ -60.093598, -30.321763 ], [ -60.090665, -30.320317 ], [ -60.087651, -30.317354 ], [ -60.090677, -30.318286 ], [ -60.093796, -30.317606 ], [ -60.095733, -30.318632 ], [ -60.096994, -30.315713 ], [ -60.093458, -30.315785 ], [ -60.091277, -30.313172 ], [ -60.087137, -30.313408 ], [ -60.085199, -30.311424 ], [ -60.085602, -30.31091 ], [ -60.089502, -30.311795 ], [ -60.091315, -30.309716 ], [ -60.095346, -30.308265 ], [ -60.094861, -30.307495 ], [ -60.093222, -30.308057 ], [ -60.091958, -30.307684 ], [ -60.090828, -30.306727 ], [ -60.090207, -30.304299 ], [ -60.092215, -30.301227 ], [ -60.093314, -30.297537 ], [ -60.096834, -30.296227 ], [ -60.095381, -30.294266 ], [ -60.093687, -30.294384 ], [ -60.092372, -30.296627 ], [ -60.086302, -30.294872 ], [ -59.94153, -30.317587 ], [ -59.941641, -30.320075 ], [ -59.943356, -30.324389 ], [ -59.942648, -30.328047 ], [ -59.948934, -30.329489 ], [ -59.949859, -30.330421 ], [ -59.946817, -30.333467 ], [ -59.945775, -30.333079 ], [ -59.944886, -30.331364 ], [ -59.93912, -30.330284 ], [ -59.932654, -30.33277 ], [ -59.934268, -30.335363 ], [ -59.932869, -30.339078 ], [ -59.936162, -30.342168 ], [ -59.937847, -30.346822 ], [ -59.936216, -30.347074 ], [ -59.93274, -30.345058 ], [ -59.932832, -30.350124 ], [ -59.9311, -30.348739 ], [ -59.929768, -30.350325 ], [ -59.926411, -30.351868 ], [ -59.925217, -30.35198 ], [ -59.922158, -30.350016 ], [ -59.919525, -30.351049 ], [ -59.917473, -30.35008 ], [ -59.916483, -30.352833 ], [ -59.914132, -30.352329 ], [ -59.912759, -30.352842 ], [ -59.911676, -30.35841 ], [ -59.907747, -30.361543 ], [ -59.903065, -30.359758 ], [ -59.903024, -30.358685 ], [ -59.905425, -30.359533 ], [ -59.905788, -30.358366 ], [ -59.903955, -30.356142 ], [ -59.902645, -30.356052 ], [ -59.901429, -30.353925 ], [ -59.900021, -30.354403 ], [ -59.898384, -30.356524 ], [ -59.8984, -30.354851 ], [ -59.897589, -30.354222 ], [ -59.896188, -30.357163 ], [ -59.894517, -30.358258 ], [ -59.89414, -30.356907 ], [ -59.89561, -30.355869 ], [ -59.892731, -30.355328 ], [ -59.892624, -30.353742 ], [ -59.890058, -30.354188 ], [ -59.889128, -30.355345 ], [ -59.887103, -30.353904 ], [ -59.888975, -30.353742 ], [ -59.889087, -30.352347 ], [ -59.885571, -30.352221 ], [ -59.883747, -30.352949 ], [ -59.885083, -30.35139 ], [ -59.886427, -30.351744 ], [ -59.887862, -30.34984 ], [ -59.886447, -30.349235 ], [ -59.885781, -30.351007 ], [ -59.884708, -30.350837 ], [ -59.882883, -30.349472 ], [ -59.88471, -30.350046 ], [ -59.884462, -30.348142 ], [ -59.882862, -30.347913 ], [ -59.879894, -30.345539 ], [ -59.881408, -30.345016 ], [ -59.883701, -30.347125 ], [ -59.884222, -30.345477 ], [ -59.882976, -30.344567 ], [ -59.883407, -30.342458 ], [ -59.884239, -30.342089 ], [ -59.885499, -30.343088 ], [ -59.884601, -30.340934 ], [ -59.882697, -30.341767 ], [ -59.882064, -30.343283 ], [ -59.881068, -30.343153 ], [ -59.881191, -30.341398 ], [ -59.882386, -30.340822 ], [ -59.883051, -30.339143 ], [ -59.882636, -30.337988 ], [ -59.881529, -30.33822 ], [ -59.881436, -30.340487 ], [ -59.880058, -30.340102 ], [ -59.881041, -30.338579 ], [ -59.880096, -30.336962 ], [ -59.879185, -30.337149 ], [ -59.878685, -30.338713 ], [ -59.877192, -30.338532 ], [ -59.878139, -30.337537 ], [ -59.877666, -30.336179 ], [ -59.879577, -30.335291 ], [ -59.877856, -30.333989 ], [ -59.877105, -30.335379 ], [ -59.875543, -30.334223 ], [ -59.873322, -30.335318 ], [ -59.873483, -30.332763 ], [ -59.8754, -30.332254 ], [ -59.872624, -30.330548 ], [ -59.871582, -30.331858 ], [ -59.869059, -30.330451 ], [ -59.869871, -30.332641 ], [ -59.867913, -30.332153 ], [ -59.867184, -30.333524 ], [ -59.868411, -30.335721 ], [ -59.867978, -30.336295 ], [ -59.86659, -30.336057 ], [ -59.866815, -30.3343 ], [ -59.865815, -30.333248 ], [ -59.8632, -30.334385 ], [ -59.861853, -30.331194 ], [ -59.863228, -30.331408 ], [ -59.864175, -30.332641 ], [ -59.864886, -30.331101 ], [ -59.866902, -30.331882 ], [ -59.867383, -30.331347 ], [ -59.866145, -30.330416 ], [ -59.864505, -30.330579 ], [ -59.864076, -30.328207 ], [ -59.864754, -30.326736 ], [ -59.862438, -30.325824 ], [ -59.861218, -30.328042 ], [ -59.85901, -30.327058 ], [ -59.857014, -30.327295 ], [ -59.85616, -30.329686 ], [ -59.854381, -30.327576 ], [ -59.850088, -30.328569 ], [ -59.851793, -30.327067 ], [ -59.851207, -30.326442 ], [ -59.847095, -30.327035 ], [ -59.845544, -30.329881 ], [ -59.844803, -30.329746 ], [ -59.846009, -30.328083 ], [ -59.845355, -30.326725 ], [ -59.840467, -30.329327 ], [ -59.838012, -30.329192 ], [ -59.838353, -30.330783 ], [ -59.840237, -30.331447 ], [ -59.840139, -30.333536 ], [ -59.838069, -30.33669 ], [ -59.837443, -30.339378 ], [ -59.833262, -30.342433 ], [ -59.830256, -30.348468 ], [ -59.830279, -30.351417 ], [ -59.82848, -30.353168 ], [ -59.828046, -30.35551 ], [ -59.826891, -30.355323 ], [ -59.826588, -30.353138 ], [ -59.817978, -30.356848 ], [ -59.814918, -30.349743 ], [ -59.810935, -30.35 ], [ -59.809552, -30.351147 ], [ -59.809194, -30.353074 ], [ -59.807101, -30.353518 ], [ -59.804972, -30.349431 ], [ -59.80369, -30.349189 ], [ -59.800804, -30.350448 ], [ -59.796336, -30.3499 ], [ -59.795678, -30.346481 ], [ -59.794525, -30.345907 ], [ -59.791809, -30.348183 ], [ -59.790998, -30.35147 ], [ -59.789958, -30.35166 ], [ -59.788464, -30.349911 ], [ -59.787546, -30.350044 ], [ -59.785543, -30.353 ], [ -59.782591, -30.354174 ], [ -59.781006, -30.351652 ], [ -59.780843, -30.349486 ], [ -59.77828, -30.346876 ], [ -59.774814, -30.346758 ], [ -59.777741, -30.345864 ], [ -59.778349, -30.344788 ], [ -59.77692, -30.344486 ], [ -59.776441, -30.342799 ], [ -59.774123, -30.342532 ], [ -59.775747, -30.337932 ], [ -59.781, -30.332074 ], [ -59.78085, -30.326299 ], [ -59.777929, -30.321615 ], [ -59.769019, -30.312554 ], [ -59.762365, -30.30918 ], [ -59.760534, -30.305649 ], [ -59.760835, -30.304401 ], [ -59.757163, -30.302626 ], [ -59.750135, -30.291304 ], [ -59.747194, -30.28803 ], [ -59.74142, -30.284678 ], [ -59.739749, -30.282796 ], [ -59.735208, -30.282911 ], [ -59.732504, -30.280946 ], [ -59.712564, -30.293914 ] ] ] ] } },
{ "type": "Feature", "properties": { "fid": 104, "DISTRITO": "0211", "NOMBRE1": "Garabato", "riesgo_median": 2.0, "riesgo_ponderado": 2.1226185807485622, "pct_n4_n5": 0.0022118115842781031, "riesgo_alto_clase": 2, "ha": 105783.5, "b12_ha": 91812.87, "n3_ha": 13980.42, "n4_ha": 2.34, "n5_ha": 0.0 }, "geometry": { "type": "MultiPolygon", "coordinates": [ [ [ [ -60.000686, -29.044419 ], [ -60.005173, -29.072665 ], [ -60.085034, -29.060902 ], [ -60.093927, -29.050778 ], [ -60.109329, -29.048486 ], [ -60.11464, -29.045538 ], [ -60.118594, -29.042248 ], [ -60.122892, -29.035593 ], [ -60.12604, -29.01206 ], [ -60.15689, -29.007444 ], [ -60.157883, -29.01282 ], [ -60.209462, -29.004803 ], [ -60.203607, -28.975408 ], [ -60.265447, -28.965615 ], [ -60.286739, -28.965606 ], [ -60.286651, -28.942976 ], [ -60.436668, -28.942638 ], [ -60.438715, -28.944599 ], [ -60.443756, -28.944501 ], [ -60.452854, -28.947704 ], [ -60.454487, -28.948672 ], [ -60.457492, -28.953967 ], [ -60.46034, -28.955739 ], [ -60.501496, -28.949406 ], [ -60.477353, -28.829975 ], [ -60.43146, -28.83703 ], [ -60.391518, -28.743067 ], [ -60.309442, -28.769115 ], [ -60.304591, -28.764743 ], [ -60.300125, -28.765303 ], [ -60.295402, -28.767603 ], [ -60.297924, -28.769833 ], [ -60.215462, -28.783236 ], [ -60.215319, -28.782526 ], [ -60.113115, -28.791703 ], [ -60.111813, -28.784641 ], [ -59.961803, -28.80748 ], [ -59.977949, -28.891686 ], [ -60.019742, -28.886103 ], [ -60.042004, -29.011698 ], [ -59.999783, -29.017586 ], [ -60.001051, -29.030544 ], [ -59.988037, -29.032504 ], [ -59.990206, -29.04591 ], [ -60.000686, -29.044419 ] ] ] ] } },
{ "type": "Feature", "properties": { "fid": 105, "DISTRITO": "0806", "NOMBRE1": "Tacurales", "riesgo_median": 2.0, "riesgo_ponderado": 2.2307222999315495, "pct_n4_n5": 0.057041953116474711, "riesgo_alto_clase": 3, "ha": 18171.9, "b12_ha": 13939.11, "n3_ha": 4195.08, "n4_ha": 10.35, "n5_ha": 0.0 }, "geometry": { "type": "MultiPolygon", "coordinates": [ [ [ [ -61.666151, -30.782476 ], [ -61.695358, -30.905469 ], [ -61.696137, -30.904421 ], [ -61.793397, -30.851557 ], [ -61.860655, -30.802155 ], [ -61.843969, -30.750662 ], [ -61.666151, -30.782476 ] ] ] ] } },
{ "type": "Feature", "properties": { "fid": 106, "DISTRITO": "0809", "NOMBRE1": "Hugentobler", "riesgo_median": 2.0, "riesgo_ponderado": 2.2200986436498149, "pct_n4_n5": 0.055487053020961769, "riesgo_alto_clase": 3, "ha": 8774.84, "b12_ha": 6817.32, "n3_ha": 1936.62, "n4_ha": 4.86, "n5_ha": 0.0 }, "geometry": { "type": "MultiPolygon", "coordinates": [ [ [ [ -61.815492, -30.943223 ], [ -61.793397, -30.851557 ], [ -61.695618, -30.905037 ], [ -61.708804, -30.96241 ], [ -61.815492, -30.943223 ] ] ] ] } },
{ "type": "Feature", "properties": { "fid": 107, "DISTRITO": "0808", "NOMBRE1": "Eusebia", "riesgo_median": 2.0, "riesgo_ponderado": 2.322650710163753, "pct_n4_n5": 0.1735482634526522, "riesgo_alto_clase": 3, "ha": 8452.63, "b12_ha": 5653.08, "n3_ha": 2785.23, "n4_ha": 14.67, "n5_ha": 0.0 }, "geometry": { "type": "MultiPolygon", "coordinates": [ [ [ [ -61.889149, -30.889489 ], [ -61.80631, -30.904518 ], [ -61.827256, -30.992896 ], [ -61.917391, -30.976797 ], [ -61.889149, -30.889489 ] ] ] ] } },
{ "type": "Feature", "properties": { "fid": 108, "DISTRITO": "0818", "NOMBRE1": "Pueblo Marini", "riesgo_median": 2.0, "riesgo_ponderado": 2.4254625800797402, "pct_n4_n5": 0.39870144297828747, "riesgo_alto_clase": 3, "ha": 7292.88, "b12_ha": 4152.15, "n3_ha": 3109.95, "n4_ha": 29.07, "n5_ha": 0.0 }, "geometry": { "type": "MultiPolygon", "coordinates": [ [ [ [ -61.917391, -30.976797 ], [ -61.827256, -30.992896 ], [ -61.844306, -31.063947 ], [ -61.940273, -31.04662 ], [ -61.917391, -30.976797 ] ] ] ] } },
{ "type": "Feature", "properties": { "fid": 109, "DISTRITO": "0810", "NOMBRE1": "Aldao (N)", "riesgo_median": 2.0, "riesgo_ponderado": 2.3621384531890852, "pct_n4_n5": 0.21708378188418048, "riesgo_alto_clase": 3, "ha": 10101.17, "b12_ha": 6432.12, "n3_ha": 3661.83, "n4_ha": 21.96, "n5_ha": 0.0 }, "geometry": { "type": "MultiPolygon", "coordinates": [ [ [ [ -61.815492, -30.943223 ], [ -61.651114, -30.972681 ], [ -61.664327, -31.028594 ], [ -61.730669, -31.015739 ], [ -61.769736, -31.009914 ], [ -61.828864, -30.999298 ], [ -61.815492, -30.943223 ] ] ] ] } },
{ "type": "Feature", "properties": { "fid": 110, "DISTRITO": "0817", "NOMBRE1": "Fidela", "riesgo_median": 2.0, "riesgo_ponderado": 2.1896398032288951, "pct_n4_n5": 0.0, "riesgo_alto_clase": 1, "ha": 8134.37, "b12_ha": 6448.23, "n3_ha": 1729.8, "n4_ha": 0.0, "n5_ha": 0.0 }, "geometry": { "type": "MultiPolygon", "coordinates": [ [ [ [ -61.850955, -31.091521 ], [ -61.828864, -30.999298 ], [ -61.74862, -31.013076 ], [ -61.770845, -31.105734 ], [ -61.850955, -31.091521 ] ] ] ] } },
{ "type": "Feature", "properties": { "fid": 111, "DISTRITO": "0821", "NOMBRE1": "Vila", "riesgo_median": 2.0, "riesgo_ponderado": 2.3006064843329503, "pct_n4_n5": 0.12595786237855053, "riesgo_alto_clase": 3, "ha": 16223.34, "b12_ha": 11251.98, "n3_ha": 4947.3, "n4_ha": 20.43, "n5_ha": 0.0 }, "geometry": { "type": "MultiPolygon", "coordinates": [ [ [ [ -61.894671, -31.275303 ], [ -61.850955, -31.091521 ], [ -61.770845, -31.105734 ], [ -61.814626, -31.289487 ], [ -61.894671, -31.275303 ] ] ] ] } },
{ "type": "Feature", "properties": { "fid": 112, "DISTRITO": "0820", "NOMBRE1": "Coronel Fraga", "riesgo_median": 2.0, "riesgo_ponderado": 2.2362346919249902, "pct_n4_n5": 0.19493876769996174, "riesgo_alto_clase": 3, "ha": 7534.55, "b12_ha": 5636.52, "n3_ha": 1874.25, "n4_ha": 14.67, "n5_ha": 0.0 }, "geometry": { "type": "MultiPolygon", "coordinates": [ [ [ [ -61.866625, -31.155824 ], [ -61.881854, -31.220194 ], [ -61.990579, -31.200752 ], [ -61.969783, -31.137172 ], [ -61.866625, -31.155824 ] ] ] ] } },
{ "type": "Feature", "properties": { "fid": 113, "DISTRITO": "0819", "NOMBRE1": "Ramona", "riesgo_median": 2.0, "riesgo_ponderado": 2.3297941456555211, "pct_n4_n5": 0.10145869118288373, "riesgo_alto_clase": 3, "ha": 10110.68, "b12_ha": 6619.77, "n3_ha": 3482.46, "n4_ha": 10.26, "n5_ha": 0.0 }, "geometry": { "type": "MultiPolygon", "coordinates": [ [ [ [ -61.940273, -31.04662 ], [ -61.844306, -31.063947 ], [ -61.866408, -31.155895 ], [ -61.969783, -31.137172 ], [ -61.940273, -31.04662 ] ] ] ] } },
{ "type": "Feature", "properties": { "fid": 114, "DISTRITO": "0832", "NOMBRE1": "Bauer y Sigel", "riesgo_median": 2.0, "riesgo_ponderado": 2.1211629939488557, "pct_n4_n5": 0.084062206032464018, "riesgo_alto_clase": 3, "ha": 13492.36, "b12_ha": 11765.34, "n3_ha": 1713.33, "n4_ha": 11.34, "n5_ha": 0.0 }, "geometry": { "type": "MultiPolygon", "coordinates": [ [ [ [ -61.990579, -31.200752 ], [ -61.881854, -31.220194 ], [ -61.894671, -31.275303 ], [ -61.890848, -31.275964 ], [ -61.902991, -31.327366 ], [ -62.024582, -31.306015 ], [ -61.990579, -31.200752 ] ] ] ] } },
{ "type": "Feature", "properties": { "fid": 115, "DISTRITO": "0830", "NOMBRE1": "San Antonio", "riesgo_median": 2.0, "riesgo_ponderado": 2.2739089967894754, "pct_n4_n5": 0.26353492360624536, "riesgo_alto_clase": 3, "ha": 8591.24, "b12_ha": 6255.99, "n3_ha": 2327.4, "n4_ha": 22.68, "n5_ha": 0.0 }, "geometry": { "type": "MultiPolygon", "coordinates": [ [ [ [ -61.729187, -31.304194 ], [ -61.814626, -31.289487 ], [ -61.79272, -31.197583 ], [ -61.707849, -31.212318 ], [ -61.729187, -31.304194 ] ] ] ] } },
{ "type": "Feature", "properties": { "fid": 116, "DISTRITO": "0831", "NOMBRE1": "Santa Clara de Saguier", "riesgo_median": 2.0, "riesgo_ponderado": 2.3372151325472692, "pct_n4_n5": 0.32024843514969187, "riesgo_alto_clase": 3, "ha": 16622.63, "b12_ha": 10689.57, "n3_ha": 5950.26, "n4_ha": 53.46, "n5_ha": 0.0 }, "geometry": { "type": "MultiPolygon", "coordinates": [ [ [ [ -61.890848, -31.275964 ], [ -61.725538, -31.304832 ], [ -61.747579, -31.396819 ], [ -61.912612, -31.367712 ], [ -61.890848, -31.275964 ] ] ] ] } },
{ "type": "Feature", "properties": { "fid": 117, "DISTRITO": "0829", "NOMBRE1": "Saguier", "riesgo_median": 2.0, "riesgo_ponderado": 2.3425285290682001, "pct_n4_n5": 0.1949169529365414, "riesgo_alto_clase": 3, "ha": 13044.56, "b12_ha": 8332.47, "n3_ha": 4663.08, "n4_ha": 25.38, "n5_ha": 0.0 }, "geometry": { "type": "MultiPolygon", "coordinates": [ [ [ [ -61.725538, -31.304832 ], [ -61.729187, -31.304194 ], [ -61.718181, -31.256768 ], [ -61.661877, -31.268325 ], [ -61.634708, -31.27308 ], [ -61.662241, -31.388592 ], [ -61.635036, -31.393337 ], [ -61.640116, -31.415551 ], [ -61.747579, -31.396819 ], [ -61.725538, -31.304832 ] ] ] ] } },
{ "type": "Feature", "properties": { "fid": 118, "DISTRITO": "0828", "NOMBRE1": "Villa San Jose", "riesgo_median": 2.0, "riesgo_ponderado": 2.3099907262898376, "pct_n4_n5": 0.26916378276899416, "riesgo_alto_clase": 3, "ha": 7933.0, "b12_ha": 4971.96, "n3_ha": 2964.6, "n4_ha": 21.42, "n5_ha": 0.0 }, "geometry": { "type": "MultiPolygon", "coordinates": [ [ [ [ -61.570854, -31.296868 ], [ -61.588205, -31.372127 ], [ -61.595442, -31.399823 ], [ -61.662241, -31.388592 ], [ -61.634708, -31.27308 ], [ -61.607673, -31.277756 ], [ -61.610499, -31.290322 ], [ -61.570854, -31.296868 ] ] ] ] } },
{ "type": "Feature", "properties": { "fid": 119, "DISTRITO": "0826", "NOMBRE1": "Aurelia", "riesgo_median": 2.0, "riesgo_ponderado": 2.3253045655643056, "pct_n4_n5": 0.44436083397122356, "riesgo_alto_clase": 3, "ha": 13864.67, "b12_ha": 9239.4, "n3_ha": 4572.81, "n4_ha": 61.65, "n5_ha": 0.0 }, "geometry": { "type": "MultiPolygon", "coordinates": [ [ [ [ -61.346417, -31.340784 ], [ -61.365981, -31.420138 ], [ -61.374852, -31.461654 ], [ -61.479493, -31.443436 ], [ -61.476976, -31.429536 ], [ -61.45129, -31.32283 ], [ -61.346417, -31.340784 ] ] ] ] } },
{ "type": "Feature", "properties": { "fid": 120, "DISTRITO": "0824", "NOMBRE1": "Rafaela", "riesgo_median": 2.0, "riesgo_ponderado": 1.9159604118082021, "pct_n4_n5": 0.29179227575223254, "riesgo_alto_clase": 3, "ha": 15802.35, "b12_ha": 13446.36, "n3_ha": 2330.37, "n4_ha": 46.17, "n5_ha": 0.0 }, "geometry": { "type": "MultiPolygon", "coordinates": [ [ [ [ -61.418647, -31.184676 ], [ -61.448297, -31.31792 ], [ -61.557224, -31.299234 ], [ -61.526257, -31.165903 ], [ -61.486947, -31.173241 ], [ -61.418647, -31.184676 ] ] ] ] } },
{ "type": "Feature", "properties": { "fid": 121, "DISTRITO": "0823", "NOMBRE1": "Presidente Roca", "riesgo_median": 2.0, "riesgo_ponderado": 2.4227833611501346, "pct_n4_n5": 0.57114497156282407, "riesgo_alto_clase": 4, "ha": 22477.72, "b12_ha": 13002.12, "n3_ha": 9355.86, "n4_ha": 128.43, "n5_ha": 0.0 }, "geometry": { "type": "MultiPolygon", "coordinates": [ [ [ [ -61.557249, -31.299151 ], [ -61.610499, -31.290322 ], [ -61.607673, -31.277756 ], [ -61.661877, -31.268325 ], [ -61.718181, -31.256768 ], [ -61.690099, -31.137667 ], [ -61.526257, -31.165903 ], [ -61.557249, -31.299151 ] ] ] ] } },
{ "type": "Feature", "properties": { "fid": 122, "DISTRITO": "0836", "NOMBRE1": "Colonia Iturraspe", "riesgo_median": 2.0, "riesgo_ponderado": 2.4227129985016727, "pct_n4_n5": 0.0, "riesgo_alto_clase": 1, "ha": 8762.61, "b12_ha": 5032.62, "n3_ha": 3737.16, "n4_ha": 0.0, "n5_ha": 0.0 }, "geometry": { "type": "MultiPolygon", "coordinates": [ [ [ [ -61.664249, -31.547497 ], [ -61.633477, -31.416684 ], [ -61.572254, -31.427177 ], [ -61.603374, -31.558174 ], [ -61.664249, -31.547497 ] ] ] ] } },
{ "type": "Feature", "properties": { "fid": 123, "DISTRITO": "0835", "NOMBRE1": "Clucellas", "riesgo_median": 2.0, "riesgo_ponderado": 2.2056649800574748, "pct_n4_n5": 0.37061970220127838, "riesgo_alto_clase": 3, "ha": 12417.81, "b12_ha": 9305.1, "n3_ha": 3082.05, "n4_ha": 46.08, "n5_ha": 0.0 }, "geometry": { "type": "MultiPolygon", "coordinates": [ [ [ [ -61.794324, -31.388294 ], [ -61.633477, -31.416684 ], [ -61.65005, -31.487026 ], [ -61.811291, -31.45841 ], [ -61.794324, -31.388294 ] ] ] ] } },
{ "type": "Feature", "properties": { "fid": 124, "DISTRITO": "0838", "NOMBRE1": "Estacion Clucellas", "riesgo_median": 2.0, "riesgo_ponderado": 2.1448187778503107, "pct_n4_n5": 0.40416654840632366, "riesgo_alto_clase": 3, "ha": 15836.8, "b12_ha": 12972.15, "n3_ha": 2818.62, "n4_ha": 64.08, "n5_ha": 0.0 }, "geometry": { "type": "MultiPolygon", "coordinates": [ [ [ [ -61.825753, -31.518454 ], [ -61.811291, -31.45841 ], [ -61.65005, -31.487026 ], [ -61.664249, -31.547497 ], [ -61.603374, -31.558174 ], [ -61.61373, -31.602988 ], [ -61.718566, -31.584806 ], [ -61.707982, -31.539848 ], [ -61.825753, -31.518454 ] ] ] ] } },
{ "type": "Feature", "properties": { "fid": 125, "DISTRITO": "0837", "NOMBRE1": "Angelica", "riesgo_median": 2.0, "riesgo_ponderado": 2.1682641019033446, "pct_n4_n5": 0.14103981534590776, "riesgo_alto_clase": 3, "ha": 32489.67, "b12_ha": 26218.26, "n3_ha": 6216.12, "n4_ha": 45.81, "n5_ha": 0.0 }, "geometry": { "type": "MultiPolygon", "coordinates": [ [ [ [ -61.572254, -31.427177 ], [ -61.373615, -31.461867 ], [ -61.391593, -31.539293 ], [ -61.429254, -31.532877 ], [ -61.441973, -31.586309 ], [ -61.447057, -31.585434 ], [ -61.449987, -31.596967 ], [ -61.499347, -31.588348 ], [ -61.505042, -31.612223 ], [ -61.501816, -31.612807 ], [ -61.504796, -31.623899 ], [ -61.614198, -31.605034 ], [ -61.572254, -31.427177 ] ] ] ] } },
{ "type": "Feature", "properties": { "fid": 126, "DISTRITO": "0921", "NOMBRE1": "StaMa. Centro", "riesgo_median": 2.0, "riesgo_ponderado": 2.4920142905532794, "pct_n4_n5": 0.63144305188953587, "riesgo_alto_clase": 4, "ha": 14082.09, "b12_ha": 7222.59, "n3_ha": 6770.52, "n4_ha": 88.92, "n5_ha": 0.0 }, "geometry": { "type": "MultiPolygon", "coordinates": [ [ [ [ -61.374852, -31.461654 ], [ -61.37417, -31.458411 ], [ -61.221517, -31.485466 ], [ -61.238025, -31.550331 ], [ -61.237284, -31.550473 ], [ -61.241837, -31.570175 ], [ -61.392617, -31.544263 ], [ -61.373615, -31.461867 ], [ -61.374852, -31.461654 ] ] ] ] } },
{ "type": "Feature", "properties": { "fid": 127, "DISTRITO": "0834", "NOMBRE1": "Colonia Cello", "riesgo_median": 2.0, "riesgo_ponderado": 2.3642000341500897, "pct_n4_n5": 0.51225134465977962, "riesgo_alto_clase": 4, "ha": 16876.51, "b12_ha": 10661.67, "n3_ha": 6118.65, "n4_ha": 86.4, "n5_ha": 0.0 }, "geometry": { "type": "MultiPolygon", "coordinates": [ [ [ [ -61.912612, -31.367712 ], [ -61.794441, -31.388335 ], [ -61.825753, -31.518454 ], [ -61.943645, -31.497592 ], [ -61.912612, -31.367712 ] ] ] ] } },
{ "type": "Feature", "properties": { "fid": 128, "DISTRITO": "0833", "NOMBRE1": "Josefina", "riesgo_median": 2.0, "riesgo_ponderado": 2.2536264996550459, "pct_n4_n5": 0.33823437178005361, "riesgo_alto_clase": 3, "ha": 20064.0, "b12_ha": 14610.51, "n3_ha": 5411.16, "n4_ha": 67.95, "n5_ha": 0.0 }, "geometry": { "type": "MultiPolygon", "coordinates": [ [ [ [ -61.902991, -31.327366 ], [ -61.943645, -31.497592 ], [ -61.98535, -31.490045 ], [ -61.98582, -31.491981 ], [ -61.998632, -31.489637 ], [ -61.989906, -31.454425 ], [ -62.015965, -31.449824 ], [ -62.011565, -31.431378 ], [ -62.05325, -31.424264 ], [ -62.059676, -31.420804 ], [ -62.062164, -31.420177 ], [ -62.024582, -31.306015 ], [ -61.902991, -31.327366 ] ] ] ] } },
{ "type": "Feature", "properties": { "fid": 129, "DISTRITO": "0841", "NOMBRE1": "Frontera", "riesgo_median": 2.0, "riesgo_ponderado": 2.0427142190658856, "pct_n4_n5": 0.022030998911409468, "riesgo_alto_clase": 2, "ha": 6943.49, "b12_ha": 6136.47, "n3_ha": 806.76, "n4_ha": 1.53, "n5_ha": 0.0 }, "geometry": { "type": "MultiPolygon", "coordinates": [ [ [ [ -62.062164, -31.420177 ], [ -62.059676, -31.420804 ], [ -62.05325, -31.424264 ], [ -62.011565, -31.431378 ], [ -62.015965, -31.449824 ], [ -61.989906, -31.454425 ], [ -62.006031, -31.520351 ], [ -62.089915, -31.505154 ], [ -62.062164, -31.420177 ] ] ] ] } },
{ "type": "Feature", "properties": { "fid": 130, "DISTRITO": "0840", "NOMBRE1": "Zenon Pereyra", "riesgo_median": 2.0, "riesgo_ponderado": 2.1749328055326655, "pct_n4_n5": 0.06392138439856139, "riesgo_alto_clase": 3, "ha": 23351.74, "b12_ha": 18882.99, "n3_ha": 4474.53, "n4_ha": 14.94, "n5_ha": 0.0 }, "geometry": { "type": "MultiPolygon", "coordinates": [ [ [ [ -61.98535, -31.490045 ], [ -61.824967, -31.518593 ], [ -61.846943, -31.610423 ], [ -62.007714, -31.581929 ], [ -62.00732, -31.580407 ], [ -62.020142, -31.578274 ], [ -62.021203, -31.582544 ], [ -62.110247, -31.566643 ], [ -62.089915, -31.505154 ], [ -62.006031, -31.520351 ], [ -61.998632, -31.489637 ], [ -61.98582, -31.491981 ], [ -61.98535, -31.490045 ] ] ] ] } },
{ "type": "Feature", "properties": { "fid": 131, "DISTRITO": "0839", "NOMBRE1": "Eustolia", "riesgo_median": 2.0, "riesgo_ponderado": 2.5051858727672385, "pct_n4_n5": 1.6766258629691939, "riesgo_alto_clase": 4, "ha": 13973.31, "b12_ha": 7024.05, "n3_ha": 6703.83, "n4_ha": 234.09, "n5_ha": 0.0 }, "geometry": { "type": "MultiPolygon", "coordinates": [ [ [ [ -61.67589, -31.592269 ], [ -61.686249, -31.638662 ], [ -61.846943, -31.610423 ], [ -61.824967, -31.518593 ], [ -61.707982, -31.539848 ], [ -61.718566, -31.584806 ], [ -61.67589, -31.592269 ] ] ] ] } },
{ "type": "Feature", "properties": { "fid": 132, "DISTRITO": "0844", "NOMBRE1": "Maria Juana", "riesgo_median": 2.0, "riesgo_ponderado": 2.055072319697798, "pct_n4_n5": 0.30899481418890939, "riesgo_alto_clase": 3, "ha": 10837.67, "b12_ha": 9363.06, "n3_ha": 1467.63, "n4_ha": 33.57, "n5_ha": 0.0 }, "geometry": { "type": "MultiPolygon", "coordinates": [ [ [ [ -61.79322, -31.619838 ], [ -61.686249, -31.638662 ], [ -61.70816, -31.731032 ], [ -61.815601, -31.712356 ], [ -61.79322, -31.619838 ] ] ] ] } },
{ "type": "Feature", "properties": { "fid": 133, "DISTRITO": "0843", "NOMBRE1": "Garibaldi", "riesgo_median": 2.0, "riesgo_ponderado": 2.0481439615838415, "pct_n4_n5": 0.15841714865634204, "riesgo_alto_clase": 3, "ha": 10910.2, "b12_ha": 9287.82, "n3_ha": 1602.81, "n4_ha": 17.28, "n5_ha": 0.0 }, "geometry": { "type": "MultiPolygon", "coordinates": [ [ [ [ -61.793283, -31.61981 ], [ -61.815601, -31.712356 ], [ -61.923276, -31.693378 ], [ -61.900619, -31.60101 ], [ -61.793283, -31.61981 ] ] ] ] } },
{ "type": "Feature", "properties": { "fid": 134, "DISTRITO": "0842", "NOMBRE1": "Esmeralda", "riesgo_median": 2.0, "riesgo_ponderado": 2.2730546077768516, "pct_n4_n5": 0.11478167895721632, "riesgo_alto_clase": 3, "ha": 17165.37, "b12_ha": 12399.93, "n3_ha": 4752.09, "n4_ha": 19.71, "n5_ha": 0.0 }, "geometry": { "type": "MultiPolygon", "coordinates": [ [ [ [ -61.900619, -31.60101 ], [ -61.923276, -31.693378 ], [ -61.929769, -31.692168 ], [ -61.929658, -31.691704 ], [ -62.030279, -31.673653 ], [ -62.022058, -31.639994 ], [ -62.128095, -31.621008 ], [ -62.110247, -31.566643 ], [ -62.021203, -31.582544 ], [ -62.020142, -31.578274 ], [ -62.00732, -31.580407 ], [ -62.007714, -31.581929 ], [ -61.900619, -31.60101 ] ] ] ] } },
{ "type": "Feature", "properties": { "fid": 135, "DISTRITO": "1201", "NOMBRE1": "Castelar", "riesgo_median": 2.0, "riesgo_ponderado": 2.1043541429681603, "pct_n4_n5": 0.056313282050704475, "riesgo_alto_clase": 3, "ha": 15965.98, "b12_ha": 13833.18, "n3_ha": 2139.84, "n4_ha": 9.0, "n5_ha": 0.0 }, "geometry": { "type": "MultiPolygon", "coordinates": [ [ [ [ -62.022058, -31.639994 ], [ -62.044811, -31.733125 ], [ -62.239006, -31.698543 ], [ -62.140065, -31.618788 ], [ -62.022058, -31.639994 ] ] ] ] } },
{ "type": "Feature", "properties": { "fid": 136, "DISTRITO": "0846", "NOMBRE1": "San Vicente", "riesgo_median": 2.0, "riesgo_ponderado": 2.3380368504772004, "pct_n4_n5": 1.2745227995758217, "riesgo_alto_clase": 4, "ha": 13601.69, "b12_ha": 8715.33, "n3_ha": 4690.8, "n4_ha": 173.07, "n5_ha": 0.0 }, "geometry": { "type": "MultiPolygon", "coordinates": [ [ [ [ -61.604518, -31.642841 ], [ -61.614198, -31.605034 ], [ -61.504796, -31.623899 ], [ -61.53306, -31.743436 ], [ -61.535743, -31.742957 ], [ -61.541429, -31.767595 ], [ -61.613248, -31.754551 ], [ -61.611867, -31.729672 ], [ -61.616373, -31.72892 ], [ -61.598236, -31.654202 ], [ -61.604284, -31.652745 ], [ -61.604518, -31.642841 ] ] ] ] } },
{ "type": "Feature", "properties": { "fid": 137, "DISTRITO": "0845", "NOMBRE1": "Colonia Margarita", "riesgo_median": 2.0, "riesgo_ponderado": 2.2382065253870138, "pct_n4_n5": 0.19404087062111383, "riesgo_alto_clase": 3, "ha": 14680.03, "b12_ha": 10828.71, "n3_ha": 3892.14, "n4_ha": 28.62, "n5_ha": 0.0 }, "geometry": { "type": "MultiPolygon", "coordinates": [ [ [ [ -61.675775, -31.592231 ], [ -61.61373, -31.602988 ], [ -61.614198, -31.605034 ], [ -61.604518, -31.642841 ], [ -61.604284, -31.652745 ], [ -61.598236, -31.654202 ], [ -61.616373, -31.72892 ], [ -61.611867, -31.729672 ], [ -61.613742, -31.767694 ], [ -61.712687, -31.749652 ], [ -61.675775, -31.592231 ] ] ] ] } },
{ "type": "Feature", "properties": { "fid": 138, "DISTRITO": "1203", "NOMBRE1": "Sastre", "riesgo_median": 2.0, "riesgo_ponderado": 2.1600027407328968, "pct_n4_n5": 0.40674967765243775, "riesgo_alto_clase": 3, "ha": 28870.19, "b12_ha": 22448.97, "n3_ha": 6330.87, "n4_ha": 117.54, "n5_ha": 0.0 }, "geometry": { "type": "MultiPolygon", "coordinates": [ [ [ [ -61.929769, -31.692168 ], [ -61.70816, -31.731032 ], [ -61.738384, -31.850164 ], [ -61.958189, -31.811901 ], [ -61.929769, -31.692168 ] ] ] ] } },
{ "type": "Feature", "properties": { "fid": 139, "DISTRITO": "1204", "NOMBRE1": "San Martin de las Escobas", "riesgo_median": 2.0, "riesgo_ponderado": 2.0818407299405148, "pct_n4_n5": 0.23817980485970369, "riesgo_alto_clase": 3, "ha": 30123.97, "b12_ha": 25315.29, "n3_ha": 4766.58, "n4_ha": 71.82, "n5_ha": 0.0 }, "geometry": { "type": "MultiPolygon", "coordinates": [ [ [ [ -61.613248, -31.754551 ], [ -61.539062, -31.76803 ], [ -61.558834, -31.850153 ], [ -61.460347, -31.867469 ], [ -61.477931, -31.938454 ], [ -61.585445, -31.918679 ], [ -61.580138, -31.897541 ], [ -61.688963, -31.877101 ], [ -61.685105, -31.862094 ], [ -61.738914, -31.85215 ], [ -61.712687, -31.749652 ], [ -61.613742, -31.767694 ], [ -61.613248, -31.754551 ] ] ] ] } },
{ "type": "Feature", "properties": { "fid": 140, "DISTRITO": "1207", "NOMBRE1": "Traill", "riesgo_median": 2.0, "riesgo_ponderado": 2.2034510375652823, "pct_n4_n5": 0.1045478306325144, "riesgo_alto_clase": 3, "ha": 18771.83, "b12_ha": 14736.87, "n3_ha": 4010.04, "n4_ha": 19.62, "n5_ha": 0.0 }, "geometry": { "type": "MultiPolygon", "coordinates": [ [ [ [ -61.776491, -31.999219 ], [ -61.738914, -31.85215 ], [ -61.685105, -31.862094 ], [ -61.688963, -31.877101 ], [ -61.580138, -31.897541 ], [ -61.585445, -31.918679 ], [ -61.582386, -31.919246 ], [ -61.591912, -31.957667 ], [ -61.650193, -31.946756 ], [ -61.661948, -31.994072 ], [ -61.716112, -31.984029 ], [ -61.72258, -32.009054 ], [ -61.776491, -31.999219 ] ] ] ] } },
{ "type": "Feature", "properties": { "fid": 141, "DISTRITO": "1208", "NOMBRE1": "San Jorge", "riesgo_median": 2.0, "riesgo_ponderado": 2.1753031370160278, "pct_n4_n5": 0.19987056001827389, "riesgo_alto_clase": 3, "ha": 37805.38, "b12_ha": 29549.79, "n3_ha": 8199.09, "n4_ha": 75.6, "n5_ha": 0.0 }, "geometry": { "type": "MultiPolygon", "coordinates": [ [ [ [ -61.958189, -31.811901 ], [ -61.738384, -31.850164 ], [ -61.770195, -31.973756 ], [ -61.877979, -31.954465 ], [ -61.895148, -32.023659 ], [ -62.004374, -32.00399 ], [ -61.958189, -31.811901 ] ] ] ] } },
{ "type": "Feature", "properties": { "fid": 142, "DISTRITO": "1202", "NOMBRE1": "Crispi", "riesgo_median": 2.0, "riesgo_ponderado": 2.2608036197125863, "pct_n4_n5": 0.36766705811955419, "riesgo_alto_clase": 3, "ha": 28113.45, "b12_ha": 20326.05, "n3_ha": 7696.53, "n4_ha": 103.41, "n5_ha": 0.0 }, "geometry": { "type": "MultiPolygon", "coordinates": [ [ [ [ -61.929658, -31.691704 ], [ -61.987795, -31.934851 ], [ -62.095105, -31.915778 ], [ -62.050656, -31.732056 ], [ -62.044811, -31.733125 ], [ -62.030279, -31.673653 ], [ -61.929658, -31.691704 ] ] ] ] } },
{ "type": "Feature", "properties": { "fid": 143, "DISTRITO": "1209", "NOMBRE1": "Las Petacas", "riesgo_median": 2.0, "riesgo_ponderado": 2.0868964813158057, "pct_n4_n5": 0.0, "riesgo_alto_clase": 1, "ha": 33515.73, "b12_ha": 29379.42, "n3_ha": 4119.75, "n4_ha": 0.0, "n5_ha": 0.0 }, "geometry": { "type": "MultiPolygon", "coordinates": [ [ [ [ -62.239006, -31.698543 ], [ -62.050656, -31.732056 ], [ -62.102475, -31.946581 ], [ -62.185389, -31.932249 ], [ -62.188307, -31.922534 ], [ -62.223109, -31.884257 ], [ -62.225363, -31.836551 ], [ -62.217477, -31.788239 ], [ -62.217698, -31.74085 ], [ -62.240823, -31.699825 ], [ -62.239006, -31.698543 ] ] ] ] } },
{ "type": "Feature", "properties": { "fid": 144, "DISTRITO": "1210", "NOMBRE1": "Landeta", "riesgo_median": 2.0, "riesgo_ponderado": 2.2414413904379087, "pct_n4_n5": 0.43904096017210631, "riesgo_alto_clase": 3, "ha": 31787.83, "b12_ha": 23694.3, "n3_ha": 7960.41, "n4_ha": 139.59, "n5_ha": 0.0 }, "geometry": { "type": "MultiPolygon", "coordinates": [ [ [ [ -61.987943, -31.934809 ], [ -62.004374, -32.00399 ], [ -61.949265, -32.01394 ], [ -61.97083, -32.099848 ], [ -61.970708, -32.105514 ], [ -62.182516, -32.066485 ], [ -62.158237, -32.008727 ], [ -62.175759, -31.964463 ], [ -62.185389, -31.932249 ], [ -62.102475, -31.946581 ], [ -62.095105, -31.915778 ], [ -61.987943, -31.934809 ] ] ] ] } },
{ "type": "Feature", "properties": { "fid": 145, "DISTRITO": "1211", "NOMBRE1": "Carlos Pellegrini", "riesgo_median": 2.0, "riesgo_ponderado": 2.3768729933238935, "pct_n4_n5": 1.2473234756146538, "riesgo_alto_clase": 4, "ha": 39190.41, "b12_ha": 23954.67, "n3_ha": 14772.15, "n4_ha": 489.15, "n5_ha": 0.0 }, "geometry": { "type": "MultiPolygon", "coordinates": [ [ [ [ -61.877979, -31.954465 ], [ -61.770195, -31.973756 ], [ -61.776491, -31.999219 ], [ -61.72258, -32.009054 ], [ -61.716112, -31.984029 ], [ -61.661948, -31.994072 ], [ -61.690198, -32.108361 ], [ -61.744628, -32.098503 ], [ -61.75607, -32.144369 ], [ -61.970708, -32.105514 ], [ -61.97083, -32.099848 ], [ -61.949265, -32.01394 ], [ -61.895148, -32.023659 ], [ -61.877979, -31.954465 ] ] ] ] } },
{ "type": "Feature", "properties": { "fid": 146, "DISTRITO": "1212", "NOMBRE1": "Casas", "riesgo_median": 2.0, "riesgo_ponderado": 2.1879692984615153, "pct_n4_n5": 0.21734932277131747, "riesgo_alto_clase": 3, "ha": 23721.38, "b12_ha": 18511.29, "n3_ha": 5205.24, "n4_ha": 51.66, "n5_ha": 0.0 }, "geometry": { "type": "MultiPolygon", "coordinates": [ [ [ [ -61.701319, -32.153207 ], [ -61.682723, -32.077791 ], [ -61.460111, -32.118826 ], [ -61.479361, -32.194077 ], [ -61.502022, -32.189883 ], [ -61.525758, -32.281771 ], [ -61.579634, -32.271956 ], [ -61.556012, -32.18002 ], [ -61.701319, -32.153207 ] ] ] ] } },
{ "type": "Feature", "properties": { "fid": 147, "DISTRITO": "1215", "NOMBRE1": "El Trebol", "riesgo_median": 2.0, "riesgo_ponderado": 2.1678646449588483, "pct_n4_n5": 0.44305216027020972, "riesgo_alto_clase": 3, "ha": 34525.27, "b12_ha": 26117.19, "n3_ha": 8262.99, "n4_ha": 153.0, "n5_ha": 0.0 }, "geometry": { "type": "MultiPolygon", "coordinates": [ [ [ [ -61.744628, -32.098503 ], [ -61.690198, -32.108361 ], [ -61.701319, -32.153207 ], [ -61.556012, -32.18002 ], [ -61.581271, -32.278164 ], [ -61.726271, -32.25171 ], [ -61.748249, -32.336995 ], [ -61.801835, -32.327299 ], [ -61.778244, -32.236295 ], [ -61.83235, -32.226595 ], [ -61.810007, -32.134591 ], [ -61.75607, -32.144369 ], [ -61.744628, -32.098503 ] ] ] ] } },
{ "type": "Feature", "properties": { "fid": 148, "DISTRITO": "1217", "NOMBRE1": "Maria Susana", "riesgo_median": 2.0, "riesgo_ponderado": 2.3172389533782503, "pct_n4_n5": 1.3588765321860539, "riesgo_alto_clase": 4, "ha": 33239.05, "b12_ha": 22570.11, "n3_ha": 10239.21, "n4_ha": 451.98, "n5_ha": 0.0 }, "geometry": { "type": "MultiPolygon", "coordinates": [ [ [ [ -61.778244, -32.236295 ], [ -61.801835, -32.327299 ], [ -61.912426, -32.307228 ], [ -61.903746, -32.32747 ], [ -62.012009, -32.345447 ], [ -62.030469, -32.285514 ], [ -62.0352, -32.266501 ], [ -62.037724, -32.261938 ], [ -62.042721, -32.257582 ], [ -62.127029, -32.209047 ], [ -62.142699, -32.195224 ], [ -62.171866, -32.166005 ], [ -62.125332, -32.17416 ], [ -62.090326, -32.209131 ], [ -62.040261, -32.237194 ], [ -61.952232, -32.252222 ], [ -61.929275, -32.159844 ], [ -61.925024, -32.161853 ], [ -61.820933, -32.18072 ], [ -61.83235, -32.226595 ], [ -61.778244, -32.236295 ] ] ] ] } },
{ "type": "Feature", "properties": { "fid": 149, "DISTRITO": "1216", "NOMBRE1": "Piamonte", "riesgo_median": 2.0, "riesgo_ponderado": 2.2436195917837316, "pct_n4_n5": 0.2882372310674749, "riesgo_alto_clase": 3, "ha": 38786.72, "b12_ha": 28193.13, "n3_ha": 10506.78, "n4_ha": 111.87, "n5_ha": 0.0 }, "geometry": { "type": "MultiPolygon", "coordinates": [ [ [ [ -62.182516, -32.066485 ], [ -61.810003, -32.134684 ], [ -61.821542, -32.18061 ], [ -61.925024, -32.161853 ], [ -61.929275, -32.159844 ], [ -61.952232, -32.252222 ], [ -62.040261, -32.237194 ], [ -62.090326, -32.209131 ], [ -62.125332, -32.17416 ], [ -62.171866, -32.166005 ], [ -62.180037, -32.156561 ], [ -62.196053, -32.11587 ], [ -62.196073, -32.112216 ], [ -62.182516, -32.066485 ] ] ] ] } },
{ "type": "Feature", "properties": { "fid": 150, "DISTRITO": "1214", "NOMBRE1": "Los Cardos", "riesgo_median": 2.0, "riesgo_ponderado": 2.1559304495648477, "pct_n4_n5": 0.059868068515678413, "riesgo_alto_clase": 3, "ha": 24312.77, "b12_ha": 19117.53, "n3_ha": 5221.44, "n4_ha": 14.58, "n5_ha": 0.0 }, "geometry": { "type": "MultiPolygon", "coordinates": [ [ [ [ -61.579634, -32.271956 ], [ -61.471862, -32.291686 ], [ -61.495212, -32.38327 ], [ -61.748249, -32.336995 ], [ -61.726271, -32.25171 ], [ -61.581271, -32.278164 ], [ -61.579634, -32.271956 ] ] ] ] } },
{ "type": "Feature", "properties": { "fid": 151, "DISTRITO": "1213", "NOMBRE1": "Las Bandurrias", "riesgo_median": 2.0, "riesgo_ponderado": 2.0507588038683973, "pct_n4_n5": 0.0, "riesgo_alto_clase": 1, "ha": 24239.13, "b12_ha": 22467.24, "n3_ha": 1793.97, "n4_ha": 0.0, "n5_ha": 0.0 }, "geometry": { "type": "MultiPolygon", "coordinates": [ [ [ [ -61.497879, -32.112133 ], [ -61.476978, -32.028005 ], [ -61.46355, -32.03074 ], [ -61.463667, -32.031213 ], [ -61.390797, -32.044118 ], [ -61.365384, -32.043414 ], [ -61.355353, -32.082736 ], [ -61.369325, -32.135361 ], [ -61.372511, -32.134748 ], [ -61.391937, -32.21026 ], [ -61.448037, -32.19998 ], [ -61.471862, -32.291686 ], [ -61.525758, -32.281771 ], [ -61.502022, -32.189883 ], [ -61.479361, -32.194077 ], [ -61.460111, -32.118826 ], [ -61.497879, -32.112133 ] ] ] ] } },
{ "type": "Feature", "properties": { "fid": 152, "DISTRITO": "1122", "NOMBRE1": "Centeno", "riesgo_median": 2.0, "riesgo_ponderado": 2.3098642520836274, "pct_n4_n5": 0.22980519034022026, "riesgo_alto_clase": 3, "ha": 24891.7, "b12_ha": 16639.74, "n3_ha": 8172.0, "n4_ha": 57.15, "n5_ha": 0.0 }, "geometry": { "type": "MultiPolygon", "coordinates": [ [ [ [ -61.232652, -32.239579 ], [ -61.239107, -32.265337 ], [ -61.248655, -32.267108 ], [ -61.250996, -32.268834 ], [ -61.25991, -32.272506 ], [ -61.277473, -32.281766 ], [ -61.28754, -32.283472 ], [ -61.297085, -32.286081 ], [ -61.30577, -32.289764 ], [ -61.321182, -32.298509 ], [ -61.330532, -32.301983 ], [ -61.348196, -32.306973 ], [ -61.369825, -32.316703 ], [ -61.385147, -32.329234 ], [ -61.389439, -32.331068 ], [ -61.396623, -32.337391 ], [ -61.42156, -32.355861 ], [ -61.42197, -32.356871 ], [ -61.423451, -32.356612 ], [ -61.431574, -32.363023 ], [ -61.438616, -32.367316 ], [ -61.446115, -32.375057 ], [ -61.453944, -32.385126 ], [ -61.459696, -32.389779 ], [ -61.495212, -32.38327 ], [ -61.448037, -32.19998 ], [ -61.232652, -32.239579 ] ] ] ] } },
{ "type": "Feature", "properties": { "fid": 153, "DISTRITO": "1113", "NOMBRE1": "Bernardo de Irigoyen", "riesgo_median": 2.0, "riesgo_ponderado": 2.1591641496420673, "pct_n4_n5": 0.15815634884771801, "riesgo_alto_clase": 3, "ha": 30264.76, "b12_ha": 24935.85, "n3_ha": 5290.11, "n4_ha": 47.88, "n5_ha": 0.0 }, "geometry": { "type": "MultiPolygon", "coordinates": [ [ [ [ -61.165968, -32.251786 ], [ -61.391937, -32.21026 ], [ -61.372511, -32.134748 ], [ -61.369325, -32.135361 ], [ -61.356902, -32.089037 ], [ -61.293627, -32.101112 ], [ -61.289785, -32.087216 ], [ -61.180088, -32.110365 ], [ -61.169181, -32.141781 ], [ -61.142361, -32.146783 ], [ -61.152797, -32.187709 ], [ -61.143747, -32.214 ], [ -61.152659, -32.212382 ], [ -61.159263, -32.213189 ], [ -61.157909, -32.20763 ], [ -61.164923, -32.206311 ], [ -61.167431, -32.214211 ], [ -61.179501, -32.215518 ], [ -61.165968, -32.251786 ] ] ] ] } },
{ "type": "Feature", "properties": { "fid": 154, "DISTRITO": "1108", "NOMBRE1": "Galvez", "riesgo_median": 2.0, "riesgo_ponderado": 2.1311167318157431, "pct_n4_n5": 0.13612324672338472, "riesgo_alto_clase": 3, "ha": 29340.58, "b12_ha": 23797.35, "n3_ha": 5518.44, "n4_ha": 39.96, "n5_ha": 0.0 }, "geometry": { "type": "MultiPolygon", "coordinates": [ [ [ [ -61.245663, -31.973801 ], [ -61.245458, -31.972725 ], [ -61.208148, -31.978762 ], [ -61.197729, -31.980553 ], [ -61.198619, -31.982406 ], [ -61.196693, -31.981508 ], [ -61.11485, -31.996097 ], [ -61.114337, -31.994092 ], [ -61.081093, -31.999492 ], [ -61.106393, -32.051848 ], [ -61.144811, -32.04507 ], [ -61.139466, -32.099857 ], [ -61.130536, -32.101462 ], [ -61.139066, -32.11888 ], [ -61.289785, -32.087216 ], [ -61.293627, -32.101112 ], [ -61.356902, -32.089037 ], [ -61.355353, -32.082736 ], [ -61.361536, -32.059847 ], [ -61.378048, -31.989124 ], [ -61.249755, -31.996182 ], [ -61.252546, -31.992431 ], [ -61.24794, -31.973413 ], [ -61.245663, -31.973801 ] ] ] ] } },
{ "type": "Feature", "properties": { "fid": 155, "DISTRITO": "0934", "NOMBRE1": "Sta_Clara B._Vista", "riesgo_median": 2.0, "riesgo_ponderado": 2.1541147716676661, "pct_n4_n5": 0.019192586566208477, "riesgo_alto_clase": 2, "ha": 53006.18, "b12_ha": 43505.1, "n3_ha": 9473.94, "n4_ha": 10.17, "n5_ha": 0.0 }, "geometry": { "type": "MultiPolygon", "coordinates": [ [ [ [ -61.530258, -31.731864 ], [ -61.369087, -31.759585 ], [ -61.348787, -31.674308 ], [ -61.346336, -31.682451 ], [ -61.345038, -31.684355 ], [ -61.343292, -31.686076 ], [ -61.339327, -31.68802 ], [ -61.258025, -31.699753 ], [ -61.247942, -31.700539 ], [ -61.143812, -31.722655 ], [ -61.141839, -31.723566 ], [ -61.183366, -31.882407 ], [ -61.184391, -31.881602 ], [ -61.185048, -31.875285 ], [ -61.187508, -31.871304 ], [ -61.193595, -31.864996 ], [ -61.195207, -31.85616 ], [ -61.196704, -31.855655 ], [ -61.195941, -31.851824 ], [ -61.300783, -31.831886 ], [ -61.298304, -31.840156 ], [ -61.354721, -31.829824 ], [ -61.363424, -31.841126 ], [ -61.386495, -31.846419 ], [ -61.390012, -31.84667 ], [ -61.397577, -31.878373 ], [ -61.558834, -31.850153 ], [ -61.539062, -31.76803 ], [ -61.541429, -31.767595 ], [ -61.535743, -31.742957 ], [ -61.53306, -31.743436 ], [ -61.530258, -31.731864 ] ] ] ] } },
{ "type": "Feature", "properties": { "fid": 156, "DISTRITO": "1101", "NOMBRE1": "Lopez", "riesgo_median": 2.0, "riesgo_ponderado": 2.2150840606511184, "pct_n4_n5": 0.27489176136896099, "riesgo_alto_clase": 3, "ha": 14391.43, "b12_ha": 10431.36, "n3_ha": 3934.71, "n4_ha": 39.6, "n5_ha": 0.0 }, "geometry": { "type": "MultiPolygon", "coordinates": [ [ [ [ -61.233785, -31.936447 ], [ -61.359141, -31.912468 ], [ -61.347755, -31.866592 ], [ -61.392771, -31.857971 ], [ -61.390012, -31.84667 ], [ -61.386495, -31.846419 ], [ -61.363424, -31.841126 ], [ -61.354721, -31.829824 ], [ -61.298304, -31.840156 ], [ -61.300783, -31.831886 ], [ -61.195941, -31.851824 ], [ -61.196704, -31.855655 ], [ -61.195207, -31.85616 ], [ -61.193595, -31.864996 ], [ -61.187508, -31.871304 ], [ -61.185048, -31.875285 ], [ -61.184391, -31.881602 ], [ -61.182094, -31.883148 ], [ -61.180938, -31.886657 ], [ -61.178509, -31.88888 ], [ -61.176666, -31.889419 ], [ -61.176313, -31.891737 ], [ -61.17506, -31.893422 ], [ -61.172698, -31.894373 ], [ -61.171637, -31.899735 ], [ -61.216282, -31.891688 ], [ -61.217743, -31.89751 ], [ -61.225799, -31.896189 ], [ -61.22715, -31.90157 ], [ -61.224533, -31.902679 ], [ -61.233785, -31.936447 ] ] ] ] } },
{ "type": "Feature", "properties": { "fid": 157, "DISTRITO": "1107", "NOMBRE1": "Campo Piaggio", "riesgo_median": 2.0, "riesgo_ponderado": 2.4102626768205058, "pct_n4_n5": 1.2249127506280977, "riesgo_alto_clase": 4, "ha": 9204.15, "b12_ha": 5491.44, "n3_ha": 3602.16, "n4_ha": 112.77, "n5_ha": 0.0 }, "geometry": { "type": "MultiPolygon", "coordinates": [ [ [ [ -61.359141, -31.912468 ], [ -61.233785, -31.936447 ], [ -61.237983, -31.952257 ], [ -61.241261, -31.951672 ], [ -61.245663, -31.973801 ], [ -61.24794, -31.973413 ], [ -61.252546, -31.992431 ], [ -61.249755, -31.996182 ], [ -61.378048, -31.989124 ], [ -61.359141, -31.912468 ] ] ] ] } },
{ "type": "Feature", "properties": { "fid": 158, "DISTRITO": "0926", "NOMBRE1": "Franck", "riesgo_median": 2.0, "riesgo_ponderado": 2.4232314934055688, "pct_n4_n5": 0.45073049424930067, "riesgo_alto_clase": 3, "ha": 8105.45, "b12_ha": 4408.65, "n3_ha": 3661.65, "n4_ha": 36.54, "n5_ha": 0.0 }, "geometry": { "type": "MultiPolygon", "coordinates": [ [ [ [ -60.962812, -31.532036 ], [ -60.885078, -31.550775 ], [ -60.885391, -31.555833 ], [ -60.912723, -31.641569 ], [ -60.991676, -31.622965 ], [ -60.962812, -31.532036 ] ] ] ] } },
{ "type": "Feature", "properties": { "fid": 159, "DISTRITO": "0924", "NOMBRE1": "Las Tunas", "riesgo_median": 2.0, "riesgo_ponderado": 2.4464690486030229, "pct_n4_n5": 1.0143893000713828, "riesgo_alto_clase": 4, "ha": 7166.68, "b12_ha": 3959.82, "n3_ha": 3153.87, "n4_ha": 72.9, "n5_ha": 0.0 }, "geometry": { "type": "MultiPolygon", "coordinates": [ [ [ [ -61.000209, -31.524388 ], [ -60.963184, -31.533161 ], [ -60.991676, -31.622965 ], [ -61.062051, -31.606349 ], [ -61.032672, -31.515252 ], [ -60.99972, -31.522824 ], [ -61.000209, -31.524388 ] ] ] ] } },
{ "type": "Feature", "properties": { "fid": 160, "DISTRITO": "1106", "NOMBRE1": "Loma Alta", "riesgo_median": 2.0, "riesgo_ponderado": 2.4011361922477503, "pct_n4_n5": 0.16992609722990298, "riesgo_alto_clase": 3, "ha": 8949.79, "b12_ha": 5186.7, "n3_ha": 3749.04, "n4_ha": 15.21, "n5_ha": 0.0 }, "geometry": { "type": "MultiPolygon", "coordinates": [ [ [ [ -61.237983, -31.952257 ], [ -61.224533, -31.902679 ], [ -61.22715, -31.90157 ], [ -61.225799, -31.896189 ], [ -61.217743, -31.89751 ], [ -61.216282, -31.891688 ], [ -61.167477, -31.900384 ], [ -61.160686, -31.902975 ], [ -61.155735, -31.905834 ], [ -61.153705, -31.905935 ], [ -61.152557, -31.907152 ], [ -61.149015, -31.907727 ], [ -61.147225, -31.910238 ], [ -61.165784, -31.942935 ], [ -61.103066, -31.956002 ], [ -61.105154, -31.964565 ], [ -61.111199, -31.963589 ], [ -61.115564, -31.982273 ], [ -61.111676, -31.982883 ], [ -61.11485, -31.996097 ], [ -61.196693, -31.981508 ], [ -61.198619, -31.982406 ], [ -61.197729, -31.980553 ], [ -61.245458, -31.972725 ], [ -61.241261, -31.951672 ], [ -61.237983, -31.952257 ] ] ] ] } },
{ "type": "Feature", "properties": { "fid": 161, "DISTRITO": "1102", "NOMBRE1": "Gessler", "riesgo_median": 3.0, "riesgo_ponderado": 2.5469406819243345, "pct_n4_n5": 0.77907519850537155, "riesgo_alto_clase": 4, "ha": 9620.29, "b12_ha": 4418.82, "n3_ha": 5140.62, "n4_ha": 75.06, "n5_ha": 0.0 }, "geometry": { "type": "MultiPolygon", "coordinates": [ [ [ [ -61.170204, -31.831358 ], [ -61.076264, -31.848158 ], [ -61.077797, -31.854653 ], [ -61.075587, -31.85505 ], [ -61.086048, -31.900905 ], [ -61.084191, -31.901229 ], [ -61.092067, -31.930209 ], [ -61.099899, -31.944395 ], [ -61.102801, -31.956057 ], [ -61.165784, -31.942935 ], [ -61.147225, -31.910238 ], [ -61.149015, -31.907727 ], [ -61.152557, -31.907152 ], [ -61.153705, -31.905935 ], [ -61.155735, -31.905834 ], [ -61.165095, -31.901219 ], [ -61.171637, -31.899735 ], [ -61.172698, -31.894373 ], [ -61.175311, -31.893145 ], [ -61.176666, -31.889419 ], [ -61.178509, -31.88888 ], [ -61.180621, -31.887037 ], [ -61.182094, -31.883148 ], [ -61.183366, -31.882407 ], [ -61.170204, -31.831358 ] ] ] ] } },
{ "type": "Feature", "properties": { "fid": 162, "DISTRITO": "0937", "NOMBRE1": "San Carlos Sur", "riesgo_median": 2.0, "riesgo_ponderado": 2.4387493201789958, "pct_n4_n5": 0.40264486150734202, "riesgo_alto_clase": 3, "ha": 9421.83, "b12_ha": 5079.42, "n3_ha": 4315.23, "n4_ha": 37.98, "n5_ha": 0.0 }, "geometry": { "type": "MultiPolygon", "coordinates": [ [ [ [ -61.145827, -31.738965 ], [ -61.053788, -31.755925 ], [ -61.076264, -31.848158 ], [ -61.170204, -31.831358 ], [ -61.145827, -31.738965 ] ] ] ] } },
{ "type": "Feature", "properties": { "fid": 163, "DISTRITO": "0933", "NOMBRE1": "San Mariano", "riesgo_median": 2.0, "riesgo_ponderado": 2.1330039083349117, "pct_n4_n5": 0.046486802913172982, "riesgo_alto_clase": 2, "ha": 26159.02, "b12_ha": 22458.15, "n3_ha": 3666.15, "n4_ha": 12.15, "n5_ha": 0.0 }, "geometry": { "type": "MultiPolygon", "coordinates": [ [ [ [ -61.530193, -31.731672 ], [ -61.501866, -31.612992 ], [ -61.3407, -31.640555 ], [ -61.256597, -31.651418 ], [ -61.237857, -31.653964 ], [ -61.237286, -31.654632 ], [ -61.247942, -31.700539 ], [ -61.258025, -31.699753 ], [ -61.339327, -31.68802 ], [ -61.343292, -31.686076 ], [ -61.345038, -31.684355 ], [ -61.346336, -31.682451 ], [ -61.348787, -31.674308 ], [ -61.369087, -31.759585 ], [ -61.530193, -31.731672 ] ] ] ] } },
{ "type": "Feature", "properties": { "fid": 164, "DISTRITO": "0932", "NOMBRE1": "Sa Pereyra", "riesgo_median": 2.0, "riesgo_ponderado": 2.1360285034393978, "pct_n4_n5": 0.14043665396668534, "riesgo_alto_clase": 3, "ha": 20788.26, "b12_ha": 17603.55, "n3_ha": 3131.1, "n4_ha": 29.16, "n5_ha": 0.0 }, "geometry": { "type": "MultiPolygon", "coordinates": [ [ [ [ -61.392617, -31.544263 ], [ -61.220881, -31.574037 ], [ -61.238832, -31.653073 ], [ -61.237857, -31.653964 ], [ -61.3407, -31.640555 ], [ -61.505042, -31.612223 ], [ -61.499347, -31.588348 ], [ -61.449987, -31.596967 ], [ -61.447057, -31.585434 ], [ -61.441973, -31.586309 ], [ -61.429254, -31.532877 ], [ -61.391593, -31.539293 ], [ -61.392617, -31.544263 ] ] ] ] } },
{ "type": "Feature", "properties": { "fid": 165, "DISTRITO": "0931", "NOMBRE1": "SanJer. del_Sauce", "riesgo_median": 2.0, "riesgo_ponderado": 2.2889169248247936, "pct_n4_n5": 0.26619460609143086, "riesgo_alto_clase": 3, "ha": 13625.64, "b12_ha": 9535.59, "n3_ha": 4053.51, "n4_ha": 36.27, "n5_ha": 0.0 }, "geometry": { "type": "MultiPolygon", "coordinates": [ [ [ [ -61.209745, -31.540266 ], [ -61.106273, -31.560077 ], [ -61.116892, -31.59356 ], [ -61.110085, -31.595007 ], [ -61.130075, -31.676302 ], [ -61.238471, -31.653654 ], [ -61.220881, -31.574037 ], [ -61.222898, -31.573415 ], [ -61.220118, -31.562906 ], [ -61.215811, -31.56367 ], [ -61.209745, -31.540266 ] ] ] ] } },
{ "type": "Feature", "properties": { "fid": 166, "DISTRITO": "0935", "NOMBRE1": "SanCarlos Centro", "riesgo_median": 2.0, "riesgo_ponderado": 2.2407337206693536, "pct_n4_n5": 0.14080257467565122, "riesgo_alto_clase": 3, "ha": 11608.39, "b12_ha": 8140.77, "n3_ha": 3476.16, "n4_ha": 16.38, "n5_ha": 0.0 }, "geometry": { "type": "MultiPolygon", "coordinates": [ [ [ [ -61.237857, -31.653964 ], [ -61.130075, -31.676302 ], [ -61.13095, -31.67994 ], [ -61.121966, -31.681561 ], [ -61.122782, -31.685276 ], [ -61.104246, -31.688294 ], [ -61.10336, -31.684941 ], [ -61.073465, -31.690454 ], [ -61.071704, -31.683967 ], [ -61.045802, -31.689104 ], [ -61.046125, -31.690821 ], [ -61.037544, -31.692547 ], [ -61.053788, -31.755925 ], [ -61.145827, -31.738965 ], [ -61.141839, -31.723566 ], [ -61.143812, -31.722655 ], [ -61.247942, -31.700539 ], [ -61.237286, -31.654632 ], [ -61.237857, -31.653964 ] ] ] ] } },
{ "type": "Feature", "properties": { "fid": 167, "DISTRITO": "0936", "NOMBRE1": "Matilde", "riesgo_median": 2.0, "riesgo_ponderado": 2.4796678056617862, "pct_n4_n5": 0.61400134265649864, "riesgo_alto_clase": 4, "ha": 11959.6, "b12_ha": 6175.35, "n3_ha": 5682.96, "n4_ha": 73.26, "n5_ha": 0.0 }, "geometry": { "type": "MultiPolygon", "coordinates": [ [ [ [ -61.076709, -31.850023 ], [ -61.041829, -31.708683 ], [ -61.000295, -31.718378 ], [ -61.002702, -31.727195 ], [ -61.000877, -31.727525 ], [ -60.997564, -31.730412 ], [ -60.994282, -31.730223 ], [ -60.992636, -31.731024 ], [ -60.989214, -31.736641 ], [ -60.982641, -31.7402 ], [ -60.981439, -31.742764 ], [ -60.978866, -31.744072 ], [ -60.978146, -31.743742 ], [ -60.975973, -31.746488 ], [ -60.973713, -31.747395 ], [ -60.97145, -31.749777 ], [ -60.967332, -31.751625 ], [ -60.966736, -31.753308 ], [ -60.962823, -31.756401 ], [ -60.972677, -31.776809 ], [ -60.993104, -31.864322 ], [ -61.076709, -31.850023 ] ] ] ] } },
{ "type": "Feature", "properties": { "fid": 168, "DISTRITO": "0929", "NOMBRE1": "San Agustin", "riesgo_median": 2.0, "riesgo_ponderado": 2.3434807718642272, "pct_n4_n5": 0.6769589835493609, "riesgo_alto_clase": 4, "ha": 15067.76, "b12_ha": 9702.99, "n3_ha": 5310.81, "n4_ha": 102.33, "n5_ha": 0.0 }, "geometry": { "type": "MultiPolygon", "coordinates": [ [ [ [ -61.017708, -31.616887 ], [ -60.864372, -31.652407 ], [ -60.869045, -31.670164 ], [ -60.860418, -31.671735 ], [ -60.867912, -31.674506 ], [ -60.874029, -31.678262 ], [ -60.875194, -31.682661 ], [ -60.878901, -31.682275 ], [ -60.880171, -31.683065 ], [ -60.880685, -31.682448 ], [ -60.904615, -31.697228 ], [ -60.90063, -31.697893 ], [ -60.903182, -31.703483 ], [ -60.904525, -31.710149 ], [ -60.907873, -31.709597 ], [ -60.914478, -31.737615 ], [ -60.949975, -31.729784 ], [ -60.962823, -31.756401 ], [ -60.966736, -31.753308 ], [ -60.967332, -31.751625 ], [ -60.97145, -31.749777 ], [ -60.973713, -31.747395 ], [ -60.975973, -31.746488 ], [ -60.978146, -31.743742 ], [ -60.978866, -31.744072 ], [ -60.981439, -31.742764 ], [ -60.982641, -31.7402 ], [ -60.989214, -31.736641 ], [ -60.992636, -31.731024 ], [ -60.994282, -31.730223 ], [ -60.997564, -31.730412 ], [ -61.000877, -31.727525 ], [ -61.002702, -31.727195 ], [ -61.000295, -31.718378 ], [ -61.041829, -31.708683 ], [ -61.028301, -31.654858 ], [ -61.027128, -31.655066 ], [ -61.017708, -31.616887 ] ] ] ] } },
{ "type": "Feature", "properties": { "fid": 169, "DISTRITO": "0930", "NOMBRE1": "SanCarlos Nte", "riesgo_median": 3.0, "riesgo_ponderado": 2.5745249793469283, "pct_n4_n5": 0.33262315752858823, "riesgo_alto_clase": 3, "ha": 8296.69, "b12_ha": 3500.91, "n3_ha": 4751.19, "n4_ha": 27.54, "n5_ha": 0.0 }, "geometry": { "type": "MultiPolygon", "coordinates": [ [ [ [ -61.13095, -31.67994 ], [ -61.110085, -31.595007 ], [ -61.017708, -31.616887 ], [ -61.027128, -31.655066 ], [ -61.028301, -31.654858 ], [ -61.037544, -31.692547 ], [ -61.046125, -31.690821 ], [ -61.045802, -31.689104 ], [ -61.071704, -31.683967 ], [ -61.073465, -31.690454 ], [ -61.10336, -31.684941 ], [ -61.104246, -31.688294 ], [ -61.122782, -31.685276 ], [ -61.121966, -31.681561 ], [ -61.13095, -31.67994 ] ] ] ] } },
{ "type": "Feature", "properties": { "fid": 170, "DISTRITO": "1119", "NOMBRE1": "Estacion Diaz", "riesgo_median": 2.0, "riesgo_ponderado": 2.1304239000232421, "pct_n4_n5": 0.09877889617935745, "riesgo_alto_clase": 3, "ha": 20129.91, "b12_ha": 16576.92, "n3_ha": 3539.07, "n4_ha": 19.89, "n5_ha": 0.0 }, "geometry": { "type": "MultiPolygon", "coordinates": [ [ [ [ -61.058063, -32.31714 ], [ -61.049855, -32.317872 ], [ -61.030126, -32.353558 ], [ -61.029552, -32.357467 ], [ -61.022851, -32.368299 ], [ -61.010132, -32.371544 ], [ -61.004571, -32.378931 ], [ -60.977035, -32.393551 ], [ -60.966968, -32.394899 ], [ -60.968686, -32.395928 ], [ -60.968896, -32.397309 ], [ -60.970859, -32.399297 ], [ -60.972482, -32.399519 ], [ -60.976476, -32.402528 ], [ -60.980051, -32.403814 ], [ -60.98138, -32.405219 ], [ -60.981037, -32.406997 ], [ -60.983962, -32.410269 ], [ -60.983992, -32.412304 ], [ -60.986247, -32.415801 ], [ -60.984802, -32.419184 ], [ -60.987115, -32.421323 ], [ -60.984791, -32.423854 ], [ -60.983639, -32.428201 ], [ -60.986296, -32.432379 ], [ -60.986376, -32.434831 ], [ -60.992588, -32.440564 ], [ -60.993877, -32.443164 ], [ -60.996534, -32.443675 ], [ -61.00025, -32.445847 ], [ -61.003172, -32.448761 ], [ -61.007203, -32.448835 ], [ -61.012133, -32.452143 ], [ -61.01401, -32.451613 ], [ -61.016821, -32.452583 ], [ -61.059031, -32.447678 ], [ -61.12113, -32.439405 ], [ -61.149972, -32.388731 ], [ -61.138926, -32.343388 ], [ -61.141369, -32.334108 ], [ -61.147956, -32.328041 ], [ -61.150307, -32.322206 ], [ -61.151167, -32.317333 ], [ -61.155517, -32.309904 ], [ -61.1545, -32.307059 ], [ -61.15482, -32.305235 ], [ -61.161743, -32.288832 ], [ -61.161907, -32.287949 ], [ -61.152513, -32.289631 ], [ -61.155245, -32.28171 ], [ -61.118382, -32.288429 ], [ -61.116046, -32.295215 ], [ -61.098486, -32.298607 ], [ -61.09908, -32.296963 ], [ -61.071714, -32.302386 ], [ -61.06957, -32.308368 ], [ -61.066649, -32.308189 ], [ -61.066077, -32.312462 ], [ -61.058063, -32.31714 ] ] ] ] } },
{ "type": "Feature", "properties": { "fid": 171, "DISTRITO": "1115", "NOMBRE1": "Barrancas", "riesgo_median": 2.0, "riesgo_ponderado": 2.2344277210736783, "pct_n4_n5": 0.12371052233607113, "riesgo_alto_clase": 3, "ha": 36386.76, "b12_ha": 26685.09, "n3_ha": 9572.49, "n4_ha": 44.91, "n5_ha": 0.0 }, "geometry": { "type": "MultiPolygon", "coordinates": [ [ [ [ -61.072876, -32.221912 ], [ -61.062934, -32.223769 ], [ -61.061896, -32.219939 ], [ -61.046054, -32.222834 ], [ -61.043872, -32.21402 ], [ -61.044689, -32.213494 ], [ -61.03577, -32.177505 ], [ -61.029118, -32.180633 ], [ -60.915238, -32.201664 ], [ -60.914853, -32.203931 ], [ -60.918204, -32.207183 ], [ -60.918452, -32.208991 ], [ -60.910712, -32.21209 ], [ -60.904658, -32.211194 ], [ -60.902644, -32.209827 ], [ -60.90022, -32.205765 ], [ -60.897777, -32.205244 ], [ -60.895358, -32.207828 ], [ -60.894328, -32.213802 ], [ -60.890496, -32.219041 ], [ -60.883023, -32.224413 ], [ -60.875827, -32.227629 ], [ -60.870953, -32.230735 ], [ -60.871552, -32.223935 ], [ -60.870486, -32.223519 ], [ -60.867483, -32.22493 ], [ -60.86628, -32.221676 ], [ -60.867743, -32.222434 ], [ -60.868393, -32.221398 ], [ -60.864002, -32.214437 ], [ -60.864008, -32.212878 ], [ -60.862609, -32.213048 ], [ -60.857924, -32.215968 ], [ -60.85507, -32.214543 ], [ -60.853697, -32.212882 ], [ -60.853528, -32.207686 ], [ -60.847244, -32.207163 ], [ -60.843037, -32.204926 ], [ -60.845402, -32.203535 ], [ -60.844888, -32.199333 ], [ -60.844108, -32.197316 ], [ -60.839982, -32.193461 ], [ -60.839572, -32.190229 ], [ -60.835001, -32.189774 ], [ -60.831686, -32.191332 ], [ -60.829796, -32.19272 ], [ -60.828875, -32.196042 ], [ -60.826584, -32.195248 ], [ -60.825425, -32.193314 ], [ -60.825601, -32.191696 ], [ -60.824168, -32.191058 ], [ -60.817063, -32.194339 ], [ -60.81316, -32.194041 ], [ -60.812505, -32.195339 ], [ -60.813755, -32.198324 ], [ -60.817356, -32.196487 ], [ -60.818969, -32.198344 ], [ -60.822088, -32.197397 ], [ -60.823705, -32.198464 ], [ -60.825272, -32.202923 ], [ -60.82991, -32.204616 ], [ -60.831636, -32.212161 ], [ -60.830218, -32.218174 ], [ -60.829147, -32.218923 ], [ -60.82475, -32.21672 ], [ -60.824883, -32.216152 ], [ -60.828021, -32.215669 ], [ -60.828114, -32.215047 ], [ -60.826484, -32.214206 ], [ -60.825757, -32.211403 ], [ -60.823578, -32.211734 ], [ -60.821086, -32.213502 ], [ -60.819168, -32.212911 ], [ -60.819303, -32.210421 ], [ -60.816767, -32.209415 ], [ -60.817362, -32.206466 ], [ -60.813659, -32.206627 ], [ -60.813371, -32.208664 ], [ -60.812378, -32.209453 ], [ -60.811203, -32.209314 ], [ -60.810183, -32.205088 ], [ -60.806239, -32.204138 ], [ -60.805109, -32.204162 ], [ -60.804292, -32.205116 ], [ -60.803592, -32.20787 ], [ -60.800789, -32.206428 ], [ -60.798994, -32.206679 ], [ -60.797207, -32.207634 ], [ -60.797078, -32.209617 ], [ -60.783058, -32.217226 ], [ -60.783196, -32.218336 ], [ -60.787225, -32.220077 ], [ -60.78305, -32.226378 ], [ -60.784251, -32.232706 ], [ -60.78612, -32.233242 ], [ -60.786774, -32.234274 ], [ -60.786428, -32.235738 ], [ -60.784069, -32.236484 ], [ -60.78381, -32.239714 ], [ -60.786768, -32.241949 ], [ -60.786928, -32.243898 ], [ -60.785003, -32.245128 ], [ -60.779547, -32.244248 ], [ -60.779555, -32.245923 ], [ -60.781365, -32.248719 ], [ -60.781936, -32.252812 ], [ -60.780695, -32.253882 ], [ -60.776037, -32.252165 ], [ -60.775235, -32.252398 ], [ -60.775254, -32.254598 ], [ -60.775624, -32.256037 ], [ -60.77858, -32.257157 ], [ -60.786135, -32.253165 ], [ -60.787664, -32.254445 ], [ -60.784835, -32.257725 ], [ -60.781816, -32.259716 ], [ -60.775738, -32.258995 ], [ -60.776122, -32.262179 ], [ -60.773707, -32.262201 ], [ -60.770112, -32.260398 ], [ -60.766559, -32.263461 ], [ -60.764273, -32.264083 ], [ -60.762626, -32.263971 ], [ -60.761829, -32.262821 ], [ -60.761549, -32.255098 ], [ -60.758677, -32.25396 ], [ -60.756938, -32.251477 ], [ -60.754008, -32.249753 ], [ -60.754, -32.248829 ], [ -60.756848, -32.24646 ], [ -60.756328, -32.243354 ], [ -60.749712, -32.244486 ], [ -60.740501, -32.24244 ], [ -60.741546, -32.237308 ], [ -60.740524, -32.233114 ], [ -60.741297, -32.231009 ], [ -60.739709, -32.230178 ], [ -60.738408, -32.228253 ], [ -60.73768, -32.22372 ], [ -60.739051, -32.2222 ], [ -60.738447, -32.220859 ], [ -60.743863, -32.218307 ], [ -60.743745, -32.215871 ], [ -60.73769, -32.212798 ], [ -60.733096, -32.21451 ], [ -60.731572, -32.21297 ], [ -60.731638, -32.210061 ], [ -60.728911, -32.208112 ], [ -60.723736, -32.210526 ], [ -60.717253, -32.215688 ], [ -60.714495, -32.216964 ], [ -60.700779, -32.19249 ], [ -60.697763, -32.191291 ], [ -60.689092, -32.200514 ], [ -60.677161, -32.208323 ], [ -60.670221, -32.215723 ], [ -60.66652, -32.218473 ], [ -60.663316, -32.224057 ], [ -60.662336, -32.230819 ], [ -60.66422, -32.238804 ], [ -60.67124, -32.24955 ], [ -60.680616, -32.242394 ], [ -60.691401, -32.251776 ], [ -60.694246, -32.252146 ], [ -60.700633, -32.250908 ], [ -60.70454, -32.251627 ], [ -60.709264, -32.253777 ], [ -60.711613, -32.255897 ], [ -60.712841, -32.262391 ], [ -60.714717, -32.266253 ], [ -60.725899, -32.278914 ], [ -60.734079, -32.292235 ], [ -60.737656, -32.295996 ], [ -60.741589, -32.296133 ], [ -60.749029, -32.293672 ], [ -60.750963, -32.291878 ], [ -60.754254, -32.290967 ], [ -60.759353, -32.291064 ], [ -60.757286, -32.29496 ], [ -60.769709, -32.293073 ], [ -60.770569, -32.293793 ], [ -60.771196, -32.300679 ], [ -60.770461, -32.303504 ], [ -60.772984, -32.304617 ], [ -60.776243, -32.303187 ], [ -60.777668, -32.3035 ], [ -60.778266, -32.306881 ], [ -60.779361, -32.307433 ], [ -60.780476, -32.306344 ], [ -60.782522, -32.308814 ], [ -60.787336, -32.308425 ], [ -60.787392, -32.314912 ], [ -60.786265, -32.316814 ], [ -60.78876, -32.319618 ], [ -60.792574, -32.31792 ], [ -60.794496, -32.315384 ], [ -60.801119, -32.315342 ], [ -60.80332, -32.314595 ], [ -60.808329, -32.316519 ], [ -60.815397, -32.312479 ], [ -60.821811, -32.310482 ], [ -60.826868, -32.307188 ], [ -60.836556, -32.306391 ], [ -60.84077, -32.305385 ], [ -60.844901, -32.305765 ], [ -60.846979, -32.302165 ], [ -60.850319, -32.300577 ], [ -60.851836, -32.301125 ], [ -60.853342, -32.300557 ], [ -60.85344, -32.297041 ], [ -60.85775, -32.294166 ], [ -60.860439, -32.293645 ], [ -60.86386, -32.294068 ], [ -60.867355, -32.295383 ], [ -60.876782, -32.291803 ], [ -60.885255, -32.284769 ], [ -60.88809, -32.279057 ], [ -60.887878, -32.277552 ], [ -60.882656, -32.269255 ], [ -60.88304, -32.267147 ], [ -60.88619, -32.263609 ], [ -60.89167, -32.271008 ], [ -60.902532, -32.278847 ], [ -60.904272, -32.282656 ], [ -61.009099, -32.322044 ], [ -61.058063, -32.31714 ], [ -61.066077, -32.312462 ], [ -61.067268, -32.294191 ], [ -61.062236, -32.260661 ], [ -61.065389, -32.256953 ], [ -61.069094, -32.231889 ], [ -61.070691, -32.227139 ], [ -61.069401, -32.227327 ], [ -61.072876, -32.221912 ] ] ] ] } },
{ "type": "Feature", "properties": { "fid": 172, "DISTRITO": "1116", "NOMBRE1": "Monje", "riesgo_median": 2.0, "riesgo_ponderado": 2.2753595531595541, "pct_n4_n5": 0.18789611400009543, "riesgo_alto_clase": 3, "ha": 24546.48, "b12_ha": 17004.15, "n3_ha": 7473.96, "n4_ha": 46.08, "n5_ha": 0.0 }, "geometry": { "type": "MultiPolygon", "coordinates": [ [ [ [ -60.680616, -32.242394 ], [ -60.67124, -32.24955 ], [ -60.680287, -32.269062 ], [ -60.684575, -32.282513 ], [ -60.682028, -32.293049 ], [ -60.674788, -32.308249 ], [ -60.674569, -32.310695 ], [ -60.676834, -32.318847 ], [ -60.680927, -32.322085 ], [ -60.687346, -32.323898 ], [ -60.694912, -32.32462 ], [ -60.710972, -32.323642 ], [ -60.72043, -32.325694 ], [ -60.72512, -32.328311 ], [ -60.729753, -32.332675 ], [ -60.733334, -32.337456 ], [ -60.735242, -32.342021 ], [ -60.735617, -32.345757 ], [ -60.734904, -32.349274 ], [ -60.729224, -32.358068 ], [ -60.725726, -32.360888 ], [ -60.71571, -32.366187 ], [ -60.712794, -32.369306 ], [ -60.712502, -32.371569 ], [ -60.716134, -32.386524 ], [ -60.727706, -32.385769 ], [ -60.734957, -32.384513 ], [ -60.746416, -32.378871 ], [ -60.756584, -32.368103 ], [ -60.766056, -32.35521 ], [ -60.76796, -32.349269 ], [ -60.767217, -32.342054 ], [ -60.768657, -32.341685 ], [ -60.769795, -32.339758 ], [ -60.772523, -32.340329 ], [ -60.772679, -32.342366 ], [ -60.776388, -32.344224 ], [ -60.780778, -32.350075 ], [ -60.786893, -32.352427 ], [ -60.791782, -32.353443 ], [ -60.793777, -32.352894 ], [ -60.795745, -32.351 ], [ -60.795686, -32.346792 ], [ -60.801838, -32.350862 ], [ -60.812347, -32.351834 ], [ -60.814073, -32.350957 ], [ -60.816084, -32.347959 ], [ -60.825997, -32.339415 ], [ -60.827032, -32.339167 ], [ -60.831512, -32.34191 ], [ -60.83527, -32.341633 ], [ -60.842437, -32.335285 ], [ -60.856061, -32.331664 ], [ -60.871233, -32.324419 ], [ -60.876338, -32.326867 ], [ -60.870215, -32.331593 ], [ -60.875137, -32.334947 ], [ -60.877745, -32.337857 ], [ -60.877776, -32.341065 ], [ -60.880215, -32.349681 ], [ -60.884301, -32.355296 ], [ -60.885714, -32.359126 ], [ -60.887975, -32.360912 ], [ -60.892375, -32.368201 ], [ -60.895962, -32.377815 ], [ -60.898099, -32.379428 ], [ -60.9034, -32.382601 ], [ -60.908319, -32.38392 ], [ -60.91081, -32.38574 ], [ -60.911224, -32.387225 ], [ -60.91891, -32.391987 ], [ -60.925698, -32.390533 ], [ -60.930106, -32.391316 ], [ -60.938217, -32.390539 ], [ -60.949896, -32.397922 ], [ -60.953786, -32.397667 ], [ -60.961334, -32.393326 ], [ -60.963312, -32.393253 ], [ -60.967182, -32.394916 ], [ -60.970208, -32.394036 ], [ -60.97638, -32.393808 ], [ -61.004571, -32.378931 ], [ -61.010132, -32.371544 ], [ -61.022851, -32.368299 ], [ -61.029552, -32.357467 ], [ -61.030126, -32.353558 ], [ -61.049855, -32.317872 ], [ -61.009099, -32.322044 ], [ -60.904272, -32.282656 ], [ -60.902532, -32.278847 ], [ -60.89167, -32.271008 ], [ -60.88619, -32.263609 ], [ -60.88304, -32.267147 ], [ -60.882656, -32.269255 ], [ -60.887878, -32.277552 ], [ -60.88809, -32.279057 ], [ -60.885255, -32.284769 ], [ -60.876782, -32.291803 ], [ -60.867355, -32.295383 ], [ -60.86386, -32.294068 ], [ -60.860439, -32.293645 ], [ -60.85775, -32.294166 ], [ -60.85344, -32.297041 ], [ -60.853342, -32.300557 ], [ -60.851836, -32.301125 ], [ -60.850319, -32.300577 ], [ -60.846979, -32.302165 ], [ -60.844901, -32.305765 ], [ -60.84077, -32.305385 ], [ -60.836556, -32.306391 ], [ -60.826868, -32.307188 ], [ -60.821811, -32.310482 ], [ -60.815397, -32.312479 ], [ -60.808329, -32.316519 ], [ -60.80332, -32.314595 ], [ -60.801119, -32.315342 ], [ -60.794496, -32.315384 ], [ -60.792574, -32.31792 ], [ -60.78876, -32.319618 ], [ -60.786265, -32.316814 ], [ -60.787392, -32.314912 ], [ -60.787336, -32.308425 ], [ -60.782522, -32.308814 ], [ -60.780476, -32.306344 ], [ -60.779361, -32.307433 ], [ -60.778266, -32.306881 ], [ -60.777668, -32.3035 ], [ -60.776243, -32.303187 ], [ -60.772984, -32.304617 ], [ -60.770461, -32.303504 ], [ -60.771196, -32.300679 ], [ -60.770569, -32.293793 ], [ -60.769709, -32.293073 ], [ -60.757286, -32.29496 ], [ -60.759353, -32.291064 ], [ -60.754254, -32.290967 ], [ -60.750963, -32.291878 ], [ -60.749029, -32.293672 ], [ -60.741589, -32.296133 ], [ -60.737656, -32.295996 ], [ -60.734079, -32.292235 ], [ -60.725899, -32.278914 ], [ -60.714717, -32.266253 ], [ -60.712841, -32.262391 ], [ -60.711613, -32.255897 ], [ -60.709264, -32.253777 ], [ -60.70454, -32.251627 ], [ -60.700633, -32.250908 ], [ -60.694246, -32.252146 ], [ -60.691401, -32.251776 ], [ -60.680616, -32.242394 ] ] ] ] } },
{ "type": "Feature", "properties": { "fid": 173, "DISTRITO": "1118", "NOMBRE1": "Maciel", "riesgo_median": 2.0, "riesgo_ponderado": 2.2433421035744079, "pct_n4_n5": 0.43637297054482443, "riesgo_alto_clase": 3, "ha": 7029.77, "b12_ha": 4982.49, "n3_ha": 1999.26, "n4_ha": 30.6, "n5_ha": 0.0 }, "geometry": { "type": "MultiPolygon", "coordinates": [ [ [ [ -60.85822, -32.446498 ], [ -60.896687, -32.467468 ], [ -60.968887, -32.455784 ], [ -60.975525, -32.459303 ], [ -61.012077, -32.452117 ], [ -61.007203, -32.448835 ], [ -61.003172, -32.448761 ], [ -61.00025, -32.445847 ], [ -60.996534, -32.443675 ], [ -60.993877, -32.443164 ], [ -60.992588, -32.440564 ], [ -60.986376, -32.434831 ], [ -60.986296, -32.432379 ], [ -60.983639, -32.428201 ], [ -60.984791, -32.423854 ], [ -60.987115, -32.421323 ], [ -60.984802, -32.419184 ], [ -60.986247, -32.415801 ], [ -60.983992, -32.412304 ], [ -60.983962, -32.410269 ], [ -60.981037, -32.406997 ], [ -60.98138, -32.405219 ], [ -60.980051, -32.403814 ], [ -60.976476, -32.402528 ], [ -60.972482, -32.399519 ], [ -60.970859, -32.399297 ], [ -60.967694, -32.395191 ], [ -60.963312, -32.393253 ], [ -60.961334, -32.393326 ], [ -60.953786, -32.397667 ], [ -60.949896, -32.397922 ], [ -60.938217, -32.390539 ], [ -60.930106, -32.391316 ], [ -60.925698, -32.390533 ], [ -60.91891, -32.391987 ], [ -60.911224, -32.387225 ], [ -60.91081, -32.38574 ], [ -60.908651, -32.384344 ], [ -60.900881, -32.400037 ], [ -60.899568, -32.404794 ], [ -60.899504, -32.410068 ], [ -60.891061, -32.447702 ], [ -60.867081, -32.434837 ], [ -60.85822, -32.446498 ] ] ] ] } },
{ "type": "Feature", "properties": { "fid": 174, "DISTRITO": "1109", "NOMBRE1": "San Eugenio", "riesgo_median": 2.0, "riesgo_ponderado": 2.3496179711981973, "pct_n4_n5": 0.29224323087215243, "riesgo_alto_clase": 3, "ha": 5114.97, "b12_ha": 3297.96, "n3_ha": 1799.28, "n4_ha": 14.94, "n5_ha": 0.0 }, "geometry": { "type": "MultiPolygon", "coordinates": [ [ [ [ -61.144811, -32.04507 ], [ -61.045385, -32.062733 ], [ -61.058071, -32.114626 ], [ -61.139466, -32.099857 ], [ -61.144811, -32.04507 ] ] ] ] } },
{ "type": "Feature", "properties": { "fid": 175, "DISTRITO": "1103", "NOMBRE1": "Larrechea", "riesgo_median": 2.0, "riesgo_ponderado": 2.4869192219485261, "pct_n4_n5": 0.41620657436507263, "riesgo_alto_clase": 3, "ha": 10603.13, "b12_ha": 5409.63, "n3_ha": 5141.97, "n4_ha": 44.1, "n5_ha": 0.0 }, "geometry": { "type": "MultiPolygon", "coordinates": [ [ [ [ -61.076709, -31.850023 ], [ -61.020625, -31.859685 ], [ -61.023827, -31.873575 ], [ -61.025416, -31.87329 ], [ -61.028993, -31.88892 ], [ -61.021051, -31.890221 ], [ -61.025861, -31.911023 ], [ -61.016403, -31.912643 ], [ -61.027001, -31.951797 ], [ -61.019216, -31.953421 ], [ -61.027425, -31.983523 ], [ -61.029457, -31.983181 ], [ -61.031333, -31.991629 ], [ -61.033349, -31.991305 ], [ -61.035572, -32.001224 ], [ -61.040283, -32.00034 ], [ -61.044735, -31.997894 ], [ -61.053375, -31.997471 ], [ -61.055738, -31.99652 ], [ -61.060929, -31.996745 ], [ -61.063317, -32.001774 ], [ -61.114337, -31.994092 ], [ -61.111676, -31.982883 ], [ -61.115564, -31.982273 ], [ -61.111199, -31.963589 ], [ -61.105154, -31.964565 ], [ -61.099899, -31.944395 ], [ -61.092067, -31.930209 ], [ -61.084191, -31.901229 ], [ -61.086048, -31.900905 ], [ -61.075587, -31.85505 ], [ -61.077797, -31.854653 ], [ -61.076709, -31.850023 ] ] ] ] } },
{ "type": "Feature", "properties": { "fid": 176, "DISTRITO": "1013", "NOMBRE1": "Sauce Viejo", "riesgo_median": 2.0, "riesgo_ponderado": 2.1345256831145893, "pct_n4_n5": 0.0, "riesgo_alto_clase": 1, "ha": 52055.84, "b12_ha": 41033.07, "n3_ha": 9519.21, "n4_ha": 0.0, "n5_ha": 0.0 }, "geometry": { "type": "MultiPolygon", "coordinates": [ [ [ [ -60.858524, -31.67103 ], [ -60.863553, -31.68146 ], [ -60.796202, -31.693623 ], [ -60.795307, -31.691929 ], [ -60.760057, -31.698124 ], [ -60.76032, -31.6996 ], [ -60.758714, -31.705307 ], [ -60.75131, -31.703928 ], [ -60.629792, -31.744279 ], [ -60.634316, -31.766845 ], [ -60.639617, -31.778182 ], [ -60.646231, -31.784851 ], [ -60.667816, -31.799579 ], [ -60.670257, -31.803169 ], [ -60.669427, -31.813794 ], [ -60.662169, -31.847406 ], [ -60.649151, -31.888751 ], [ -60.64896, -31.89375 ], [ -60.650488, -31.899243 ], [ -60.65795, -31.911759 ], [ -60.671654, -31.924443 ], [ -60.677831, -31.932373 ], [ -60.705197, -31.94962 ], [ -60.71903, -31.96007 ], [ -60.722892, -31.966138 ], [ -60.722917, -31.971727 ], [ -60.726075, -31.967787 ], [ -60.73431, -31.943233 ], [ -60.746143, -31.918733 ], [ -60.747592, -31.908545 ], [ -60.736496, -31.88681 ], [ -60.735003, -31.881751 ], [ -60.735633, -31.877415 ], [ -60.731252, -31.865719 ], [ -60.741621, -31.866026 ], [ -60.746311, -31.86779 ], [ -60.748217, -31.869378 ], [ -60.749468, -31.876145 ], [ -60.753009, -31.878091 ], [ -60.755249, -31.875704 ], [ -60.757956, -31.874243 ], [ -60.762011, -31.869243 ], [ -60.770551, -31.871724 ], [ -60.777872, -31.876189 ], [ -60.780871, -31.877014 ], [ -60.785227, -31.876184 ], [ -60.785004, -31.874188 ], [ -60.786616, -31.872276 ], [ -60.789863, -31.872088 ], [ -60.798558, -31.873873 ], [ -60.812662, -31.880367 ], [ -60.819367, -31.882145 ], [ -60.826652, -31.880688 ], [ -60.827428, -31.878866 ], [ -60.830392, -31.876661 ], [ -60.833354, -31.87046 ], [ -60.83715, -31.867376 ], [ -60.836842, -31.85631 ], [ -60.840937, -31.853456 ], [ -60.837929, -31.852979 ], [ -60.83777, -31.851196 ], [ -60.834836, -31.84816 ], [ -60.831258, -31.849025 ], [ -60.830449, -31.848655 ], [ -60.829482, -31.846598 ], [ -60.830815, -31.842597 ], [ -60.829531, -31.841065 ], [ -60.829536, -31.838653 ], [ -60.828149, -31.83771 ], [ -60.830096, -31.836191 ], [ -60.829925, -31.835081 ], [ -60.82807, -31.833885 ], [ -60.830186, -31.831276 ], [ -60.83029, -31.829875 ], [ -60.829578, -31.828291 ], [ -60.827832, -31.827179 ], [ -60.831895, -31.825364 ], [ -60.829333, -31.822991 ], [ -60.834077, -31.818672 ], [ -60.835381, -31.811988 ], [ -60.833231, -31.809246 ], [ -60.832696, -31.805427 ], [ -60.829739, -31.798545 ], [ -60.826421, -31.796217 ], [ -60.820157, -31.793753 ], [ -60.819406, -31.792726 ], [ -60.819966, -31.791298 ], [ -60.82766, -31.788148 ], [ -60.829141, -31.786717 ], [ -60.832775, -31.78681 ], [ -60.835388, -31.790236 ], [ -60.837048, -31.795174 ], [ -60.845218, -31.805248 ], [ -60.848119, -31.813285 ], [ -60.853042, -31.821096 ], [ -60.97823, -31.800272 ], [ -60.972677, -31.776809 ], [ -60.949975, -31.729784 ], [ -60.914478, -31.737615 ], [ -60.907873, -31.709597 ], [ -60.904525, -31.710149 ], [ -60.903182, -31.703483 ], [ -60.90063, -31.697893 ], [ -60.904615, -31.697228 ], [ -60.880685, -31.682448 ], [ -60.880171, -31.683065 ], [ -60.878901, -31.682275 ], [ -60.875194, -31.682661 ], [ -60.874029, -31.678262 ], [ -60.867912, -31.674506 ], [ -60.858524, -31.67103 ] ] ] ] } },
{ "type": "Feature", "properties": { "fid": 177, "DISTRITO": "1011", "NOMBRE1": "Santa Fe", "riesgo_median": 2.0, "riesgo_ponderado": 1.9213249532678898, "pct_n4_n5": 0.0, "riesgo_alto_clase": 1, "ha": 32250.95, "b12_ha": 26352.54, "n3_ha": 5809.5, "n4_ha": 0.0, "n5_ha": 0.0 }, "geometry": { "type": "MultiPolygon", "coordinates": [ [ [ [ -60.629792, -31.744279 ], [ -60.75131, -31.703928 ], [ -60.746864, -31.702517 ], [ -60.743827, -31.700393 ], [ -60.744361, -31.691602 ], [ -60.746302, -31.6862 ], [ -60.745339, -31.684507 ], [ -60.745845, -31.683027 ], [ -60.748252, -31.68198 ], [ -60.751872, -31.681589 ], [ -60.752813, -31.680623 ], [ -60.752802, -31.67922 ], [ -60.751675, -31.678562 ], [ -60.747616, -31.677922 ], [ -60.748104, -31.673159 ], [ -60.752797, -31.667297 ], [ -60.755032, -31.665738 ], [ -60.756482, -31.663 ], [ -60.756393, -31.659147 ], [ -60.751496, -31.655682 ], [ -60.751456, -31.654919 ], [ -60.752389, -31.651604 ], [ -60.75803, -31.64597 ], [ -60.75805, -31.644358 ], [ -60.756815, -31.642866 ], [ -60.752548, -31.642609 ], [ -60.753177, -31.640667 ], [ -60.751836, -31.638469 ], [ -60.746749, -31.639008 ], [ -60.743937, -31.63662 ], [ -60.740939, -31.635917 ], [ -60.741096, -31.630683 ], [ -60.73844, -31.620898 ], [ -60.737838, -31.619968 ], [ -60.735153, -31.618965 ], [ -60.730747, -31.611466 ], [ -60.731885, -31.609056 ], [ -60.734256, -31.607939 ], [ -60.737017, -31.610214 ], [ -60.738871, -31.610599 ], [ -60.739553, -31.609096 ], [ -60.737952, -31.607154 ], [ -60.737607, -31.605402 ], [ -60.740896, -31.603347 ], [ -60.745092, -31.603238 ], [ -60.748129, -31.606925 ], [ -60.751404, -31.607245 ], [ -60.753341, -31.60565 ], [ -60.753148, -31.602229 ], [ -60.753956, -31.599961 ], [ -60.756745, -31.597512 ], [ -60.757929, -31.596826 ], [ -60.759155, -31.597187 ], [ -60.757967, -31.601465 ], [ -60.758896, -31.601912 ], [ -60.76122, -31.599168 ], [ -60.765271, -31.597475 ], [ -60.76439, -31.594878 ], [ -60.766687, -31.592885 ], [ -60.766734, -31.590509 ], [ -60.765207, -31.589655 ], [ -60.76299, -31.591337 ], [ -60.760556, -31.590729 ], [ -60.759594, -31.586195 ], [ -60.757307, -31.583168 ], [ -60.756912, -31.581374 ], [ -60.757726, -31.579842 ], [ -60.759328, -31.579833 ], [ -60.761651, -31.583142 ], [ -60.763673, -31.583922 ], [ -60.765187, -31.583135 ], [ -60.76566, -31.58046 ], [ -60.764585, -31.578232 ], [ -60.763524, -31.577729 ], [ -60.757869, -31.577112 ], [ -60.757193, -31.575221 ], [ -60.757962, -31.570238 ], [ -60.759279, -31.569764 ], [ -60.761729, -31.570343 ], [ -60.762385, -31.569773 ], [ -60.7609, -31.565921 ], [ -60.763115, -31.564077 ], [ -60.770729, -31.571053 ], [ -60.771384, -31.570398 ], [ -60.770265, -31.566869 ], [ -60.771608, -31.565504 ], [ -60.773527, -31.565831 ], [ -60.775378, -31.56995 ], [ -60.777081, -31.570166 ], [ -60.778034, -31.56905 ], [ -60.778089, -31.562777 ], [ -60.776001, -31.555959 ], [ -60.775044, -31.556036 ], [ -60.772898, -31.560107 ], [ -60.77199, -31.560226 ], [ -60.771377, -31.557925 ], [ -60.772536, -31.554269 ], [ -60.770916, -31.55418 ], [ -60.768169, -31.555427 ], [ -60.766553, -31.552905 ], [ -60.72924, -31.561637 ], [ -60.728637, -31.559324 ], [ -60.647866, -31.57856 ], [ -60.649711, -31.583717 ], [ -60.657297, -31.591167 ], [ -60.661285, -31.605026 ], [ -60.581338, -31.618923 ], [ -60.579954, -31.619364 ], [ -60.579708, -31.621033 ], [ -60.568294, -31.621667 ], [ -60.557897, -31.619936 ], [ -60.549414, -31.619899 ], [ -60.539306, -31.623052 ], [ -60.536038, -31.626694 ], [ -60.533323, -31.636333 ], [ -60.528799, -31.647755 ], [ -60.524502, -31.653401 ], [ -60.520775, -31.656813 ], [ -60.516005, -31.658657 ], [ -60.512078, -31.658527 ], [ -60.510369, -31.658169 ], [ -60.503261, -31.653745 ], [ -60.500018, -31.653685 ], [ -60.498078, -31.658072 ], [ -60.493916, -31.661884 ], [ -60.491444, -31.66255 ], [ -60.485553, -31.662208 ], [ -60.483168, -31.663166 ], [ -60.482408, -31.664701 ], [ -60.487378, -31.668478 ], [ -60.485334, -31.669289 ], [ -60.480383, -31.669308 ], [ -60.47696, -31.667642 ], [ -60.475089, -31.669036 ], [ -60.469542, -31.669421 ], [ -60.466385, -31.671929 ], [ -60.464459, -31.670551 ], [ -60.461385, -31.666214 ], [ -60.453555, -31.659864 ], [ -60.444733, -31.65859 ], [ -60.44252, -31.656714 ], [ -60.435392, -31.655144 ], [ -60.433188, -31.655006 ], [ -60.430989, -31.656028 ], [ -60.425416, -31.661086 ], [ -60.43675, -31.668334 ], [ -60.450785, -31.68509 ], [ -60.459463, -31.693107 ], [ -60.46551, -31.696751 ], [ -60.474831, -31.698856 ], [ -60.501524, -31.701196 ], [ -60.50683, -31.700331 ], [ -60.518569, -31.696395 ], [ -60.523976, -31.695872 ], [ -60.540126, -31.697759 ], [ -60.569305, -31.704199 ], [ -60.593253, -31.713199 ], [ -60.610601, -31.72267 ], [ -60.623443, -31.732884 ], [ -60.626991, -31.73794 ], [ -60.629792, -31.744279 ] ] ] ] } },
{ "type": "Feature", "properties": { "fid": 178, "DISTRITO": "1012", "NOMBRE1": "Santo Tome", "riesgo_median": 2.0, "riesgo_ponderado": 1.7117578876848967, "pct_n4_n5": 0.0, "riesgo_alto_clase": 1, "ha": 8466.39, "b12_ha": 7704.27, "n3_ha": 759.24, "n4_ha": 0.0, "n5_ha": 0.0 }, "geometry": { "type": "MultiPolygon", "coordinates": [ [ [ [ -60.863553, -31.68146 ], [ -60.858524, -31.67103 ], [ -60.812762, -31.654553 ], [ -60.828854, -31.589746 ], [ -60.753334, -31.604752 ], [ -60.752654, -31.606531 ], [ -60.750051, -31.607536 ], [ -60.748129, -31.606925 ], [ -60.74559, -31.603461 ], [ -60.740896, -31.603347 ], [ -60.737607, -31.605402 ], [ -60.737952, -31.607154 ], [ -60.739553, -31.609096 ], [ -60.738871, -31.610599 ], [ -60.737017, -31.610214 ], [ -60.734256, -31.607939 ], [ -60.731885, -31.609056 ], [ -60.730888, -31.612512 ], [ -60.735153, -31.618965 ], [ -60.737838, -31.619968 ], [ -60.73844, -31.620898 ], [ -60.741096, -31.630683 ], [ -60.740939, -31.635917 ], [ -60.743937, -31.63662 ], [ -60.746749, -31.639008 ], [ -60.751836, -31.638469 ], [ -60.753177, -31.640667 ], [ -60.752548, -31.642609 ], [ -60.756815, -31.642866 ], [ -60.75805, -31.644358 ], [ -60.75803, -31.64597 ], [ -60.752389, -31.651604 ], [ -60.751456, -31.654919 ], [ -60.751496, -31.655682 ], [ -60.756393, -31.659147 ], [ -60.756482, -31.663 ], [ -60.755032, -31.665738 ], [ -60.752797, -31.667297 ], [ -60.748104, -31.673159 ], [ -60.747616, -31.677922 ], [ -60.751675, -31.678562 ], [ -60.752802, -31.67922 ], [ -60.752813, -31.680623 ], [ -60.751872, -31.681589 ], [ -60.748252, -31.68198 ], [ -60.745845, -31.683027 ], [ -60.745339, -31.684507 ], [ -60.746302, -31.6862 ], [ -60.744361, -31.691602 ], [ -60.743827, -31.700393 ], [ -60.746864, -31.702517 ], [ -60.758714, -31.705307 ], [ -60.76032, -31.6996 ], [ -60.760057, -31.698124 ], [ -60.795307, -31.691929 ], [ -60.796202, -31.693623 ], [ -60.863553, -31.68146 ] ] ] ] } },
{ "type": "Feature", "properties": { "fid": 179, "DISTRITO": "0928", "NOMBRE1": "San Jose", "riesgo_median": 2.0, "riesgo_ponderado": 2.4284163070071747, "pct_n4_n5": 0.59790526981334369, "riesgo_alto_clase": 4, "ha": 6544.93, "b12_ha": 3725.55, "n3_ha": 2783.16, "n4_ha": 39.15, "n5_ha": 0.0 }, "geometry": { "type": "MultiPolygon", "coordinates": [ [ [ [ -60.912723, -31.641569 ], [ -60.88982, -31.569509 ], [ -60.877074, -31.572009 ], [ -60.879099, -31.579364 ], [ -60.828854, -31.589746 ], [ -60.812762, -31.654553 ], [ -60.860418, -31.671735 ], [ -60.869045, -31.670164 ], [ -60.864372, -31.652407 ], [ -60.912723, -31.641569 ] ] ] ] } },
{ "type": "Feature", "properties": { "fid": 180, "DISTRITO": "0923", "NOMBRE1": "SanJer. Norte", "riesgo_median": 3.0, "riesgo_ponderado": 2.6941048569412644, "pct_n4_n5": 1.0670007343729753, "riesgo_alto_clase": 4, "ha": 12516.88, "b12_ha": 3775.68, "n3_ha": 8591.4, "n4_ha": 133.38, "n5_ha": 0.0 }, "geometry": { "type": "MultiPolygon", "coordinates": [ [ [ [ -61.138364, -31.554148 ], [ -61.110238, -31.462298 ], [ -61.03857, -31.476877 ], [ -61.036423, -31.469199 ], [ -60.997139, -31.478228 ], [ -61.000246, -31.487757 ], [ -60.998698, -31.488058 ], [ -61.003169, -31.50322 ], [ -61.005166, -31.502777 ], [ -61.007069, -31.508666 ], [ -60.996054, -31.511087 ], [ -60.99972, -31.522824 ], [ -61.032672, -31.515252 ], [ -61.062051, -31.606349 ], [ -61.116892, -31.59356 ], [ -61.106273, -31.560077 ], [ -61.138364, -31.554148 ] ] ] ] } },
{ "type": "Feature", "properties": { "fid": 181, "DISTRITO": "0922", "NOMBRE1": "StaMa. Norte", "riesgo_median": 3.0, "riesgo_ponderado": 2.5655457175031464, "pct_n4_n5": 1.2210470533683677, "riesgo_alto_clase": 4, "ha": 8147.04, "b12_ha": 3608.82, "n3_ha": 4443.66, "n4_ha": 99.54, "n5_ha": 0.0 }, "geometry": { "type": "MultiPolygon", "coordinates": [ [ [ [ -61.221517, -31.485466 ], [ -61.157227, -31.497863 ], [ -61.149957, -31.471139 ], [ -61.148994, -31.46301 ], [ -61.146799, -31.463464 ], [ -61.142326, -31.447591 ], [ -61.10959, -31.454416 ], [ -61.111683, -31.462034 ], [ -61.110238, -31.462298 ], [ -61.138364, -31.554148 ], [ -61.209745, -31.540266 ], [ -61.215811, -31.56367 ], [ -61.220118, -31.562906 ], [ -61.222929, -31.573531 ], [ -61.241837, -31.570175 ], [ -61.237284, -31.550473 ], [ -61.238025, -31.550331 ], [ -61.221517, -31.485466 ] ] ] ] } },
{ "type": "Feature", "properties": { "fid": 182, "DISTRITO": "0925", "NOMBRE1": "Pujato", "riesgo_median": 3.0, "riesgo_ponderado": 2.6776734901894166, "pct_n4_n5": 1.2634842436082563, "riesgo_alto_clase": 4, "ha": 4240.41, "b12_ha": 1376.01, "n3_ha": 2808.72, "n4_ha": 53.55, "n5_ha": 0.0 }, "geometry": { "type": "MultiPolygon", "coordinates": [ [ [ [ -60.985484, -31.486769 ], [ -60.903429, -31.504978 ], [ -60.911259, -31.533604 ], [ -60.884281, -31.539157 ], [ -60.885078, -31.550775 ], [ -60.962812, -31.532036 ], [ -60.963184, -31.533161 ], [ -61.000209, -31.524388 ], [ -60.996054, -31.511087 ], [ -61.007069, -31.508666 ], [ -61.005166, -31.502777 ], [ -61.003169, -31.50322 ], [ -60.998698, -31.488058 ], [ -60.986686, -31.490345 ], [ -60.985484, -31.486769 ] ] ] ] } },
{ "type": "Feature", "properties": { "fid": 183, "DISTRITO": "0927", "NOMBRE1": "Emp.San Carlos", "riesgo_median": 2.0, "riesgo_ponderado": 2.3391429403002961, "pct_n4_n5": 0.22856066702049335, "riesgo_alto_clase": 3, "ha": 10531.3, "b12_ha": 6761.79, "n3_ha": 3727.8, "n4_ha": 24.03, "n5_ha": 0.0 }, "geometry": { "type": "MultiPolygon", "coordinates": [ [ [ [ -60.911259, -31.533604 ], [ -60.904118, -31.507404 ], [ -60.86939, -31.514446 ], [ -60.863336, -31.493115 ], [ -60.823516, -31.501358 ], [ -60.822219, -31.502527 ], [ -60.80261, -31.506582 ], [ -60.800061, -31.509564 ], [ -60.792857, -31.510702 ], [ -60.790865, -31.511842 ], [ -60.786867, -31.511471 ], [ -60.786813, -31.512914 ], [ -60.790014, -31.516628 ], [ -60.793612, -31.516464 ], [ -60.796941, -31.517773 ], [ -60.800209, -31.517682 ], [ -60.8021, -31.51873 ], [ -60.800473, -31.519618 ], [ -60.794968, -31.518676 ], [ -60.793272, -31.519224 ], [ -60.791807, -31.521757 ], [ -60.79195, -31.526897 ], [ -60.795445, -31.53208 ], [ -60.794943, -31.535272 ], [ -60.793538, -31.537007 ], [ -60.789609, -31.539548 ], [ -60.78852, -31.539212 ], [ -60.78987, -31.535778 ], [ -60.792822, -31.533454 ], [ -60.792784, -31.532761 ], [ -60.79131, -31.532304 ], [ -60.786868, -31.536121 ], [ -60.786371, -31.539957 ], [ -60.785212, -31.539526 ], [ -60.785139, -31.536698 ], [ -60.784243, -31.536251 ], [ -60.780745, -31.544517 ], [ -60.775484, -31.543333 ], [ -60.774134, -31.545759 ], [ -60.772996, -31.546049 ], [ -60.770194, -31.544694 ], [ -60.768647, -31.545298 ], [ -60.767702, -31.546887 ], [ -60.766024, -31.551678 ], [ -60.768169, -31.555427 ], [ -60.770916, -31.55418 ], [ -60.772536, -31.554269 ], [ -60.771377, -31.557925 ], [ -60.77199, -31.560226 ], [ -60.772898, -31.560107 ], [ -60.775044, -31.556036 ], [ -60.77622, -31.556368 ], [ -60.778089, -31.562777 ], [ -60.778034, -31.56905 ], [ -60.777081, -31.570166 ], [ -60.775378, -31.56995 ], [ -60.773527, -31.565831 ], [ -60.771608, -31.565504 ], [ -60.770265, -31.566869 ], [ -60.771384, -31.570398 ], [ -60.770729, -31.571053 ], [ -60.763752, -31.564172 ], [ -60.762464, -31.564279 ], [ -60.761095, -31.565524 ], [ -60.762385, -31.569773 ], [ -60.761729, -31.570343 ], [ -60.759279, -31.569764 ], [ -60.757962, -31.570238 ], [ -60.757267, -31.57621 ], [ -60.758565, -31.577447 ], [ -60.762431, -31.577396 ], [ -60.764585, -31.578232 ], [ -60.765701, -31.581407 ], [ -60.764744, -31.583605 ], [ -60.76265, -31.584013 ], [ -60.759328, -31.579833 ], [ -60.757726, -31.579842 ], [ -60.757019, -31.582392 ], [ -60.759594, -31.586195 ], [ -60.760556, -31.590729 ], [ -60.76299, -31.591337 ], [ -60.764778, -31.589757 ], [ -60.766051, -31.589791 ], [ -60.766881, -31.592346 ], [ -60.76439, -31.594878 ], [ -60.765271, -31.597475 ], [ -60.76122, -31.599168 ], [ -60.758896, -31.601912 ], [ -60.757967, -31.601465 ], [ -60.758788, -31.596793 ], [ -60.755038, -31.598908 ], [ -60.753148, -31.602229 ], [ -60.753334, -31.604752 ], [ -60.879099, -31.579364 ], [ -60.877074, -31.572009 ], [ -60.88982, -31.569509 ], [ -60.885391, -31.555833 ], [ -60.884281, -31.539157 ], [ -60.911259, -31.533604 ] ] ] ] } },
{ "type": "Feature", "properties": { "fid": 184, "DISTRITO": "1016", "NOMBRE1": "San Jose del Rincon", "riesgo_median": 2.0, "riesgo_ponderado": 2.1041806544022204, "pct_n4_n5": 0.0, "riesgo_alto_clase": 1, "ha": 16088.26, "b12_ha": 12652.65, "n3_ha": 3432.87, "n4_ha": 0.0, "n5_ha": 0.0 }, "geometry": { "type": "MultiPolygon", "coordinates": [ [ [ [ -60.649711, -31.583717 ], [ -60.647804, -31.578386 ], [ -60.632745, -31.560865 ], [ -60.633514, -31.559497 ], [ -60.543373, -31.577633 ], [ -60.536775, -31.578509 ], [ -60.533679, -31.575667 ], [ -60.529782, -31.577782 ], [ -60.530145, -31.579135 ], [ -60.527443, -31.580472 ], [ -60.520807, -31.581961 ], [ -60.516149, -31.579928 ], [ -60.515981, -31.579225 ], [ -60.518314, -31.577456 ], [ -60.516491, -31.57486 ], [ -60.514149, -31.575045 ], [ -60.512678, -31.57681 ], [ -60.50776, -31.575382 ], [ -60.50689, -31.575759 ], [ -60.506415, -31.577628 ], [ -60.507423, -31.584759 ], [ -60.505977, -31.586092 ], [ -60.503846, -31.586556 ], [ -60.500355, -31.586321 ], [ -60.495838, -31.584514 ], [ -60.487193, -31.571604 ], [ -60.481256, -31.566939 ], [ -60.477317, -31.56548 ], [ -60.47473, -31.565243 ], [ -60.473297, -31.565987 ], [ -60.468749, -31.57609 ], [ -60.465884, -31.577822 ], [ -60.461292, -31.579069 ], [ -60.456975, -31.577854 ], [ -60.455818, -31.576383 ], [ -60.454355, -31.570976 ], [ -60.451468, -31.56828 ], [ -60.447723, -31.566325 ], [ -60.444271, -31.565599 ], [ -60.43729, -31.565659 ], [ -60.437939, -31.579577 ], [ -60.435999, -31.583832 ], [ -60.434926, -31.60436 ], [ -60.436443, -31.607539 ], [ -60.431606, -31.614659 ], [ -60.432873, -31.617433 ], [ -60.428329, -31.61628 ], [ -60.426121, -31.617551 ], [ -60.426239, -31.619287 ], [ -60.429279, -31.624687 ], [ -60.429467, -31.627103 ], [ -60.428508, -31.629635 ], [ -60.424241, -31.632594 ], [ -60.421551, -31.632943 ], [ -60.413507, -31.630251 ], [ -60.411394, -31.631353 ], [ -60.407639, -31.630307 ], [ -60.404508, -31.630884 ], [ -60.387845, -31.622189 ], [ -60.384387, -31.621424 ], [ -60.378614, -31.622168 ], [ -60.375112, -31.624359 ], [ -60.374111, -31.628964 ], [ -60.371477, -31.630807 ], [ -60.425416, -31.661086 ], [ -60.430989, -31.656028 ], [ -60.433188, -31.655006 ], [ -60.435392, -31.655144 ], [ -60.44252, -31.656714 ], [ -60.444733, -31.65859 ], [ -60.453555, -31.659864 ], [ -60.461385, -31.666214 ], [ -60.464459, -31.670551 ], [ -60.466385, -31.671929 ], [ -60.469542, -31.669421 ], [ -60.475089, -31.669036 ], [ -60.47696, -31.667642 ], [ -60.480383, -31.669308 ], [ -60.484055, -31.669659 ], [ -60.487378, -31.668478 ], [ -60.482408, -31.664701 ], [ -60.483168, -31.663166 ], [ -60.485553, -31.662208 ], [ -60.491444, -31.66255 ], [ -60.493916, -31.661884 ], [ -60.498078, -31.658072 ], [ -60.500018, -31.653685 ], [ -60.503261, -31.653745 ], [ -60.510369, -31.658169 ], [ -60.512078, -31.658527 ], [ -60.516005, -31.658657 ], [ -60.520775, -31.656813 ], [ -60.524502, -31.653401 ], [ -60.528799, -31.647755 ], [ -60.533323, -31.636333 ], [ -60.5351, -31.629142 ], [ -60.53784, -31.624095 ], [ -60.546647, -31.620355 ], [ -60.556078, -31.619796 ], [ -60.568294, -31.621667 ], [ -60.579708, -31.621033 ], [ -60.579954, -31.619364 ], [ -60.581338, -31.618923 ], [ -60.661285, -31.605026 ], [ -60.657297, -31.591167 ], [ -60.649711, -31.583717 ] ] ] ] } },
{ "type": "Feature", "properties": { "fid": 185, "DISTRITO": "1009", "NOMBRE1": "Monte Vera", "riesgo_median": 2.0, "riesgo_ponderado": 2.2972055241591973, "pct_n4_n5": 0.31676325546236633, "riesgo_alto_clase": 3, "ha": 7515.88, "b12_ha": 4862.16, "n3_ha": 2614.95, "n4_ha": 23.76, "n5_ha": 0.0 }, "geometry": { "type": "MultiPolygon", "coordinates": [ [ [ [ -60.68197, -31.57005 ], [ -60.708133, -31.564349 ], [ -60.680424, -31.480542 ], [ -60.682314, -31.480082 ], [ -60.679151, -31.470565 ], [ -60.673081, -31.47203 ], [ -60.672613, -31.467903 ], [ -60.64223, -31.473737 ], [ -60.631592, -31.477245 ], [ -60.629642, -31.478997 ], [ -60.629727, -31.481299 ], [ -60.628568, -31.481376 ], [ -60.62812, -31.482658 ], [ -60.626461, -31.483684 ], [ -60.623286, -31.481875 ], [ -60.62126, -31.47893 ], [ -60.609842, -31.482557 ], [ -60.604826, -31.483433 ], [ -60.601414, -31.491343 ], [ -60.608481, -31.499751 ], [ -60.608108, -31.515961 ], [ -60.610882, -31.520462 ], [ -60.618878, -31.524484 ], [ -60.629166, -31.532261 ], [ -60.633279, -31.533662 ], [ -60.638604, -31.539252 ], [ -60.638385, -31.541892 ], [ -60.640686, -31.543572 ], [ -60.64159, -31.548349 ], [ -60.641081, -31.549808 ], [ -60.636954, -31.553346 ], [ -60.632745, -31.560865 ], [ -60.647866, -31.57856 ], [ -60.682147, -31.570568 ], [ -60.68197, -31.57005 ] ] ] ] } },
{ "type": "Feature", "properties": { "fid": 186, "DISTRITO": "1010", "NOMBRE1": "Recreo", "riesgo_median": 2.0, "riesgo_ponderado": 2.0923071329891658, "pct_n4_n5": 0.054533556314985819, "riesgo_alto_clase": 3, "ha": 12375.4, "b12_ha": 9916.11, "n3_ha": 2454.84, "n4_ha": 6.75, "n5_ha": 0.0 }, "geometry": { "type": "MultiPolygon", "coordinates": [ [ [ [ -60.72924, -31.561637 ], [ -60.766553, -31.552905 ], [ -60.76632, -31.549569 ], [ -60.769139, -31.544899 ], [ -60.771087, -31.54483 ], [ -60.773525, -31.546018 ], [ -60.774807, -31.545289 ], [ -60.775484, -31.543333 ], [ -60.780745, -31.544517 ], [ -60.784243, -31.536251 ], [ -60.785139, -31.536698 ], [ -60.785212, -31.539526 ], [ -60.786371, -31.539957 ], [ -60.786868, -31.536121 ], [ -60.79131, -31.532304 ], [ -60.792784, -31.532761 ], [ -60.792822, -31.533454 ], [ -60.78987, -31.535778 ], [ -60.78852, -31.539212 ], [ -60.789609, -31.539548 ], [ -60.793538, -31.537007 ], [ -60.794943, -31.535272 ], [ -60.795445, -31.53208 ], [ -60.79195, -31.526897 ], [ -60.791807, -31.521757 ], [ -60.793272, -31.519224 ], [ -60.794968, -31.518676 ], [ -60.800473, -31.519618 ], [ -60.8021, -31.51873 ], [ -60.800209, -31.517682 ], [ -60.796941, -31.517773 ], [ -60.793612, -31.516464 ], [ -60.790014, -31.516628 ], [ -60.786813, -31.512914 ], [ -60.786867, -31.511471 ], [ -60.790865, -31.511842 ], [ -60.79323, -31.510413 ], [ -60.796889, -31.503857 ], [ -60.79571, -31.502987 ], [ -60.793699, -31.503297 ], [ -60.79182, -31.505684 ], [ -60.790715, -31.505748 ], [ -60.789716, -31.50277 ], [ -60.790168, -31.501593 ], [ -60.792159, -31.500817 ], [ -60.792216, -31.499742 ], [ -60.791643, -31.498331 ], [ -60.789653, -31.497212 ], [ -60.78868, -31.49736 ], [ -60.789435, -31.500792 ], [ -60.788656, -31.501306 ], [ -60.786855, -31.498226 ], [ -60.784269, -31.496856 ], [ -60.783017, -31.497175 ], [ -60.781699, -31.49946 ], [ -60.780842, -31.499635 ], [ -60.775963, -31.496737 ], [ -60.776585, -31.496097 ], [ -60.779412, -31.496716 ], [ -60.782951, -31.495478 ], [ -60.783613, -31.493763 ], [ -60.781531, -31.490537 ], [ -60.783237, -31.485252 ], [ -60.781839, -31.483874 ], [ -60.777191, -31.482615 ], [ -60.773979, -31.480358 ], [ -60.775867, -31.477115 ], [ -60.769315, -31.475033 ], [ -60.768611, -31.473651 ], [ -60.769017, -31.472956 ], [ -60.771237, -31.473961 ], [ -60.773297, -31.473651 ], [ -60.780879, -31.470649 ], [ -60.778537, -31.464731 ], [ -60.776098, -31.465142 ], [ -60.773731, -31.464237 ], [ -60.769278, -31.467453 ], [ -60.768384, -31.467062 ], [ -60.770397, -31.460541 ], [ -60.772811, -31.460247 ], [ -60.776954, -31.462372 ], [ -60.779761, -31.456712 ], [ -60.779029, -31.45591 ], [ -60.775064, -31.455255 ], [ -60.772997, -31.450197 ], [ -60.780468, -31.451885 ], [ -60.783007, -31.45177 ], [ -60.783876, -31.451044 ], [ -60.782478, -31.447658 ], [ -60.786415, -31.443992 ], [ -60.78498, -31.438061 ], [ -60.78625, -31.435055 ], [ -60.786422, -31.432013 ], [ -60.787407, -31.431385 ], [ -60.790294, -31.431452 ], [ -60.789463, -31.42679 ], [ -60.791309, -31.423123 ], [ -60.742044, -31.435025 ], [ -60.71889, -31.439664 ], [ -60.6702, -31.447208 ], [ -60.673081, -31.47203 ], [ -60.679151, -31.470565 ], [ -60.682314, -31.480082 ], [ -60.680424, -31.480542 ], [ -60.708133, -31.564349 ], [ -60.728637, -31.559324 ], [ -60.72924, -31.561637 ] ] ] ] } },
{ "type": "Feature", "properties": { "fid": 187, "DISTRITO": "0920", "NOMBRE1": "Pilar", "riesgo_median": 2.0, "riesgo_ponderado": 2.4166199353273203, "pct_n4_n5": 0.57859512491680065, "riesgo_alto_clase": 4, "ha": 17159.01, "b12_ha": 9905.31, "n3_ha": 7167.96, "n4_ha": 99.36, "n5_ha": 0.0 }, "geometry": { "type": "MultiPolygon", "coordinates": [ [ [ [ -61.230091, -31.384581 ], [ -61.188912, -31.391413 ], [ -61.210465, -31.487565 ], [ -61.37417, -31.458411 ], [ -61.365981, -31.420138 ], [ -61.351637, -31.36145 ], [ -61.32785, -31.365837 ], [ -61.32834, -31.367983 ], [ -61.273683, -31.377673 ], [ -61.238644, -31.383161 ], [ -61.238073, -31.380819 ], [ -61.229687, -31.382684 ], [ -61.230091, -31.384581 ] ] ] ] } },
{ "type": "Feature", "properties": { "fid": 188, "DISTRITO": "0919", "NOMBRE1": "Nuevo Torino", "riesgo_median": 2.0, "riesgo_ponderado": 2.4693571328963881, "pct_n4_n5": 0.26105145725840184, "riesgo_alto_clase": 3, "ha": 16122.14, "b12_ha": 8398.35, "n3_ha": 7694.28, "n4_ha": 42.12, "n5_ha": 0.0 }, "geometry": { "type": "MultiPolygon", "coordinates": [ [ [ [ -61.331827, -31.272752 ], [ -61.168697, -31.300788 ], [ -61.188912, -31.391413 ], [ -61.230091, -31.384581 ], [ -61.229687, -31.382684 ], [ -61.238073, -31.380819 ], [ -61.238644, -31.383161 ], [ -61.32834, -31.367983 ], [ -61.32785, -31.365837 ], [ -61.351637, -31.36145 ], [ -61.338154, -31.30573 ], [ -61.331827, -31.272752 ] ] ] ] } },
{ "type": "Feature", "properties": { "fid": 189, "DISTRITO": "0917", "NOMBRE1": "Cavour", "riesgo_median": 3.0, "riesgo_ponderado": 2.5933743519626273, "pct_n4_n5": 1.9939611462428075, "riesgo_alto_clase": 4, "ha": 6312.28, "b12_ha": 2654.73, "n3_ha": 3538.35, "n4_ha": 126.0, "n5_ha": 0.0 }, "geometry": { "type": "MultiPolygon", "coordinates": [ [ [ [ -61.022864, -31.41917 ], [ -61.044385, -31.416078 ], [ -61.026065, -31.344277 ], [ -60.945564, -31.358437 ], [ -60.946853, -31.363081 ], [ -60.945803, -31.364957 ], [ -60.949063, -31.373885 ], [ -60.950621, -31.375579 ], [ -60.967631, -31.430966 ], [ -61.023698, -31.420595 ], [ -61.022864, -31.41917 ] ] ] ] } },
{ "type": "Feature", "properties": { "fid": 190, "DISTRITO": "0918", "NOMBRE1": "Humboldt", "riesgo_median": 3.0, "riesgo_ponderado": 2.5940695707453592, "pct_n4_n5": 0.56301081083055959, "riesgo_alto_clase": 4, "ha": 24632.96, "b12_ha": 9955.35, "n3_ha": 14539.59, "n4_ha": 138.69, "n5_ha": 0.0 }, "geometry": { "type": "MultiPolygon", "coordinates": [ [ [ [ -61.210465, -31.487565 ], [ -61.168697, -31.300788 ], [ -61.115024, -31.309966 ], [ -61.118749, -31.327971 ], [ -61.113538, -31.328807 ], [ -61.112131, -31.331309 ], [ -61.026638, -31.347331 ], [ -61.044385, -31.416078 ], [ -61.022864, -31.41917 ], [ -61.03857, -31.476877 ], [ -61.111683, -31.462034 ], [ -61.10959, -31.454416 ], [ -61.142326, -31.447591 ], [ -61.146799, -31.463464 ], [ -61.148994, -31.46301 ], [ -61.149957, -31.471139 ], [ -61.157227, -31.497863 ], [ -61.210465, -31.487565 ] ] ] ] } },
{ "type": "Feature", "properties": { "fid": 191, "DISTRITO": "0916", "NOMBRE1": "Esperanza", "riesgo_median": 2.0, "riesgo_ponderado": 2.2149189534381399, "pct_n4_n5": 0.27766821309391887, "riesgo_alto_clase": 3, "ha": 28727.4, "b12_ha": 19984.59, "n3_ha": 8685.72, "n4_ha": 79.83, "n5_ha": 0.0 }, "geometry": { "type": "MultiPolygon", "coordinates": [ [ [ [ -60.945803, -31.364957 ], [ -60.946853, -31.363081 ], [ -60.94583, -31.362287 ], [ -60.944107, -31.362348 ], [ -60.942449, -31.363363 ], [ -60.940218, -31.362758 ], [ -60.938598, -31.362006 ], [ -60.936342, -31.358822 ], [ -60.933437, -31.35741 ], [ -60.926835, -31.358938 ], [ -60.929346, -31.359876 ], [ -60.931899, -31.359332 ], [ -60.93264, -31.361189 ], [ -60.932047, -31.363009 ], [ -60.928755, -31.361886 ], [ -60.927553, -31.364093 ], [ -60.926222, -31.364484 ], [ -60.925751, -31.361765 ], [ -60.923487, -31.363453 ], [ -60.918564, -31.36086 ], [ -60.918578, -31.364525 ], [ -60.914404, -31.3658 ], [ -60.913774, -31.36712 ], [ -60.914162, -31.369705 ], [ -60.912086, -31.371488 ], [ -60.910271, -31.371373 ], [ -60.91, -31.3689 ], [ -60.908638, -31.36775 ], [ -60.9025, -31.367929 ], [ -60.898092, -31.371106 ], [ -60.896426, -31.369745 ], [ -60.894875, -31.36965 ], [ -60.895265, -31.372469 ], [ -60.9011, -31.379301 ], [ -60.901635, -31.383569 ], [ -60.899896, -31.384384 ], [ -60.897555, -31.383881 ], [ -60.891699, -31.384413 ], [ -60.885753, -31.382896 ], [ -60.883003, -31.379625 ], [ -60.882947, -31.376927 ], [ -60.886844, -31.375171 ], [ -60.885231, -31.370116 ], [ -60.883408, -31.370048 ], [ -60.879781, -31.371812 ], [ -60.877912, -31.371963 ], [ -60.878834, -31.368265 ], [ -60.877808, -31.367422 ], [ -60.87514, -31.368265 ], [ -60.869862, -31.367733 ], [ -60.867928, -31.370758 ], [ -60.865298, -31.371469 ], [ -60.864216, -31.379396 ], [ -60.86285, -31.37785 ], [ -60.861399, -31.372358 ], [ -60.859707, -31.371139 ], [ -60.852059, -31.373047 ], [ -60.845892, -31.370962 ], [ -60.845479, -31.368999 ], [ -60.851285, -31.37036 ], [ -60.848113, -31.365373 ], [ -60.844378, -31.365022 ], [ -60.844161, -31.363485 ], [ -60.837799, -31.366879 ], [ -60.83632, -31.366817 ], [ -60.83609, -31.365086 ], [ -60.841025, -31.363003 ], [ -60.842246, -31.360393 ], [ -60.841211, -31.358929 ], [ -60.836468, -31.357531 ], [ -60.831497, -31.357288 ], [ -60.828328, -31.358122 ], [ -60.827318, -31.357591 ], [ -60.827895, -31.35572 ], [ -60.830837, -31.353 ], [ -60.829724, -31.350051 ], [ -60.826183, -31.350305 ], [ -60.821647, -31.357472 ], [ -60.819629, -31.358531 ], [ -60.818353, -31.357705 ], [ -60.817853, -31.355077 ], [ -60.81872, -31.354336 ], [ -60.820993, -31.355149 ], [ -60.821626, -31.354042 ], [ -60.818625, -31.35194 ], [ -60.81557, -31.351259 ], [ -60.814661, -31.355762 ], [ -60.810774, -31.359846 ], [ -60.809653, -31.359782 ], [ -60.808289, -31.358334 ], [ -60.808985, -31.35106 ], [ -60.807386, -31.351085 ], [ -60.806487, -31.351911 ], [ -60.806281, -31.35677 ], [ -60.805397, -31.357454 ], [ -60.803315, -31.353896 ], [ -60.800944, -31.352228 ], [ -60.793578, -31.350782 ], [ -60.791373, -31.351843 ], [ -60.788749, -31.354652 ], [ -60.789256, -31.358101 ], [ -60.791379, -31.362202 ], [ -60.786812, -31.362666 ], [ -60.78459, -31.36445 ], [ -60.786917, -31.36601 ], [ -60.79035, -31.363361 ], [ -60.78943, -31.367055 ], [ -60.787163, -31.368621 ], [ -60.783665, -31.368161 ], [ -60.782673, -31.369808 ], [ -60.784501, -31.371592 ], [ -60.790659, -31.3745 ], [ -60.793313, -31.374706 ], [ -60.794265, -31.376901 ], [ -60.792817, -31.377874 ], [ -60.790999, -31.376656 ], [ -60.788955, -31.376694 ], [ -60.78561, -31.378125 ], [ -60.79507, -31.384678 ], [ -60.798544, -31.385104 ], [ -60.80029, -31.383028 ], [ -60.808126, -31.383651 ], [ -60.810524, -31.390483 ], [ -60.810083, -31.392626 ], [ -60.808363, -31.395862 ], [ -60.805744, -31.398618 ], [ -60.799065, -31.399965 ], [ -60.798821, -31.402293 ], [ -60.802666, -31.402623 ], [ -60.811296, -31.405312 ], [ -60.812063, -31.406241 ], [ -60.808413, -31.40748 ], [ -60.8037, -31.411696 ], [ -60.803445, -31.416662 ], [ -60.802695, -31.417614 ], [ -60.800943, -31.4172 ], [ -60.800108, -31.417899 ], [ -60.801006, -31.42075 ], [ -60.805614, -31.425332 ], [ -60.805209, -31.428177 ], [ -60.803561, -31.428258 ], [ -60.801257, -31.425034 ], [ -60.798831, -31.424893 ], [ -60.795168, -31.426599 ], [ -60.794367, -31.423507 ], [ -60.791582, -31.423835 ], [ -60.789463, -31.42679 ], [ -60.790294, -31.431452 ], [ -60.787407, -31.431385 ], [ -60.786422, -31.432013 ], [ -60.78625, -31.435055 ], [ -60.78498, -31.438061 ], [ -60.786415, -31.443992 ], [ -60.782478, -31.447658 ], [ -60.783716, -31.449687 ], [ -60.783648, -31.451455 ], [ -60.780468, -31.451885 ], [ -60.773977, -31.450001 ], [ -60.772867, -31.450446 ], [ -60.775064, -31.455255 ], [ -60.779029, -31.45591 ], [ -60.779761, -31.456712 ], [ -60.776954, -31.462372 ], [ -60.772811, -31.460247 ], [ -60.770397, -31.460541 ], [ -60.768384, -31.467062 ], [ -60.769278, -31.467453 ], [ -60.773731, -31.464237 ], [ -60.776098, -31.465142 ], [ -60.778537, -31.464731 ], [ -60.780879, -31.470649 ], [ -60.773297, -31.473651 ], [ -60.771237, -31.473961 ], [ -60.769017, -31.472956 ], [ -60.768611, -31.473651 ], [ -60.769315, -31.475033 ], [ -60.773454, -31.476748 ], [ -60.77565, -31.476876 ], [ -60.775905, -31.477808 ], [ -60.773979, -31.480358 ], [ -60.777191, -31.482615 ], [ -60.781839, -31.483874 ], [ -60.783474, -31.486014 ], [ -60.781531, -31.490537 ], [ -60.783613, -31.493763 ], [ -60.782951, -31.495478 ], [ -60.779412, -31.496716 ], [ -60.776585, -31.496097 ], [ -60.775963, -31.496737 ], [ -60.780842, -31.499635 ], [ -60.781699, -31.49946 ], [ -60.783017, -31.497175 ], [ -60.784269, -31.496856 ], [ -60.786855, -31.498226 ], [ -60.788656, -31.501306 ], [ -60.789435, -31.500792 ], [ -60.78868, -31.49736 ], [ -60.791643, -31.498331 ], [ -60.792287, -31.500364 ], [ -60.789972, -31.501863 ], [ -60.790199, -31.505213 ], [ -60.79182, -31.505684 ], [ -60.792902, -31.503733 ], [ -60.794341, -31.503102 ], [ -60.796338, -31.503167 ], [ -60.796889, -31.503857 ], [ -60.79628, -31.505968 ], [ -60.792857, -31.510702 ], [ -60.800061, -31.509564 ], [ -60.80261, -31.506582 ], [ -60.822219, -31.502527 ], [ -60.823516, -31.501358 ], [ -60.863336, -31.493115 ], [ -60.86939, -31.514446 ], [ -60.904118, -31.507404 ], [ -60.903429, -31.504978 ], [ -60.985484, -31.486769 ], [ -60.986686, -31.490345 ], [ -61.000246, -31.487757 ], [ -60.997139, -31.478228 ], [ -61.036423, -31.469199 ], [ -61.023241, -31.420679 ], [ -60.967631, -31.430966 ], [ -60.950621, -31.375579 ], [ -60.949063, -31.373885 ], [ -60.945803, -31.364957 ] ] ] ] } },
{ "type": "Feature", "properties": { "fid": 192, "DISTRITO": "1015", "NOMBRE1": "Arroyo Leyes", "riesgo_median": 2.0, "riesgo_ponderado": 2.1968181358389622, "pct_n4_n5": 0.0022478729502208535, "riesgo_alto_clase": 2, "ha": 32047.19, "b12_ha": 23488.11, "n3_ha": 8541.45, "n4_ha": 0.72, "n5_ha": 0.0 }, "geometry": { "type": "MultiPolygon", "coordinates": [ [ [ [ -60.561185, -31.45679 ], [ -60.556658, -31.45961 ], [ -60.551224, -31.458469 ], [ -60.549353, -31.459641 ], [ -60.549339, -31.457403 ], [ -60.548607, -31.457047 ], [ -60.546543, -31.458406 ], [ -60.544618, -31.462035 ], [ -60.540949, -31.463931 ], [ -60.534064, -31.464872 ], [ -60.532573, -31.466126 ], [ -60.531704, -31.469354 ], [ -60.530453, -31.469628 ], [ -60.525434, -31.468126 ], [ -60.519027, -31.470346 ], [ -60.514164, -31.468709 ], [ -60.510825, -31.468991 ], [ -60.508935, -31.471707 ], [ -60.507927, -31.483241 ], [ -60.506786, -31.484589 ], [ -60.504598, -31.485314 ], [ -60.502298, -31.484696 ], [ -60.496443, -31.478357 ], [ -60.49352, -31.478324 ], [ -60.491236, -31.48084 ], [ -60.489068, -31.48546 ], [ -60.481409, -31.492543 ], [ -60.478438, -31.493494 ], [ -60.467691, -31.494743 ], [ -60.451018, -31.494716 ], [ -60.44622, -31.495628 ], [ -60.441775, -31.499613 ], [ -60.42913, -31.498753 ], [ -60.423521, -31.500578 ], [ -60.410874, -31.499114 ], [ -60.403139, -31.496729 ], [ -60.390849, -31.496466 ], [ -60.391913, -31.499173 ], [ -60.395792, -31.503076 ], [ -60.395806, -31.506389 ], [ -60.390559, -31.511223 ], [ -60.380393, -31.515771 ], [ -60.373721, -31.515791 ], [ -60.366691, -31.514306 ], [ -60.361062, -31.511611 ], [ -60.357541, -31.509212 ], [ -60.354007, -31.503199 ], [ -60.350836, -31.500196 ], [ -60.343452, -31.497506 ], [ -60.337505, -31.503544 ], [ -60.335281, -31.511574 ], [ -60.332983, -31.515602 ], [ -60.31836, -31.525795 ], [ -60.306223, -31.53199 ], [ -60.31485, -31.53438 ], [ -60.322546, -31.538407 ], [ -60.329866, -31.544716 ], [ -60.333396, -31.550238 ], [ -60.333925, -31.557108 ], [ -60.331631, -31.566532 ], [ -60.329087, -31.570298 ], [ -60.3204, -31.579442 ], [ -60.318321, -31.58419 ], [ -60.319254, -31.589187 ], [ -60.32159, -31.594761 ], [ -60.329884, -31.606526 ], [ -60.33857, -31.615243 ], [ -60.347019, -31.621298 ], [ -60.354387, -31.624841 ], [ -60.371477, -31.630807 ], [ -60.374111, -31.628964 ], [ -60.375112, -31.624359 ], [ -60.378614, -31.622168 ], [ -60.384387, -31.621424 ], [ -60.387845, -31.622189 ], [ -60.404508, -31.630884 ], [ -60.407639, -31.630307 ], [ -60.411394, -31.631353 ], [ -60.413507, -31.630251 ], [ -60.420138, -31.632872 ], [ -60.424241, -31.632594 ], [ -60.428508, -31.629635 ], [ -60.429467, -31.627103 ], [ -60.4291, -31.624122 ], [ -60.426239, -31.619287 ], [ -60.426121, -31.617551 ], [ -60.428329, -31.61628 ], [ -60.432873, -31.617433 ], [ -60.431606, -31.614659 ], [ -60.436443, -31.607539 ], [ -60.434926, -31.60436 ], [ -60.435999, -31.583832 ], [ -60.437939, -31.579577 ], [ -60.43729, -31.565659 ], [ -60.444271, -31.565599 ], [ -60.447723, -31.566325 ], [ -60.451468, -31.56828 ], [ -60.454355, -31.570976 ], [ -60.455818, -31.576383 ], [ -60.456975, -31.577854 ], [ -60.461292, -31.579069 ], [ -60.465884, -31.577822 ], [ -60.468749, -31.57609 ], [ -60.473297, -31.565987 ], [ -60.47473, -31.565243 ], [ -60.477317, -31.56548 ], [ -60.481256, -31.566939 ], [ -60.487193, -31.571604 ], [ -60.495838, -31.584514 ], [ -60.500355, -31.586321 ], [ -60.503846, -31.586556 ], [ -60.505977, -31.586092 ], [ -60.507423, -31.584759 ], [ -60.506415, -31.577628 ], [ -60.50689, -31.575759 ], [ -60.50776, -31.575382 ], [ -60.512678, -31.57681 ], [ -60.514149, -31.575045 ], [ -60.516491, -31.57486 ], [ -60.518314, -31.577456 ], [ -60.515981, -31.579225 ], [ -60.516149, -31.579928 ], [ -60.520807, -31.581961 ], [ -60.527443, -31.580472 ], [ -60.530145, -31.579135 ], [ -60.529782, -31.577782 ], [ -60.533679, -31.575667 ], [ -60.536775, -31.578509 ], [ -60.543373, -31.577633 ], [ -60.633514, -31.559497 ], [ -60.636954, -31.553346 ], [ -60.641081, -31.549808 ], [ -60.64159, -31.548349 ], [ -60.640686, -31.543572 ], [ -60.638385, -31.541892 ], [ -60.638604, -31.539252 ], [ -60.633279, -31.533662 ], [ -60.629166, -31.532261 ], [ -60.618878, -31.524484 ], [ -60.610882, -31.520462 ], [ -60.608108, -31.515961 ], [ -60.608481, -31.499751 ], [ -60.601414, -31.491343 ], [ -60.604131, -31.484456 ], [ -60.604826, -31.483433 ], [ -60.606014, -31.483233 ], [ -60.604075, -31.480192 ], [ -60.601681, -31.478161 ], [ -60.595952, -31.476144 ], [ -60.587608, -31.474753 ], [ -60.576658, -31.47562 ], [ -60.566416, -31.475257 ], [ -60.563787, -31.473634 ], [ -60.562585, -31.471801 ], [ -60.565766, -31.46627 ], [ -60.568374, -31.464318 ], [ -60.568238, -31.461458 ], [ -60.565825, -31.456157 ], [ -60.561185, -31.45679 ] ] ] ] } },
{ "type": "Feature", "properties": { "fid": 193, "DISTRITO": "0503", "NOMBRE1": "Santa Rosa", "riesgo_median": 2.0, "riesgo_ponderado": 2.300734714799662, "pct_n4_n5": 0.076770102613268554, "riesgo_alto_clase": 3, "ha": 75922.46, "b12_ha": 52051.23, "n3_ha": 23740.38, "n4_ha": 58.23, "n5_ha": 0.0 }, "geometry": { "type": "MultiPolygon", "coordinates": [ [ [ [ -60.494363, -31.370742 ], [ -60.49471, -31.367782 ], [ -60.493743, -31.367995 ], [ -60.4858, -31.354347 ], [ -60.473688, -31.339495 ], [ -60.498608, -31.309736 ], [ -60.498054, -31.301134 ], [ -60.493791, -31.296403 ], [ -60.478222, -31.282707 ], [ -60.411112, -31.297024 ], [ -60.411379, -31.297855 ], [ -60.299581, -31.324244 ], [ -60.298857, -31.323602 ], [ -60.282515, -31.327327 ], [ -60.276761, -31.325593 ], [ -60.271526, -31.320683 ], [ -60.268987, -31.321685 ], [ -60.267314, -31.327588 ], [ -60.263746, -31.33008 ], [ -60.25959, -31.330391 ], [ -60.251442, -31.329189 ], [ -60.249513, -31.326558 ], [ -60.249411, -31.32243 ], [ -60.254695, -31.314026 ], [ -60.253501, -31.312063 ], [ -60.251029, -31.311557 ], [ -60.247877, -31.313253 ], [ -60.243042, -31.318786 ], [ -60.234224, -31.323599 ], [ -60.232538, -31.326472 ], [ -60.228835, -31.327776 ], [ -60.226227, -31.327702 ], [ -60.22357, -31.326272 ], [ -60.220126, -31.320911 ], [ -60.220259, -31.319142 ], [ -60.222174, -31.316662 ], [ -60.23036, -31.315035 ], [ -60.232872, -31.313498 ], [ -60.237069, -31.308674 ], [ -60.238021, -31.305134 ], [ -60.239662, -31.30289 ], [ -60.254932, -31.29322 ], [ -60.093672, -31.331794 ], [ -60.093029, -31.34066 ], [ -60.086929, -31.346207 ], [ -60.084613, -31.352658 ], [ -60.085028, -31.35541 ], [ -60.088747, -31.362345 ], [ -60.098354, -31.374195 ], [ -60.108092, -31.382904 ], [ -60.124886, -31.392774 ], [ -60.135227, -31.404361 ], [ -60.138475, -31.409937 ], [ -60.140504, -31.415378 ], [ -60.141813, -31.432597 ], [ -60.142924, -31.438046 ], [ -60.145105, -31.442576 ], [ -60.148746, -31.446385 ], [ -60.158407, -31.451695 ], [ -60.176683, -31.457702 ], [ -60.189714, -31.460853 ], [ -60.214706, -31.464939 ], [ -60.224739, -31.467347 ], [ -60.233131, -31.47124 ], [ -60.240375, -31.476944 ], [ -60.243427, -31.481135 ], [ -60.245541, -31.486193 ], [ -60.247168, -31.499685 ], [ -60.244091, -31.503905 ], [ -60.232022, -31.513214 ], [ -60.230425, -31.515501 ], [ -60.23024, -31.517581 ], [ -60.235106, -31.524062 ], [ -60.241762, -31.529917 ], [ -60.248873, -31.533898 ], [ -60.255463, -31.535589 ], [ -60.260369, -31.535099 ], [ -60.27503, -31.531337 ], [ -60.293157, -31.530831 ], [ -60.306223, -31.53199 ], [ -60.31836, -31.525795 ], [ -60.332983, -31.515602 ], [ -60.335281, -31.511574 ], [ -60.337505, -31.503544 ], [ -60.343452, -31.497506 ], [ -60.350836, -31.500196 ], [ -60.354007, -31.503199 ], [ -60.357541, -31.509212 ], [ -60.361062, -31.511611 ], [ -60.366691, -31.514306 ], [ -60.373721, -31.515791 ], [ -60.380393, -31.515771 ], [ -60.390559, -31.511223 ], [ -60.395806, -31.506389 ], [ -60.395792, -31.503076 ], [ -60.391913, -31.499173 ], [ -60.390849, -31.496466 ], [ -60.403139, -31.496729 ], [ -60.410874, -31.499114 ], [ -60.423521, -31.500578 ], [ -60.42913, -31.498753 ], [ -60.441775, -31.499613 ], [ -60.44622, -31.495628 ], [ -60.451018, -31.494716 ], [ -60.467691, -31.494743 ], [ -60.478438, -31.493494 ], [ -60.481409, -31.492543 ], [ -60.489068, -31.48546 ], [ -60.491236, -31.48084 ], [ -60.49352, -31.478324 ], [ -60.496443, -31.478357 ], [ -60.502298, -31.484696 ], [ -60.504598, -31.485314 ], [ -60.506786, -31.484589 ], [ -60.507927, -31.483241 ], [ -60.508935, -31.471707 ], [ -60.510825, -31.468991 ], [ -60.514164, -31.468709 ], [ -60.519027, -31.470346 ], [ -60.525434, -31.468126 ], [ -60.530453, -31.469628 ], [ -60.532274, -31.46868 ], [ -60.532573, -31.466126 ], [ -60.534064, -31.464872 ], [ -60.540949, -31.463931 ], [ -60.544618, -31.462035 ], [ -60.546543, -31.458406 ], [ -60.548607, -31.457047 ], [ -60.549339, -31.457403 ], [ -60.549353, -31.459641 ], [ -60.551224, -31.458469 ], [ -60.555458, -31.459615 ], [ -60.557907, -31.458933 ], [ -60.558788, -31.458033 ], [ -60.553388, -31.453228 ], [ -60.550013, -31.45173 ], [ -60.544894, -31.443665 ], [ -60.535517, -31.43976 ], [ -60.502497, -31.418726 ], [ -60.509221, -31.386219 ], [ -60.494363, -31.370742 ] ] ] ] } },
{ "type": "Feature", "properties": { "fid": 194, "DISTRITO": "0502", "NOMBRE1": "Cayasta", "riesgo_median": 2.0, "riesgo_ponderado": 2.191538133030944, "pct_n4_n5": 0.0060834725434633693, "riesgo_alto_clase": 2, "ha": 73996.75, "b12_ha": 56983.68, "n3_ha": 16982.73, "n4_ha": 4.5, "n5_ha": 0.0 }, "geometry": { "type": "MultiPolygon", "coordinates": [ [ [ [ -60.366357, -31.11998 ], [ -60.369138, -31.115447 ], [ -60.09108, -31.164855 ], [ -59.980228, -31.18664 ], [ -59.979338, -31.191087 ], [ -59.980807, -31.197844 ], [ -59.984066, -31.206499 ], [ -60.001044, -31.23892 ], [ -60.006067, -31.245777 ], [ -60.012346, -31.251394 ], [ -60.023125, -31.257614 ], [ -60.036473, -31.263058 ], [ -60.052862, -31.268175 ], [ -60.088923, -31.277077 ], [ -60.092851, -31.278616 ], [ -60.095242, -31.280462 ], [ -60.09637, -31.283087 ], [ -60.097326, -31.302038 ], [ -60.09482, -31.327413 ], [ -60.093672, -31.331794 ], [ -60.254932, -31.29322 ], [ -60.239662, -31.30289 ], [ -60.238021, -31.305134 ], [ -60.237069, -31.308674 ], [ -60.232872, -31.313498 ], [ -60.23036, -31.315035 ], [ -60.222174, -31.316662 ], [ -60.220259, -31.319142 ], [ -60.220126, -31.320911 ], [ -60.221826, -31.324309 ], [ -60.225402, -31.32737 ], [ -60.228835, -31.327776 ], [ -60.23103, -31.327261 ], [ -60.232538, -31.326472 ], [ -60.234224, -31.323599 ], [ -60.243042, -31.318786 ], [ -60.24952, -31.312031 ], [ -60.252447, -31.311633 ], [ -60.254326, -31.31273 ], [ -60.254695, -31.314026 ], [ -60.249411, -31.32243 ], [ -60.250249, -31.32813 ], [ -60.252953, -31.329775 ], [ -60.261845, -31.330455 ], [ -60.263746, -31.33008 ], [ -60.267314, -31.327588 ], [ -60.268987, -31.321685 ], [ -60.271526, -31.320683 ], [ -60.276761, -31.325593 ], [ -60.282515, -31.327327 ], [ -60.298857, -31.323602 ], [ -60.299581, -31.324244 ], [ -60.411379, -31.297855 ], [ -60.411112, -31.297024 ], [ -60.478222, -31.282707 ], [ -60.476785, -31.279641 ], [ -60.471902, -31.278499 ], [ -60.464304, -31.273799 ], [ -60.455231, -31.260755 ], [ -60.458419, -31.254945 ], [ -60.464114, -31.252695 ], [ -60.465031, -31.249391 ], [ -60.454984, -31.241208 ], [ -60.458015, -31.233604 ], [ -60.455747, -31.229918 ], [ -60.451008, -31.227429 ], [ -60.455145, -31.220817 ], [ -60.453118, -31.219989 ], [ -60.449562, -31.221324 ], [ -60.448549, -31.221154 ], [ -60.447693, -31.219729 ], [ -60.448125, -31.216115 ], [ -60.451567, -31.208003 ], [ -60.454334, -31.203967 ], [ -60.443828, -31.198643 ], [ -60.442766, -31.196697 ], [ -60.444857, -31.193695 ], [ -60.443969, -31.191569 ], [ -60.441856, -31.189696 ], [ -60.440444, -31.181763 ], [ -60.442192, -31.174794 ], [ -60.442329, -31.170422 ], [ -60.441102, -31.167432 ], [ -60.437449, -31.164115 ], [ -60.434612, -31.162802 ], [ -60.432022, -31.162601 ], [ -60.427905, -31.164634 ], [ -60.42362, -31.165275 ], [ -60.420865, -31.16424 ], [ -60.418762, -31.160427 ], [ -60.419948, -31.154157 ], [ -60.41808, -31.152631 ], [ -60.406289, -31.152889 ], [ -60.404262, -31.15199 ], [ -60.398984, -31.143603 ], [ -60.391204, -31.139936 ], [ -60.388774, -31.139108 ], [ -60.386026, -31.139673 ], [ -60.383719, -31.142331 ], [ -60.379761, -31.143526 ], [ -60.373376, -31.141989 ], [ -60.371697, -31.140904 ], [ -60.370865, -31.139688 ], [ -60.367986, -31.13827 ], [ -60.371763, -31.134384 ], [ -60.372213, -31.133077 ], [ -60.371244, -31.13086 ], [ -60.369322, -31.130778 ], [ -60.369187, -31.133667 ], [ -60.365598, -31.13359 ], [ -60.367368, -31.131849 ], [ -60.366961, -31.131328 ], [ -60.364478, -31.129594 ], [ -60.36114, -31.129255 ], [ -60.359979, -31.129868 ], [ -60.360067, -31.12647 ], [ -60.356717, -31.123969 ], [ -60.360051, -31.123307 ], [ -60.360449, -31.121695 ], [ -60.362113, -31.120558 ], [ -60.366357, -31.11998 ] ] ] ] } },
{ "type": "Feature", "properties": { "fid": 195, "DISTRITO": "1008", "NOMBRE1": "Arroyo Aguiar", "riesgo_median": 2.0, "riesgo_ponderado": 2.1262983927947827, "pct_n4_n5": 0.0, "riesgo_alto_clase": 1, "ha": 22179.36, "b12_ha": 18762.39, "n3_ha": 3401.55, "n4_ha": 0.0, "n5_ha": 0.0 }, "geometry": { "type": "MultiPolygon", "coordinates": [ [ [ [ -60.6702, -31.447208 ], [ -60.719823, -31.439406 ], [ -60.716241, -31.424225 ], [ -60.729136, -31.421366 ], [ -60.721709, -31.398866 ], [ -60.72165, -31.395899 ], [ -60.713967, -31.369635 ], [ -60.716918, -31.369 ], [ -60.718868, -31.35561 ], [ -60.611721, -31.380233 ], [ -60.612131, -31.377636 ], [ -60.610901, -31.375551 ], [ -60.60844, -31.373711 ], [ -60.605628, -31.373467 ], [ -60.60146, -31.371793 ], [ -60.59897, -31.370085 ], [ -60.598105, -31.367272 ], [ -60.600394, -31.365191 ], [ -60.601768, -31.365859 ], [ -60.606207, -31.365289 ], [ -60.60749, -31.365958 ], [ -60.611633, -31.363822 ], [ -60.612682, -31.363989 ], [ -60.61408, -31.362415 ], [ -60.614402, -31.359794 ], [ -60.612115, -31.356115 ], [ -60.612634, -31.355424 ], [ -60.611698, -31.35363 ], [ -60.613015, -31.352539 ], [ -60.616556, -31.352443 ], [ -60.619714, -31.351132 ], [ -60.619092, -31.348976 ], [ -60.620909, -31.345601 ], [ -60.619015, -31.340829 ], [ -60.49471, -31.367782 ], [ -60.494363, -31.370742 ], [ -60.509221, -31.386219 ], [ -60.502497, -31.418726 ], [ -60.535517, -31.43976 ], [ -60.544894, -31.443665 ], [ -60.550013, -31.45173 ], [ -60.553388, -31.453228 ], [ -60.558788, -31.458033 ], [ -60.561185, -31.45679 ], [ -60.565825, -31.456157 ], [ -60.568238, -31.461458 ], [ -60.568374, -31.464318 ], [ -60.565766, -31.46627 ], [ -60.562585, -31.471801 ], [ -60.563787, -31.473634 ], [ -60.566416, -31.475257 ], [ -60.576658, -31.47562 ], [ -60.587608, -31.474753 ], [ -60.595952, -31.476144 ], [ -60.602875, -31.478768 ], [ -60.606014, -31.483233 ], [ -60.62126, -31.47893 ], [ -60.623286, -31.481875 ], [ -60.626461, -31.483684 ], [ -60.62812, -31.482658 ], [ -60.628568, -31.481376 ], [ -60.629727, -31.481299 ], [ -60.629642, -31.478997 ], [ -60.631592, -31.477245 ], [ -60.64223, -31.473737 ], [ -60.672613, -31.467903 ], [ -60.6702, -31.447208 ] ] ] ] } },
{ "type": "Feature", "properties": { "fid": 196, "DISTRITO": "1007", "NOMBRE1": "Candioti", "riesgo_median": 2.0, "riesgo_ponderado": 2.2142143831666594, "pct_n4_n5": 0.012658761973079033, "riesgo_alto_clase": 2, "ha": 6407.56, "b12_ha": 4783.68, "n3_ha": 1614.24, "n4_ha": 0.81, "n5_ha": 0.0 }, "geometry": { "type": "MultiPolygon", "coordinates": [ [ [ [ -60.793578, -31.350782 ], [ -60.799949, -31.351965 ], [ -60.798218, -31.345625 ], [ -60.717859, -31.361525 ], [ -60.716918, -31.369 ], [ -60.713967, -31.369635 ], [ -60.72165, -31.395899 ], [ -60.721709, -31.398866 ], [ -60.729136, -31.421366 ], [ -60.716241, -31.424225 ], [ -60.719823, -31.439406 ], [ -60.742044, -31.435025 ], [ -60.791309, -31.423123 ], [ -60.791294, -31.424043 ], [ -60.792288, -31.423406 ], [ -60.794367, -31.423507 ], [ -60.795168, -31.426599 ], [ -60.800034, -31.424758 ], [ -60.802402, -31.425833 ], [ -60.803843, -31.428454 ], [ -60.805209, -31.428177 ], [ -60.805614, -31.425332 ], [ -60.801006, -31.42075 ], [ -60.800108, -31.417899 ], [ -60.800943, -31.4172 ], [ -60.802695, -31.417614 ], [ -60.803445, -31.416662 ], [ -60.8037, -31.411696 ], [ -60.808413, -31.40748 ], [ -60.811802, -31.40661 ], [ -60.811926, -31.405619 ], [ -60.802666, -31.402623 ], [ -60.799038, -31.402504 ], [ -60.798869, -31.400164 ], [ -60.804695, -31.399219 ], [ -60.808363, -31.395862 ], [ -60.810524, -31.390483 ], [ -60.808126, -31.383651 ], [ -60.80029, -31.383028 ], [ -60.798544, -31.385104 ], [ -60.794632, -31.384492 ], [ -60.78561, -31.378125 ], [ -60.789947, -31.376583 ], [ -60.793209, -31.377827 ], [ -60.794265, -31.376901 ], [ -60.793777, -31.375029 ], [ -60.789303, -31.373874 ], [ -60.784501, -31.371592 ], [ -60.782673, -31.369808 ], [ -60.783665, -31.368161 ], [ -60.788258, -31.368274 ], [ -60.789796, -31.366157 ], [ -60.79035, -31.363361 ], [ -60.786917, -31.36601 ], [ -60.78459, -31.36445 ], [ -60.786812, -31.362666 ], [ -60.791379, -31.362202 ], [ -60.789256, -31.358101 ], [ -60.78902, -31.354098 ], [ -60.793578, -31.350782 ] ] ] ] } },
{ "type": "Feature", "properties": { "fid": 197, "DISTRITO": "1004", "NOMBRE1": "Campo Andino", "riesgo_median": 2.0, "riesgo_ponderado": 2.1482775855293528, "pct_n4_n5": 0.020602587532382307, "riesgo_alto_clase": 2, "ha": 23566.71, "b12_ha": 18726.21, "n3_ha": 4858.2, "n4_ha": 4.86, "n5_ha": 0.0 }, "geometry": { "type": "MultiPolygon", "coordinates": [ [ [ [ -60.573847, -31.188037 ], [ -60.449519, -31.213069 ], [ -60.447725, -31.21723 ], [ -60.447693, -31.219729 ], [ -60.448549, -31.221154 ], [ -60.45021, -31.221287 ], [ -60.453118, -31.219989 ], [ -60.455145, -31.220817 ], [ -60.451008, -31.227429 ], [ -60.455747, -31.229918 ], [ -60.458015, -31.233604 ], [ -60.455156, -31.241662 ], [ -60.457309, -31.242636 ], [ -60.45941, -31.245397 ], [ -60.465031, -31.249391 ], [ -60.464114, -31.252695 ], [ -60.458419, -31.254945 ], [ -60.45708, -31.257002 ], [ -60.455231, -31.260755 ], [ -60.456679, -31.2633 ], [ -60.464304, -31.273799 ], [ -60.471902, -31.278499 ], [ -60.476785, -31.279641 ], [ -60.478222, -31.282707 ], [ -60.493791, -31.296403 ], [ -60.498054, -31.301134 ], [ -60.498608, -31.309736 ], [ -60.473688, -31.339495 ], [ -60.4858, -31.354347 ], [ -60.493743, -31.367995 ], [ -60.619015, -31.340829 ], [ -60.616709, -31.335781 ], [ -60.614022, -31.335002 ], [ -60.612462, -31.331814 ], [ -60.609892, -31.331378 ], [ -60.607222, -31.329621 ], [ -60.603567, -31.321122 ], [ -60.60491, -31.318981 ], [ -60.611459, -31.314598 ], [ -60.617205, -31.312661 ], [ -60.620342, -31.312345 ], [ -60.623946, -31.309389 ], [ -60.622275, -31.30443 ], [ -60.621031, -31.303797 ], [ -60.621285, -31.301825 ], [ -60.619416, -31.300084 ], [ -60.618863, -31.295711 ], [ -60.619977, -31.294051 ], [ -60.618869, -31.290628 ], [ -60.617329, -31.277028 ], [ -60.619188, -31.270407 ], [ -60.625725, -31.267327 ], [ -60.627185, -31.265762 ], [ -60.625757, -31.263213 ], [ -60.626864, -31.263339 ], [ -60.633391, -31.259545 ], [ -60.633877, -31.258101 ], [ -60.633821, -31.251248 ], [ -60.631825, -31.249494 ], [ -60.628982, -31.243586 ], [ -60.626814, -31.24209 ], [ -60.625389, -31.235931 ], [ -60.626796, -31.234032 ], [ -60.62586, -31.231257 ], [ -60.611142, -31.233858 ], [ -60.59194, -31.209168 ], [ -60.573847, -31.188037 ] ] ] ] } },
{ "type": "Feature", "properties": { "fid": 198, "DISTRITO": "1005", "NOMBRE1": "Laguna Paiva", "riesgo_median": 2.0, "riesgo_ponderado": 2.096074158973261, "pct_n4_n5": 0.010075947453934026, "riesgo_alto_clase": 2, "ha": 14288.92, "b12_ha": 11797.92, "n3_ha": 2492.1, "n4_ha": 1.44, "n5_ha": 0.0 }, "geometry": { "type": "MultiPolygon", "coordinates": [ [ [ [ -60.710719, -31.258588 ], [ -60.67858, -31.221854 ], [ -60.62586, -31.231257 ], [ -60.626796, -31.234032 ], [ -60.625389, -31.235931 ], [ -60.626814, -31.24209 ], [ -60.628982, -31.243586 ], [ -60.631825, -31.249494 ], [ -60.633821, -31.251248 ], [ -60.634057, -31.254991 ], [ -60.633391, -31.259545 ], [ -60.626864, -31.263339 ], [ -60.625757, -31.263213 ], [ -60.627185, -31.265762 ], [ -60.625725, -31.267327 ], [ -60.619188, -31.270407 ], [ -60.617329, -31.277028 ], [ -60.618869, -31.290628 ], [ -60.619977, -31.294051 ], [ -60.618863, -31.295711 ], [ -60.619416, -31.300084 ], [ -60.621285, -31.301825 ], [ -60.621031, -31.303797 ], [ -60.622275, -31.30443 ], [ -60.623946, -31.309389 ], [ -60.620342, -31.312345 ], [ -60.617205, -31.312661 ], [ -60.611459, -31.314598 ], [ -60.60491, -31.318981 ], [ -60.603567, -31.321122 ], [ -60.607222, -31.329621 ], [ -60.609892, -31.331378 ], [ -60.612462, -31.331814 ], [ -60.614022, -31.335002 ], [ -60.616709, -31.335781 ], [ -60.620909, -31.345601 ], [ -60.619092, -31.348976 ], [ -60.619909, -31.350739 ], [ -60.616556, -31.352443 ], [ -60.613015, -31.352539 ], [ -60.611698, -31.35363 ], [ -60.612634, -31.355424 ], [ -60.612115, -31.356115 ], [ -60.614719, -31.361115 ], [ -60.612682, -31.363989 ], [ -60.611633, -31.363822 ], [ -60.60749, -31.365958 ], [ -60.606207, -31.365289 ], [ -60.601768, -31.365859 ], [ -60.600394, -31.365191 ], [ -60.598105, -31.367272 ], [ -60.59897, -31.370085 ], [ -60.60146, -31.371793 ], [ -60.605628, -31.373467 ], [ -60.60844, -31.373711 ], [ -60.610901, -31.375551 ], [ -60.612131, -31.377636 ], [ -60.611721, -31.380233 ], [ -60.718868, -31.35561 ], [ -60.726829, -31.303498 ], [ -60.722501, -31.288368 ], [ -60.714609, -31.290156 ], [ -60.713681, -31.27125 ], [ -60.710719, -31.258588 ] ] ] ] } },
{ "type": "Feature", "properties": { "fid": 199, "DISTRITO": "1006", "NOMBRE1": "Nelson", "riesgo_median": 2.0, "riesgo_ponderado": 2.2088169781371865, "pct_n4_n5": 0.16885381897041629, "riesgo_alto_clase": 3, "ha": 27558.33, "b12_ha": 20806.92, "n3_ha": 6702.93, "n4_ha": 46.53, "n5_ha": 0.0 }, "geometry": { "type": "MultiPolygon", "coordinates": [ [ [ [ -60.918578, -31.364525 ], [ -60.918264, -31.358381 ], [ -60.92064, -31.356195 ], [ -60.92736, -31.355864 ], [ -60.93171, -31.35241 ], [ -60.93402, -31.352777 ], [ -60.938725, -31.355187 ], [ -60.939901, -31.351485 ], [ -60.9371, -31.349857 ], [ -60.930499, -31.349742 ], [ -60.928419, -31.346196 ], [ -60.925007, -31.346094 ], [ -60.930193, -31.342252 ], [ -60.928816, -31.337278 ], [ -60.927643, -31.335931 ], [ -60.921373, -31.335046 ], [ -60.91785, -31.335425 ], [ -60.918115, -31.330331 ], [ -60.919497, -31.329203 ], [ -60.919311, -31.328194 ], [ -60.913627, -31.32425 ], [ -60.912157, -31.321281 ], [ -60.912067, -31.319266 ], [ -60.916934, -31.316979 ], [ -60.917291, -31.315489 ], [ -60.910697, -31.316224 ], [ -60.909342, -31.314429 ], [ -60.908845, -31.311747 ], [ -60.910128, -31.309006 ], [ -60.903302, -31.307779 ], [ -60.90292, -31.307136 ], [ -60.902394, -31.304778 ], [ -60.902995, -31.30438 ], [ -60.906031, -31.306772 ], [ -60.908099, -31.306109 ], [ -60.910179, -31.301498 ], [ -60.908549, -31.298087 ], [ -60.910275, -31.296731 ], [ -60.915331, -31.295701 ], [ -60.915763, -31.289578 ], [ -60.919582, -31.285945 ], [ -60.920289, -31.284172 ], [ -60.917739, -31.279353 ], [ -60.916064, -31.279789 ], [ -60.913426, -31.283207 ], [ -60.911741, -31.278518 ], [ -60.916406, -31.277239 ], [ -60.918162, -31.27539 ], [ -60.917949, -31.273822 ], [ -60.916346, -31.273197 ], [ -60.911768, -31.273215 ], [ -60.910104, -31.276177 ], [ -60.908421, -31.276607 ], [ -60.905461, -31.273104 ], [ -60.905563, -31.269122 ], [ -60.906798, -31.2683 ], [ -60.90993, -31.269838 ], [ -60.910501, -31.269342 ], [ -60.91008, -31.267994 ], [ -60.905885, -31.265454 ], [ -60.902596, -31.265289 ], [ -60.898019, -31.266428 ], [ -60.896211, -31.265595 ], [ -60.89711, -31.261495 ], [ -60.894318, -31.2596 ], [ -60.894041, -31.25829 ], [ -60.895179, -31.257398 ], [ -60.897814, -31.257986 ], [ -60.898355, -31.256177 ], [ -60.901957, -31.254877 ], [ -60.90189, -31.253943 ], [ -60.899337, -31.252737 ], [ -60.896761, -31.252516 ], [ -60.889241, -31.255597 ], [ -60.885122, -31.251952 ], [ -60.884974, -31.25076 ], [ -60.886185, -31.24937 ], [ -60.890758, -31.247834 ], [ -60.893573, -31.247886 ], [ -60.893906, -31.244744 ], [ -60.893217, -31.243326 ], [ -60.88837, -31.241564 ], [ -60.885047, -31.241814 ], [ -60.882409, -31.243119 ], [ -60.881658, -31.245943 ], [ -60.879864, -31.246555 ], [ -60.878624, -31.244927 ], [ -60.879355, -31.241579 ], [ -60.878477, -31.241168 ], [ -60.872906, -31.244791 ], [ -60.867941, -31.246364 ], [ -60.863582, -31.243558 ], [ -60.864676, -31.242589 ], [ -60.868887, -31.243161 ], [ -60.869183, -31.242268 ], [ -60.868203, -31.241313 ], [ -60.858134, -31.242767 ], [ -60.857241, -31.242292 ], [ -60.856494, -31.23871 ], [ -60.857994, -31.236319 ], [ -60.860727, -31.234589 ], [ -60.860488, -31.233643 ], [ -60.857386, -31.233403 ], [ -60.856148, -31.23545 ], [ -60.853725, -31.233882 ], [ -60.852442, -31.231644 ], [ -60.85369, -31.226306 ], [ -60.853173, -31.223777 ], [ -60.851382, -31.223987 ], [ -60.848629, -31.227216 ], [ -60.844692, -31.225007 ], [ -60.843975, -31.223923 ], [ -60.844442, -31.219055 ], [ -60.84333, -31.216649 ], [ -60.733985, -31.235884 ], [ -60.729197, -31.223553 ], [ -60.721691, -31.224889 ], [ -60.718853, -31.214709 ], [ -60.67858, -31.221854 ], [ -60.710719, -31.258588 ], [ -60.713681, -31.27125 ], [ -60.714609, -31.290156 ], [ -60.722501, -31.288368 ], [ -60.726829, -31.303498 ], [ -60.71801, -31.361494 ], [ -60.798218, -31.345625 ], [ -60.799949, -31.351965 ], [ -60.802417, -31.352912 ], [ -60.805016, -31.357273 ], [ -60.806281, -31.35677 ], [ -60.806088, -31.353441 ], [ -60.80691, -31.3513 ], [ -60.808571, -31.350893 ], [ -60.809367, -31.351468 ], [ -60.80811, -31.356737 ], [ -60.80854, -31.358856 ], [ -60.809653, -31.359782 ], [ -60.810774, -31.359846 ], [ -60.813358, -31.357729 ], [ -60.814661, -31.355762 ], [ -60.815816, -31.351137 ], [ -60.818625, -31.35194 ], [ -60.821626, -31.354042 ], [ -60.820993, -31.355149 ], [ -60.81872, -31.354336 ], [ -60.817853, -31.355077 ], [ -60.818353, -31.357705 ], [ -60.819629, -31.358531 ], [ -60.821647, -31.357472 ], [ -60.826183, -31.350305 ], [ -60.829724, -31.350051 ], [ -60.830837, -31.353 ], [ -60.827895, -31.35572 ], [ -60.827318, -31.357591 ], [ -60.828328, -31.358122 ], [ -60.831497, -31.357288 ], [ -60.836468, -31.357531 ], [ -60.841211, -31.358929 ], [ -60.842246, -31.360393 ], [ -60.841025, -31.363003 ], [ -60.83609, -31.365086 ], [ -60.83632, -31.366817 ], [ -60.837799, -31.366879 ], [ -60.844161, -31.363485 ], [ -60.844378, -31.365022 ], [ -60.848113, -31.365373 ], [ -60.851285, -31.37036 ], [ -60.845479, -31.368999 ], [ -60.845892, -31.370962 ], [ -60.852059, -31.373047 ], [ -60.859707, -31.371139 ], [ -60.861399, -31.372358 ], [ -60.86285, -31.37785 ], [ -60.864216, -31.379396 ], [ -60.864867, -31.378458 ], [ -60.864809, -31.372094 ], [ -60.867928, -31.370758 ], [ -60.869862, -31.367733 ], [ -60.87514, -31.368265 ], [ -60.877808, -31.367422 ], [ -60.878834, -31.368265 ], [ -60.877912, -31.371963 ], [ -60.879781, -31.371812 ], [ -60.883408, -31.370048 ], [ -60.885231, -31.370116 ], [ -60.886844, -31.375171 ], [ -60.882947, -31.376927 ], [ -60.883003, -31.379625 ], [ -60.885753, -31.382896 ], [ -60.894094, -31.384498 ], [ -60.897555, -31.383881 ], [ -60.899896, -31.384384 ], [ -60.901276, -31.383939 ], [ -60.901694, -31.382833 ], [ -60.9011, -31.379301 ], [ -60.895265, -31.372469 ], [ -60.894875, -31.36965 ], [ -60.896426, -31.369745 ], [ -60.898092, -31.371106 ], [ -60.9025, -31.367929 ], [ -60.908638, -31.36775 ], [ -60.91, -31.3689 ], [ -60.910271, -31.371373 ], [ -60.912086, -31.371488 ], [ -60.914162, -31.369705 ], [ -60.913774, -31.36712 ], [ -60.914404, -31.3658 ], [ -60.918578, -31.364525 ] ] ] ] } },
{ "type": "Feature", "properties": { "fid": 200, "DISTRITO": "0914", "NOMBRE1": "Rivadavia", "riesgo_median": 2.0, "riesgo_ponderado": 2.4683811090877157, "pct_n4_n5": 0.80422263100971536, "riesgo_alto_clase": 4, "ha": 9728.52, "b12_ha": 5133.6, "n3_ha": 4524.21, "n4_ha": 78.3, "n5_ha": 0.0 }, "geometry": { "type": "MultiPolygon", "coordinates": [ [ [ [ -61.026065, -31.344277 ], [ -61.026638, -31.347331 ], [ -61.109355, -31.331947 ], [ -61.112131, -31.331309 ], [ -61.113656, -31.327711 ], [ -61.111247, -31.323728 ], [ -61.109415, -31.322764 ], [ -61.109073, -31.320732 ], [ -61.107381, -31.318479 ], [ -61.102426, -31.315473 ], [ -61.09995, -31.314844 ], [ -61.099443, -31.313447 ], [ -61.097555, -31.312361 ], [ -61.096097, -31.309239 ], [ -61.09361, -31.30733 ], [ -61.092212, -31.304895 ], [ -61.092448, -31.303921 ], [ -61.09063, -31.302869 ], [ -61.087243, -31.294866 ], [ -61.084475, -31.293252 ], [ -61.083282, -31.29444 ], [ -61.082491, -31.29388 ], [ -61.081228, -31.294484 ], [ -61.079941, -31.294088 ], [ -61.079127, -31.294803 ], [ -61.077958, -31.294238 ], [ -61.077278, -31.290169 ], [ -61.073113, -31.285443 ], [ -61.072662, -31.28361 ], [ -61.065576, -31.27924 ], [ -61.063442, -31.278648 ], [ -61.060483, -31.275384 ], [ -61.058579, -31.275787 ], [ -61.057135, -31.274674 ], [ -61.056488, -31.275306 ], [ -61.056422, -31.274554 ], [ -61.055345, -31.274511 ], [ -61.05376, -31.270987 ], [ -61.052436, -31.271331 ], [ -61.051556, -31.26963 ], [ -61.048093, -31.268992 ], [ -61.048852, -31.266699 ], [ -61.04658, -31.266608 ], [ -61.046218, -31.265155 ], [ -61.044559, -31.264046 ], [ -61.044276, -31.262768 ], [ -61.04334, -31.26257 ], [ -61.041752, -31.26016 ], [ -61.039883, -31.258564 ], [ -61.03829, -31.258285 ], [ -61.038692, -31.257279 ], [ -61.036852, -31.257023 ], [ -61.037559, -31.255866 ], [ -61.03668, -31.25266 ], [ -61.033356, -31.251228 ], [ -61.032968, -31.249847 ], [ -61.030544, -31.249994 ], [ -61.029765, -31.2483 ], [ -61.025345, -31.249204 ], [ -61.024258, -31.250324 ], [ -61.021641, -31.250289 ], [ -61.021069, -31.252697 ], [ -61.018242, -31.252316 ], [ -61.014955, -31.253245 ], [ -61.014264, -31.254181 ], [ -61.004557, -31.25537 ], [ -61.001517, -31.257868 ], [ -61.000236, -31.260168 ], [ -60.996052, -31.26169 ], [ -60.994745, -31.264878 ], [ -60.99295, -31.264344 ], [ -60.990324, -31.265697 ], [ -60.990183, -31.266982 ], [ -60.988505, -31.267512 ], [ -60.98622, -31.271901 ], [ -60.983317, -31.272227 ], [ -60.982508, -31.273751 ], [ -60.980764, -31.274551 ], [ -60.981013, -31.277986 ], [ -60.979545, -31.280567 ], [ -60.980673, -31.287304 ], [ -60.979105, -31.289088 ], [ -60.978978, -31.292881 ], [ -60.976242, -31.293777 ], [ -60.977116, -31.29454 ], [ -60.976501, -31.294844 ], [ -60.976955, -31.298962 ], [ -60.979371, -31.300954 ], [ -60.980195, -31.303329 ], [ -60.982048, -31.302718 ], [ -60.981923, -31.304971 ], [ -60.983202, -31.306457 ], [ -60.982257, -31.308613 ], [ -60.984122, -31.310936 ], [ -60.982922, -31.313812 ], [ -60.979978, -31.315991 ], [ -60.979358, -31.318377 ], [ -60.981288, -31.31927 ], [ -60.983527, -31.321738 ], [ -60.98181, -31.32277 ], [ -60.981381, -31.325895 ], [ -60.980155, -31.325622 ], [ -60.978954, -31.323855 ], [ -60.977903, -31.325159 ], [ -60.9766, -31.325282 ], [ -60.976164, -31.328629 ], [ -60.977654, -31.328456 ], [ -60.978618, -31.330038 ], [ -60.973761, -31.333485 ], [ -60.974029, -31.33504 ], [ -60.972026, -31.336231 ], [ -60.969491, -31.339398 ], [ -60.967375, -31.33849 ], [ -60.966406, -31.340307 ], [ -60.963901, -31.340301 ], [ -60.9611, -31.344452 ], [ -60.959042, -31.34448 ], [ -60.958071, -31.346088 ], [ -60.955589, -31.346516 ], [ -60.955627, -31.348382 ], [ -60.95949, -31.349715 ], [ -60.958255, -31.350716 ], [ -60.959082, -31.352218 ], [ -60.956331, -31.351466 ], [ -60.956086, -31.353258 ], [ -60.955169, -31.353774 ], [ -60.954977, -31.356769 ], [ -61.026065, -31.344277 ] ] ] ] } },
{ "type": "Feature", "properties": { "fid": 201, "DISTRITO": "0913", "NOMBRE1": "Grutly", "riesgo_median": 2.0, "riesgo_ponderado": 2.3072215356509593, "pct_n4_n5": 0.19021009080651224, "riesgo_alto_clase": 3, "ha": 16750.69, "b12_ha": 11309.58, "n3_ha": 5408.46, "n4_ha": 31.86, "n5_ha": 0.0 }, "geometry": { "type": "MultiPolygon", "coordinates": [ [ [ [ -61.13925, -31.166225 ], [ -61.137587, -31.159204 ], [ -61.107576, -31.16487 ], [ -61.109248, -31.171707 ], [ -61.046146, -31.183696 ], [ -61.044573, -31.17895 ], [ -61.024118, -31.182252 ], [ -61.028227, -31.200685 ], [ -61.025378, -31.201162 ], [ -61.024663, -31.205983 ], [ -61.025836, -31.208394 ], [ -61.023803, -31.210056 ], [ -61.015839, -31.220845 ], [ -61.014818, -31.220476 ], [ -61.01497, -31.22259 ], [ -61.013994, -31.22455 ], [ -61.013345, -31.223862 ], [ -61.012104, -31.224115 ], [ -61.007541, -31.228265 ], [ -61.004632, -31.229545 ], [ -61.004696, -31.23215 ], [ -61.003841, -31.233382 ], [ -61.004214, -31.236312 ], [ -61.002838, -31.238905 ], [ -61.002609, -31.241728 ], [ -61.003602, -31.243144 ], [ -61.001047, -31.246738 ], [ -61.001974, -31.248707 ], [ -61.001127, -31.250852 ], [ -61.002432, -31.253364 ], [ -61.000662, -31.256574 ], [ -61.000477, -31.259942 ], [ -61.001517, -31.257868 ], [ -61.005496, -31.255007 ], [ -61.014264, -31.254181 ], [ -61.014955, -31.253245 ], [ -61.018242, -31.252316 ], [ -61.021069, -31.252697 ], [ -61.021641, -31.250289 ], [ -61.024258, -31.250324 ], [ -61.025345, -31.249204 ], [ -61.029765, -31.2483 ], [ -61.030544, -31.249994 ], [ -61.033308, -31.250085 ], [ -61.033356, -31.251228 ], [ -61.036913, -31.252955 ], [ -61.037559, -31.255866 ], [ -61.036852, -31.257023 ], [ -61.038692, -31.257279 ], [ -61.03829, -31.258285 ], [ -61.039883, -31.258564 ], [ -61.041752, -31.26016 ], [ -61.04334, -31.26257 ], [ -61.044276, -31.262768 ], [ -61.044559, -31.264046 ], [ -61.046218, -31.265155 ], [ -61.04658, -31.266608 ], [ -61.048852, -31.266699 ], [ -61.048093, -31.268992 ], [ -61.051556, -31.26963 ], [ -61.052436, -31.271331 ], [ -61.05376, -31.270987 ], [ -61.055345, -31.274511 ], [ -61.056422, -31.274554 ], [ -61.056488, -31.275306 ], [ -61.057135, -31.274674 ], [ -61.058579, -31.275787 ], [ -61.060483, -31.275384 ], [ -61.063442, -31.278648 ], [ -61.065576, -31.27924 ], [ -61.072662, -31.28361 ], [ -61.073113, -31.285443 ], [ -61.077278, -31.290169 ], [ -61.077958, -31.294238 ], [ -61.079127, -31.294803 ], [ -61.079941, -31.294088 ], [ -61.081228, -31.294484 ], [ -61.082491, -31.29388 ], [ -61.083282, -31.29444 ], [ -61.084475, -31.293252 ], [ -61.087243, -31.294866 ], [ -61.09063, -31.302869 ], [ -61.092448, -31.303921 ], [ -61.092212, -31.304895 ], [ -61.09361, -31.30733 ], [ -61.096097, -31.309239 ], [ -61.096326, -31.310736 ], [ -61.099443, -31.313447 ], [ -61.09995, -31.314844 ], [ -61.102426, -31.315473 ], [ -61.107381, -31.318479 ], [ -61.109073, -31.320732 ], [ -61.109415, -31.322764 ], [ -61.11233, -31.324996 ], [ -61.113538, -31.328807 ], [ -61.118749, -31.327971 ], [ -61.115024, -31.309966 ], [ -61.168697, -31.300788 ], [ -61.157381, -31.250099 ], [ -61.156309, -31.249092 ], [ -61.136671, -31.166773 ], [ -61.13925, -31.166225 ] ] ] ] } },
{ "type": "Feature", "properties": { "fid": 202, "DISTRITO": "0912", "NOMBRE1": "Felicia", "riesgo_median": 2.0, "riesgo_ponderado": 2.3276868242309217, "pct_n4_n5": 0.16364166212106496, "riesgo_alto_clase": 3, "ha": 24072.64, "b12_ha": 16013.88, "n3_ha": 8035.92, "n4_ha": 39.42, "n5_ha": 0.0 }, "geometry": { "type": "MultiPolygon", "coordinates": [ [ [ [ -61.295679, -31.136035 ], [ -61.13834, -31.162384 ], [ -61.13925, -31.166225 ], [ -61.136671, -31.166773 ], [ -61.156309, -31.249092 ], [ -61.157381, -31.250099 ], [ -61.168697, -31.300788 ], [ -61.327263, -31.273801 ], [ -61.295679, -31.136035 ] ] ] ] } },
{ "type": "Feature", "properties": { "fid": 203, "DISTRITO": "0814", "NOMBRE1": "Lehmann", "riesgo_median": 2.0, "riesgo_ponderado": 2.2264638525262237, "pct_n4_n5": 0.53351805253187812, "riesgo_alto_clase": 4, "ha": 31819.17, "b12_ha": 24113.34, "n3_ha": 7548.93, "n4_ha": 169.83, "n5_ha": 0.0 }, "geometry": { "type": "MultiPolygon", "coordinates": [ [ [ [ -61.286443, -31.097226 ], [ -61.311142, -31.203231 ], [ -61.579641, -31.156935 ], [ -61.555381, -31.051651 ], [ -61.501902, -31.060544 ], [ -61.500877, -31.056079 ], [ -61.390841, -31.074763 ], [ -61.392065, -31.078702 ], [ -61.286443, -31.097226 ] ] ] ] } },
{ "type": "Feature", "properties": { "fid": 204, "DISTRITO": "0812", "NOMBRE1": "Ataliva", "riesgo_median": 2.0, "riesgo_ponderado": 2.2738838987949666, "pct_n4_n5": 0.18119969762995242, "riesgo_alto_clase": 3, "ha": 16194.55, "b12_ha": 11269.17, "n3_ha": 4893.57, "n4_ha": 29.34, "n5_ha": 0.0 }, "geometry": { "type": "MultiPolygon", "coordinates": [ [ [ [ -61.363002, -30.936258 ], [ -61.393982, -31.074318 ], [ -61.500877, -31.056079 ], [ -61.469746, -30.918447 ], [ -61.363002, -30.936258 ] ] ] ] } },
{ "type": "Feature", "properties": { "fid": 205, "DISTRITO": "0813", "NOMBRE1": "Galisteo", "riesgo_median": 2.0, "riesgo_ponderado": 2.2089923105335618, "pct_n4_n5": 0.047009838487626333, "riesgo_alto_clase": 2, "ha": 16128.47, "b12_ha": 12563.91, "n3_ha": 3510.27, "n4_ha": 7.56, "n5_ha": 0.0 }, "geometry": { "type": "MultiPolygon", "coordinates": [ [ [ [ -61.266432, -30.995399 ], [ -61.288021, -31.096957 ], [ -61.392065, -31.078702 ], [ -61.390841, -31.074763 ], [ -61.393982, -31.074318 ], [ -61.363865, -30.940722 ], [ -61.257995, -30.958571 ], [ -61.266432, -30.995399 ] ] ] ] } },
{ "type": "Feature", "properties": { "fid": 206, "DISTRITO": "0911", "NOMBRE1": "Sarmiento", "riesgo_median": 2.0, "riesgo_ponderado": 2.1413975216870744, "pct_n4_n5": 0.021668711115681534, "riesgo_alto_clase": 2, "ha": 24458.36, "b12_ha": 20587.86, "n3_ha": 3912.21, "n4_ha": 5.31, "n5_ha": 0.0 }, "geometry": { "type": "MultiPolygon", "coordinates": [ [ [ [ -61.266432, -30.995399 ], [ -61.105271, -31.022749 ], [ -61.13834, -31.162384 ], [ -61.295679, -31.136035 ], [ -61.286443, -31.097226 ], [ -61.288021, -31.096957 ], [ -61.266432, -30.995399 ] ] ] ] } },
{ "type": "Feature", "properties": { "fid": 207, "DISTRITO": "0910", "NOMBRE1": "Hipatia", "riesgo_median": 2.0, "riesgo_ponderado": 2.0721992680911345, "pct_n4_n5": 0.00059024908511391813, "riesgo_alto_clase": 2, "ha": 15251.89, "b12_ha": 13580.64, "n3_ha": 1667.07, "n4_ha": 0.09, "n5_ha": 0.0 }, "geometry": { "type": "MultiPolygon", "coordinates": [ [ [ [ -61.105369, -31.022711 ], [ -61.107576, -31.022342 ], [ -61.104831, -31.01055 ], [ -61.102567, -31.010942 ], [ -61.102083, -31.00875 ], [ -61.100401, -31.008913 ], [ -61.051192, -31.031611 ], [ -61.014394, -31.037642 ], [ -61.013607, -31.038301 ], [ -61.018645, -31.060239 ], [ -61.017198, -31.06048 ], [ -61.030754, -31.120405 ], [ -61.020128, -31.121863 ], [ -61.022562, -31.133541 ], [ -61.033431, -31.132244 ], [ -61.043785, -31.178451 ], [ -61.045136, -31.179497 ], [ -61.046146, -31.183696 ], [ -61.109248, -31.171707 ], [ -61.107576, -31.16487 ], [ -61.137587, -31.159204 ], [ -61.105369, -31.022711 ] ] ] ] } },
{ "type": "Feature", "properties": { "fid": 208, "DISTRITO": "0915", "NOMBRE1": "Cululu", "riesgo_median": 2.0, "riesgo_ponderado": 2.1843617556210044, "pct_n4_n5": 0.0030785965704434211, "riesgo_alto_clase": 2, "ha": 17531.98, "b12_ha": 14093.55, "n3_ha": 3446.37, "n4_ha": 0.54, "n5_ha": 0.0 }, "geometry": { "type": "MultiPolygon", "coordinates": [ [ [ [ -60.954835, -31.356794 ], [ -60.956331, -31.351466 ], [ -60.959082, -31.352218 ], [ -60.958255, -31.350716 ], [ -60.95949, -31.349715 ], [ -60.955627, -31.348382 ], [ -60.955589, -31.346516 ], [ -60.958071, -31.346088 ], [ -60.959042, -31.34448 ], [ -60.9611, -31.344452 ], [ -60.963901, -31.340301 ], [ -60.966406, -31.340307 ], [ -60.967375, -31.33849 ], [ -60.969491, -31.339398 ], [ -60.972026, -31.336231 ], [ -60.974029, -31.33504 ], [ -60.973761, -31.333485 ], [ -60.978618, -31.330038 ], [ -60.977654, -31.328456 ], [ -60.976164, -31.328629 ], [ -60.9766, -31.325282 ], [ -60.977903, -31.325159 ], [ -60.978954, -31.323855 ], [ -60.980155, -31.325622 ], [ -60.981381, -31.325895 ], [ -60.98181, -31.32277 ], [ -60.983527, -31.321738 ], [ -60.981288, -31.31927 ], [ -60.979358, -31.318377 ], [ -60.979978, -31.315991 ], [ -60.982922, -31.313812 ], [ -60.984122, -31.310936 ], [ -60.982257, -31.308613 ], [ -60.983202, -31.306457 ], [ -60.981923, -31.304971 ], [ -60.982048, -31.302718 ], [ -60.980195, -31.303329 ], [ -60.979371, -31.300954 ], [ -60.976955, -31.298962 ], [ -60.976501, -31.294844 ], [ -60.977116, -31.29454 ], [ -60.976242, -31.293777 ], [ -60.978978, -31.292881 ], [ -60.979105, -31.289088 ], [ -60.980673, -31.287304 ], [ -60.979545, -31.280567 ], [ -60.981013, -31.277986 ], [ -60.980764, -31.274551 ], [ -60.982508, -31.273751 ], [ -60.983317, -31.272227 ], [ -60.98622, -31.271901 ], [ -60.988505, -31.267512 ], [ -60.990183, -31.266982 ], [ -60.990746, -31.265339 ], [ -60.99295, -31.264344 ], [ -60.994745, -31.264878 ], [ -60.996052, -31.26169 ], [ -61.000477, -31.259942 ], [ -61.000662, -31.256574 ], [ -61.002432, -31.253364 ], [ -61.001127, -31.250852 ], [ -61.001974, -31.248707 ], [ -61.001047, -31.246738 ], [ -61.003602, -31.243144 ], [ -61.001027, -31.240765 ], [ -60.998331, -31.236313 ], [ -60.994634, -31.234422 ], [ -60.993245, -31.23127 ], [ -60.990714, -31.23118 ], [ -60.990027, -31.229627 ], [ -60.987175, -31.228118 ], [ -60.985606, -31.228098 ], [ -60.984925, -31.226651 ], [ -60.98254, -31.225871 ], [ -60.979418, -31.22328 ], [ -60.978569, -31.221302 ], [ -60.973718, -31.219923 ], [ -60.972587, -31.218217 ], [ -60.967582, -31.217668 ], [ -60.966397, -31.216901 ], [ -60.9655, -31.215599 ], [ -60.960224, -31.212688 ], [ -60.959982, -31.21004 ], [ -60.957339, -31.209042 ], [ -60.957026, -31.206988 ], [ -60.952975, -31.20303 ], [ -60.950169, -31.202906 ], [ -60.944989, -31.199414 ], [ -60.945457, -31.196567 ], [ -60.944364, -31.19481 ], [ -60.944471, -31.191273 ], [ -60.94239, -31.187859 ], [ -60.943335, -31.184119 ], [ -60.944417, -31.183126 ], [ -60.942808, -31.17298 ], [ -60.945472, -31.171593 ], [ -60.947866, -31.166969 ], [ -60.951521, -31.164219 ], [ -60.954851, -31.159537 ], [ -60.845787, -31.177086 ], [ -60.84794, -31.179836 ], [ -60.848756, -31.182434 ], [ -60.841096, -31.188637 ], [ -60.845928, -31.190395 ], [ -60.846012, -31.191621 ], [ -60.840899, -31.195728 ], [ -60.839228, -31.199851 ], [ -60.839261, -31.204507 ], [ -60.835949, -31.209564 ], [ -60.840274, -31.211176 ], [ -60.844442, -31.219055 ], [ -60.843975, -31.223923 ], [ -60.845671, -31.225906 ], [ -60.848629, -31.227216 ], [ -60.851382, -31.223987 ], [ -60.853472, -31.224044 ], [ -60.853475, -31.228004 ], [ -60.852442, -31.231644 ], [ -60.854645, -31.234835 ], [ -60.856581, -31.235422 ], [ -60.856886, -31.233907 ], [ -60.857975, -31.233163 ], [ -60.860488, -31.233643 ], [ -60.860727, -31.234589 ], [ -60.857994, -31.236319 ], [ -60.856494, -31.23871 ], [ -60.857241, -31.242292 ], [ -60.858134, -31.242767 ], [ -60.868203, -31.241313 ], [ -60.869183, -31.242268 ], [ -60.868887, -31.243161 ], [ -60.864676, -31.242589 ], [ -60.863582, -31.243558 ], [ -60.867941, -31.246364 ], [ -60.872906, -31.244791 ], [ -60.878477, -31.241168 ], [ -60.879355, -31.241579 ], [ -60.878624, -31.244927 ], [ -60.879864, -31.246555 ], [ -60.881658, -31.245943 ], [ -60.882409, -31.243119 ], [ -60.885047, -31.241814 ], [ -60.88837, -31.241564 ], [ -60.893217, -31.243326 ], [ -60.893906, -31.244744 ], [ -60.893573, -31.247886 ], [ -60.890758, -31.247834 ], [ -60.886185, -31.24937 ], [ -60.884974, -31.25076 ], [ -60.885122, -31.251952 ], [ -60.889241, -31.255597 ], [ -60.896761, -31.252516 ], [ -60.899337, -31.252737 ], [ -60.90189, -31.253943 ], [ -60.901957, -31.254877 ], [ -60.898355, -31.256177 ], [ -60.897814, -31.257986 ], [ -60.895179, -31.257398 ], [ -60.894041, -31.25829 ], [ -60.894318, -31.2596 ], [ -60.89711, -31.261495 ], [ -60.896211, -31.265595 ], [ -60.898019, -31.266428 ], [ -60.902596, -31.265289 ], [ -60.905885, -31.265454 ], [ -60.91008, -31.267994 ], [ -60.910501, -31.269342 ], [ -60.90993, -31.269838 ], [ -60.906798, -31.2683 ], [ -60.905563, -31.269122 ], [ -60.905461, -31.273104 ], [ -60.908421, -31.276607 ], [ -60.910104, -31.276177 ], [ -60.910935, -31.273858 ], [ -60.912327, -31.27307 ], [ -60.916346, -31.273197 ], [ -60.91825, -31.274329 ], [ -60.916406, -31.277239 ], [ -60.911741, -31.278518 ], [ -60.913426, -31.283207 ], [ -60.916064, -31.279789 ], [ -60.917212, -31.279357 ], [ -60.918269, -31.27966 ], [ -60.920045, -31.282759 ], [ -60.919582, -31.285945 ], [ -60.915763, -31.289578 ], [ -60.915785, -31.295018 ], [ -60.914439, -31.296264 ], [ -60.90907, -31.297461 ], [ -60.908588, -31.298709 ], [ -60.910179, -31.301498 ], [ -60.909107, -31.304702 ], [ -60.906789, -31.306827 ], [ -60.902819, -31.304438 ], [ -60.90292, -31.307136 ], [ -60.903302, -31.307779 ], [ -60.910128, -31.309006 ], [ -60.908845, -31.311747 ], [ -60.909342, -31.314429 ], [ -60.910697, -31.316224 ], [ -60.917291, -31.315489 ], [ -60.916934, -31.316979 ], [ -60.912067, -31.319266 ], [ -60.912157, -31.321281 ], [ -60.913627, -31.32425 ], [ -60.919311, -31.328194 ], [ -60.919497, -31.329203 ], [ -60.918115, -31.330331 ], [ -60.91785, -31.335425 ], [ -60.921373, -31.335046 ], [ -60.927643, -31.335931 ], [ -60.928816, -31.337278 ], [ -60.930193, -31.342252 ], [ -60.925007, -31.346094 ], [ -60.928419, -31.346196 ], [ -60.930499, -31.349742 ], [ -60.9371, -31.349857 ], [ -60.939901, -31.351485 ], [ -60.938725, -31.355187 ], [ -60.93402, -31.352777 ], [ -60.93171, -31.35241 ], [ -60.92736, -31.355864 ], [ -60.92064, -31.356195 ], [ -60.918264, -31.358381 ], [ -60.918564, -31.36086 ], [ -60.923487, -31.363453 ], [ -60.925751, -31.361765 ], [ -60.926222, -31.364484 ], [ -60.927553, -31.364093 ], [ -60.928755, -31.361886 ], [ -60.932047, -31.363009 ], [ -60.93264, -31.361189 ], [ -60.931899, -31.359332 ], [ -60.929346, -31.359876 ], [ -60.926835, -31.358938 ], [ -60.933437, -31.35741 ], [ -60.936342, -31.358822 ], [ -60.938598, -31.362006 ], [ -60.940218, -31.362758 ], [ -60.942449, -31.363363 ], [ -60.944107, -31.362348 ], [ -60.94583, -31.362287 ], [ -60.946853, -31.363081 ], [ -60.945564, -31.358437 ], [ -60.954835, -31.356794 ] ] ] ] } },
{ "type": "Feature", "properties": { "fid": 209, "DISTRITO": "0909", "NOMBRE1": "Progreso", "riesgo_median": 2.0, "riesgo_ponderado": 2.2542422649085307, "pct_n4_n5": 0.11472040316027395, "riesgo_alto_clase": 3, "ha": 13183.36, "b12_ha": 9547.56, "n3_ha": 3617.19, "n4_ha": 15.12, "n5_ha": 0.0 }, "geometry": { "type": "MultiPolygon", "coordinates": [ [ [ [ -61.017198, -31.06048 ], [ -60.948213, -31.072009 ], [ -60.946965, -31.073738 ], [ -60.947766, -31.074722 ], [ -60.945838, -31.074881 ], [ -60.946687, -31.076623 ], [ -60.943033, -31.081444 ], [ -60.943221, -31.083208 ], [ -60.941435, -31.086341 ], [ -60.942288, -31.088105 ], [ -60.940739, -31.091009 ], [ -60.942123, -31.093068 ], [ -60.94086, -31.09588 ], [ -60.943216, -31.097505 ], [ -60.942139, -31.099659 ], [ -60.943224, -31.100826 ], [ -60.940795, -31.102174 ], [ -60.942461, -31.102448 ], [ -60.944197, -31.105208 ], [ -60.94317, -31.106702 ], [ -60.944822, -31.107454 ], [ -60.944695, -31.108943 ], [ -60.945747, -31.109395 ], [ -60.946129, -31.110989 ], [ -60.947804, -31.111266 ], [ -60.947506, -31.113187 ], [ -60.948876, -31.113789 ], [ -60.94969, -31.115357 ], [ -60.948326, -31.117441 ], [ -60.951247, -31.11906 ], [ -60.951976, -31.122649 ], [ -60.954013, -31.123364 ], [ -60.953679, -31.124157 ], [ -60.956527, -31.128853 ], [ -60.956478, -31.135378 ], [ -60.957326, -31.138205 ], [ -60.958718, -31.139385 ], [ -60.9601, -31.144747 ], [ -60.958844, -31.146225 ], [ -60.95998, -31.148799 ], [ -60.95926, -31.150147 ], [ -60.959849, -31.15138 ], [ -60.958025, -31.155193 ], [ -60.954896, -31.159139 ], [ -60.95474, -31.160513 ], [ -60.953139, -31.161318 ], [ -60.951521, -31.164219 ], [ -60.947866, -31.166969 ], [ -60.945472, -31.171593 ], [ -60.942808, -31.17298 ], [ -60.944417, -31.183126 ], [ -60.943335, -31.184119 ], [ -60.94239, -31.187859 ], [ -60.944471, -31.191273 ], [ -60.944364, -31.19481 ], [ -60.945457, -31.196567 ], [ -60.944989, -31.199414 ], [ -60.950169, -31.202906 ], [ -60.952975, -31.20303 ], [ -60.957026, -31.206988 ], [ -60.957339, -31.209042 ], [ -60.959982, -31.21004 ], [ -60.960224, -31.212688 ], [ -60.9655, -31.215599 ], [ -60.966397, -31.216901 ], [ -60.967582, -31.217668 ], [ -60.972587, -31.218217 ], [ -60.973718, -31.219923 ], [ -60.978569, -31.221302 ], [ -60.979418, -31.22328 ], [ -60.98254, -31.225871 ], [ -60.984925, -31.226651 ], [ -60.985606, -31.228098 ], [ -60.987175, -31.228118 ], [ -60.990027, -31.229627 ], [ -60.990714, -31.23118 ], [ -60.992759, -31.230913 ], [ -60.994634, -31.234422 ], [ -60.998331, -31.236313 ], [ -61.001027, -31.240765 ], [ -61.002609, -31.241728 ], [ -61.002838, -31.238905 ], [ -61.004214, -31.236312 ], [ -61.003841, -31.233382 ], [ -61.004696, -31.23215 ], [ -61.004632, -31.229545 ], [ -61.007541, -31.228265 ], [ -61.012104, -31.224115 ], [ -61.013345, -31.223862 ], [ -61.013994, -31.22455 ], [ -61.01497, -31.22259 ], [ -61.014818, -31.220476 ], [ -61.015839, -31.220845 ], [ -61.023803, -31.210056 ], [ -61.025836, -31.208394 ], [ -61.024663, -31.205983 ], [ -61.025378, -31.201162 ], [ -61.028227, -31.200685 ], [ -61.024118, -31.182252 ], [ -61.044573, -31.17895 ], [ -61.043785, -31.178451 ], [ -61.033431, -31.132244 ], [ -61.022562, -31.133541 ], [ -61.020128, -31.121863 ], [ -61.030754, -31.120405 ], [ -61.017198, -31.06048 ] ] ] ] } },
{ "type": "Feature", "properties": { "fid": 210, "DISTRITO": "0905", "NOMBRE1": "Soutomayor", "riesgo_median": 2.0, "riesgo_ponderado": 2.1888368004687959, "pct_n4_n5": 0.030091621067302284, "riesgo_alto_clase": 2, "ha": 22773.98, "b12_ha": 18279.27, "n3_ha": 4444.47, "n4_ha": 6.84, "n5_ha": 0.0 }, "geometry": { "type": "MultiPolygon", "coordinates": [ [ [ [ -61.124032, -31.01959 ], [ -61.266432, -30.995399 ], [ -61.234139, -30.855634 ], [ -61.074877, -30.883131 ], [ -61.085778, -30.92891 ], [ -61.086538, -30.929546 ], [ -61.101987, -30.926843 ], [ -61.10321, -30.927527 ], [ -61.124032, -31.01959 ] ] ] ] } },
{ "type": "Feature", "properties": { "fid": 211, "DISTRITO": "1003", "NOMBRE1": "Llambi Campbell", "riesgo_median": 2.0, "riesgo_ponderado": 2.2915596269375023, "pct_n4_n5": 0.46831955922865004, "riesgo_alto_clase": 3, "ha": 27142.56, "b12_ha": 19084.14, "n3_ha": 7904.97, "n4_ha": 126.99, "n5_ha": 0.0 }, "geometry": { "type": "MultiPolygon", "coordinates": [ [ [ [ -60.55828, -31.168928 ], [ -60.59194, -31.209168 ], [ -60.611142, -31.233858 ], [ -60.718853, -31.214709 ], [ -60.721691, -31.224889 ], [ -60.729197, -31.223553 ], [ -60.733985, -31.235884 ], [ -60.84333, -31.216649 ], [ -60.840274, -31.211176 ], [ -60.835949, -31.209564 ], [ -60.839261, -31.204507 ], [ -60.839228, -31.199851 ], [ -60.840899, -31.195728 ], [ -60.846012, -31.191621 ], [ -60.845928, -31.190395 ], [ -60.841321, -31.189109 ], [ -60.841144, -31.188264 ], [ -60.848756, -31.182434 ], [ -60.847055, -31.178454 ], [ -60.843182, -31.175484 ], [ -60.836941, -31.176131 ], [ -60.832977, -31.177772 ], [ -60.829766, -31.176543 ], [ -60.829385, -31.17488 ], [ -60.832122, -31.169542 ], [ -60.836745, -31.171464 ], [ -60.838132, -31.171339 ], [ -60.8368, -31.165902 ], [ -60.831974, -31.167984 ], [ -60.830181, -31.167743 ], [ -60.829216, -31.166411 ], [ -60.829979, -31.164778 ], [ -60.836412, -31.162877 ], [ -60.832938, -31.160517 ], [ -60.831241, -31.160174 ], [ -60.830227, -31.158936 ], [ -60.830948, -31.156767 ], [ -60.833338, -31.155023 ], [ -60.829615, -31.154967 ], [ -60.827747, -31.154119 ], [ -60.827128, -31.154816 ], [ -60.827728, -31.157598 ], [ -60.826569, -31.158581 ], [ -60.820971, -31.154148 ], [ -60.820636, -31.149567 ], [ -60.822382, -31.148444 ], [ -60.825671, -31.147773 ], [ -60.825266, -31.146361 ], [ -60.826151, -31.144784 ], [ -60.824816, -31.143565 ], [ -60.816206, -31.14409 ], [ -60.814564, -31.147152 ], [ -60.813248, -31.147773 ], [ -60.808801, -31.144331 ], [ -60.808657, -31.142918 ], [ -60.81183, -31.137085 ], [ -60.812288, -31.132924 ], [ -60.811524, -31.131995 ], [ -60.807982, -31.134146 ], [ -60.805463, -31.13366 ], [ -60.803173, -31.134106 ], [ -60.800787, -31.133908 ], [ -60.795916, -31.131492 ], [ -60.792689, -31.133871 ], [ -60.791501, -31.133992 ], [ -60.787515, -31.131959 ], [ -60.785594, -31.129922 ], [ -60.7835, -31.13219 ], [ -60.782238, -31.13192 ], [ -60.700155, -31.1462 ], [ -60.691575, -31.108159 ], [ -60.549288, -31.132335 ], [ -60.55828, -31.168928 ] ] ] ] } },
{ "type": "Feature", "properties": { "fid": 212, "DISTRITO": "1002", "NOMBRE1": "Cabal", "riesgo_median": 3.0, "riesgo_ponderado": 2.5716949563840248, "pct_n4_n5": 1.7242039924901338, "riesgo_alto_clase": 4, "ha": 7073.51, "b12_ha": 3123.27, "n3_ha": 3801.96, "n4_ha": 121.5, "n5_ha": 0.0 }, "geometry": { "type": "MultiPolygon", "coordinates": [ [ [ [ -60.67278, -31.100444 ], [ -60.670252, -31.111959 ], [ -60.691575, -31.108159 ], [ -60.700155, -31.1462 ], [ -60.782238, -31.13192 ], [ -60.782326, -31.129895 ], [ -60.784894, -31.127292 ], [ -60.780454, -31.127121 ], [ -60.784555, -31.125473 ], [ -60.785197, -31.121565 ], [ -60.784336, -31.120821 ], [ -60.781085, -31.121321 ], [ -60.780571, -31.119916 ], [ -60.78144, -31.118459 ], [ -60.783324, -31.117413 ], [ -60.786345, -31.117273 ], [ -60.788195, -31.118393 ], [ -60.790281, -31.121397 ], [ -60.791884, -31.119106 ], [ -60.791875, -31.118031 ], [ -60.788991, -31.11522 ], [ -60.788117, -31.112906 ], [ -60.786705, -31.113112 ], [ -60.786378, -31.115264 ], [ -60.785057, -31.114636 ], [ -60.782721, -31.110322 ], [ -60.777558, -31.110184 ], [ -60.776165, -31.108665 ], [ -60.777038, -31.106877 ], [ -60.778282, -31.106191 ], [ -60.780715, -31.106261 ], [ -60.783751, -31.107713 ], [ -60.785129, -31.107337 ], [ -60.785221, -31.104129 ], [ -60.780816, -31.104553 ], [ -60.780326, -31.103799 ], [ -60.781339, -31.094983 ], [ -60.782739, -31.092544 ], [ -60.784376, -31.09177 ], [ -60.785727, -31.092073 ], [ -60.78603, -31.093004 ], [ -60.784332, -31.094429 ], [ -60.786793, -31.09382 ], [ -60.788286, -31.095508 ], [ -60.793858, -31.093593 ], [ -60.796542, -31.090295 ], [ -60.797546, -31.092382 ], [ -60.79916, -31.092768 ], [ -60.802862, -31.090382 ], [ -60.804883, -31.100992 ], [ -60.806517, -31.101845 ], [ -60.812233, -31.101371 ], [ -60.814617, -31.095726 ], [ -60.819808, -31.087688 ], [ -60.82351, -31.090154 ], [ -60.826905, -31.094969 ], [ -60.828221, -31.095102 ], [ -60.82883, -31.093316 ], [ -60.827905, -31.089051 ], [ -60.828301, -31.085399 ], [ -60.825923, -31.084085 ], [ -60.824983, -31.085619 ], [ -60.822519, -31.085663 ], [ -60.819999, -31.083189 ], [ -60.819985, -31.081577 ], [ -60.823789, -31.083427 ], [ -60.825888, -31.08289 ], [ -60.828279, -31.071539 ], [ -60.828985, -31.071471 ], [ -60.829321, -31.073272 ], [ -60.831615, -31.074403 ], [ -60.832705, -31.073137 ], [ -60.831958, -31.070341 ], [ -60.83446, -31.068982 ], [ -60.835497, -31.069173 ], [ -60.837241, -31.07134 ], [ -60.838424, -31.071289 ], [ -60.838615, -31.066904 ], [ -60.843917, -31.065434 ], [ -60.844923, -31.062047 ], [ -60.844307, -31.06116 ], [ -60.843388, -31.061515 ], [ -60.842383, -31.064772 ], [ -60.764925, -31.077798 ], [ -60.672184, -31.091562 ], [ -60.671562, -31.088861 ], [ -60.665623, -31.089787 ], [ -60.668271, -31.101274 ], [ -60.67278, -31.100444 ] ] ] ] } },
{ "type": "Feature", "properties": { "fid": 213, "DISTRITO": "1001", "NOMBRE1": "Emilia", "riesgo_median": 3.0, "riesgo_ponderado": 2.544003812042944, "pct_n4_n5": 1.3390773300140033, "riesgo_alto_clase": 4, "ha": 9250.7, "b12_ha": 4312.53, "n3_ha": 4818.42, "n4_ha": 123.93, "n5_ha": 0.0 }, "geometry": { "type": "MultiPolygon", "coordinates": [ [ [ [ -60.657896, -31.042117 ], [ -60.666123, -31.083674 ], [ -60.664282, -31.083962 ], [ -60.665623, -31.089787 ], [ -60.671562, -31.088861 ], [ -60.672184, -31.091562 ], [ -60.764925, -31.077798 ], [ -60.84158, -31.064578 ], [ -60.84037, -31.063473 ], [ -60.840024, -31.061725 ], [ -60.844492, -31.0587 ], [ -60.846439, -31.055014 ], [ -60.841478, -31.055192 ], [ -60.840271, -31.058117 ], [ -60.838799, -31.059078 ], [ -60.837211, -31.058533 ], [ -60.83692, -31.057033 ], [ -60.839284, -31.054922 ], [ -60.839267, -31.053824 ], [ -60.83858, -31.052654 ], [ -60.83556, -31.051047 ], [ -60.834313, -31.047477 ], [ -60.840558, -31.045839 ], [ -60.841697, -31.042593 ], [ -60.8397, -31.04142 ], [ -60.83529, -31.040809 ], [ -60.834311, -31.037846 ], [ -60.833025, -31.036679 ], [ -60.830807, -31.037133 ], [ -60.828794, -31.036347 ], [ -60.828237, -31.032503 ], [ -60.827143, -31.032804 ], [ -60.825533, -31.040851 ], [ -60.824717, -31.041493 ], [ -60.824137, -31.036913 ], [ -60.823433, -31.036817 ], [ -60.821615, -31.038906 ], [ -60.820729, -31.03852 ], [ -60.820368, -31.034198 ], [ -60.817037, -31.036567 ], [ -60.816132, -31.036374 ], [ -60.816193, -31.031989 ], [ -60.812173, -31.030544 ], [ -60.81128, -31.025882 ], [ -60.809113, -31.02598 ], [ -60.804545, -31.028119 ], [ -60.804353, -31.027098 ], [ -60.807032, -31.024692 ], [ -60.818173, -31.017621 ], [ -60.818326, -31.016291 ], [ -60.817113, -31.015662 ], [ -60.811633, -31.018186 ], [ -60.812049, -31.016782 ], [ -60.814212, -31.015086 ], [ -60.741565, -31.028341 ], [ -60.657896, -31.042117 ] ] ] ] } },
{ "type": "Feature", "properties": { "fid": 214, "DISTRITO": "0908", "NOMBRE1": "Santo Domingo", "riesgo_median": 2.0, "riesgo_ponderado": 2.3288359513159262, "pct_n4_n5": 0.19296785602829505, "riesgo_alto_clase": 3, "ha": 17291.62, "b12_ha": 11436.48, "n3_ha": 5833.53, "n4_ha": 33.39, "n5_ha": 0.0 }, "geometry": { "type": "MultiPolygon", "coordinates": [ [ [ [ -60.956523, -31.039835 ], [ -60.844215, -31.058893 ], [ -60.840315, -31.061172 ], [ -60.83998, -31.06232 ], [ -60.840992, -31.06415 ], [ -60.842383, -31.064772 ], [ -60.843388, -31.061515 ], [ -60.844307, -31.06116 ], [ -60.844858, -31.063985 ], [ -60.843231, -31.065848 ], [ -60.840849, -31.06592 ], [ -60.838615, -31.066904 ], [ -60.838424, -31.071289 ], [ -60.837241, -31.07134 ], [ -60.835497, -31.069173 ], [ -60.83446, -31.068982 ], [ -60.831958, -31.070341 ], [ -60.832705, -31.073137 ], [ -60.831319, -31.074405 ], [ -60.829321, -31.073272 ], [ -60.828499, -31.071311 ], [ -60.825888, -31.08289 ], [ -60.823789, -31.083427 ], [ -60.820353, -31.081278 ], [ -60.819792, -31.082003 ], [ -60.819999, -31.083189 ], [ -60.822519, -31.085663 ], [ -60.824983, -31.085619 ], [ -60.825923, -31.084085 ], [ -60.828301, -31.085399 ], [ -60.827905, -31.089051 ], [ -60.82883, -31.093316 ], [ -60.828221, -31.095102 ], [ -60.826905, -31.094969 ], [ -60.82351, -31.090154 ], [ -60.819808, -31.087688 ], [ -60.814617, -31.095726 ], [ -60.812233, -31.101371 ], [ -60.806517, -31.101845 ], [ -60.804883, -31.100992 ], [ -60.802862, -31.090382 ], [ -60.79916, -31.092768 ], [ -60.797546, -31.092382 ], [ -60.796542, -31.090295 ], [ -60.793858, -31.093593 ], [ -60.788286, -31.095508 ], [ -60.786793, -31.09382 ], [ -60.784332, -31.094429 ], [ -60.78603, -31.093004 ], [ -60.785727, -31.092073 ], [ -60.784376, -31.09177 ], [ -60.782739, -31.092544 ], [ -60.781339, -31.094983 ], [ -60.780326, -31.103799 ], [ -60.780816, -31.104553 ], [ -60.785221, -31.104129 ], [ -60.785129, -31.107337 ], [ -60.783751, -31.107713 ], [ -60.780715, -31.106261 ], [ -60.778282, -31.106191 ], [ -60.777038, -31.106877 ], [ -60.776165, -31.108665 ], [ -60.777558, -31.110184 ], [ -60.782721, -31.110322 ], [ -60.785057, -31.114636 ], [ -60.786378, -31.115264 ], [ -60.786705, -31.113112 ], [ -60.788117, -31.112906 ], [ -60.788991, -31.11522 ], [ -60.791875, -31.118031 ], [ -60.791884, -31.119106 ], [ -60.790281, -31.121397 ], [ -60.788195, -31.118393 ], [ -60.786345, -31.117273 ], [ -60.783324, -31.117413 ], [ -60.78144, -31.118459 ], [ -60.780571, -31.119916 ], [ -60.781085, -31.121321 ], [ -60.784336, -31.120821 ], [ -60.785197, -31.121565 ], [ -60.784555, -31.125473 ], [ -60.78039, -31.127347 ], [ -60.784894, -31.127292 ], [ -60.782326, -31.129895 ], [ -60.782303, -31.132017 ], [ -60.7835, -31.13219 ], [ -60.784073, -31.130871 ], [ -60.785866, -31.129934 ], [ -60.787515, -31.131959 ], [ -60.790543, -31.133844 ], [ -60.792689, -31.133871 ], [ -60.796311, -31.131489 ], [ -60.800787, -31.133908 ], [ -60.807522, -31.134199 ], [ -60.811524, -31.131995 ], [ -60.812288, -31.132924 ], [ -60.811481, -31.13853 ], [ -60.808533, -31.143767 ], [ -60.811811, -31.147069 ], [ -60.814112, -31.147565 ], [ -60.816206, -31.14409 ], [ -60.823759, -31.143541 ], [ -60.825603, -31.143999 ], [ -60.826206, -31.14515 ], [ -60.825266, -31.146361 ], [ -60.825671, -31.147773 ], [ -60.822382, -31.148444 ], [ -60.820295, -31.150036 ], [ -60.820971, -31.154148 ], [ -60.826569, -31.158581 ], [ -60.827728, -31.157598 ], [ -60.827128, -31.154816 ], [ -60.827747, -31.154119 ], [ -60.829615, -31.154967 ], [ -60.833338, -31.155023 ], [ -60.830948, -31.156767 ], [ -60.830227, -31.158936 ], [ -60.831241, -31.160174 ], [ -60.832938, -31.160517 ], [ -60.836412, -31.162877 ], [ -60.829979, -31.164778 ], [ -60.829216, -31.166411 ], [ -60.830181, -31.167743 ], [ -60.831974, -31.167984 ], [ -60.8368, -31.165902 ], [ -60.838132, -31.171339 ], [ -60.836745, -31.171464 ], [ -60.832122, -31.169542 ], [ -60.829385, -31.17488 ], [ -60.829766, -31.176543 ], [ -60.83189, -31.177665 ], [ -60.841352, -31.17538 ], [ -60.843182, -31.175484 ], [ -60.846019, -31.177053 ], [ -60.954851, -31.159537 ], [ -60.959849, -31.15138 ], [ -60.95926, -31.150147 ], [ -60.95998, -31.148799 ], [ -60.958844, -31.146225 ], [ -60.9601, -31.144747 ], [ -60.95966, -31.142138 ], [ -60.958718, -31.139385 ], [ -60.957326, -31.138205 ], [ -60.956255, -31.133595 ], [ -60.956527, -31.128853 ], [ -60.953679, -31.124157 ], [ -60.954013, -31.123364 ], [ -60.951976, -31.122649 ], [ -60.951247, -31.11906 ], [ -60.948326, -31.117441 ], [ -60.949615, -31.114776 ], [ -60.947506, -31.113187 ], [ -60.947804, -31.111266 ], [ -60.946129, -31.110989 ], [ -60.945747, -31.109395 ], [ -60.944695, -31.108943 ], [ -60.944822, -31.107454 ], [ -60.94317, -31.106702 ], [ -60.944197, -31.105208 ], [ -60.942461, -31.102448 ], [ -60.940795, -31.102174 ], [ -60.943224, -31.100826 ], [ -60.942139, -31.099659 ], [ -60.943216, -31.097505 ], [ -60.94086, -31.09588 ], [ -60.942123, -31.093068 ], [ -60.940739, -31.091009 ], [ -60.942288, -31.088105 ], [ -60.941435, -31.086341 ], [ -60.943221, -31.083208 ], [ -60.943033, -31.081444 ], [ -60.946687, -31.076623 ], [ -60.945838, -31.074881 ], [ -60.947766, -31.074722 ], [ -60.946965, -31.073738 ], [ -60.948212, -31.071942 ], [ -60.947299, -31.070911 ], [ -60.948662, -31.070392 ], [ -60.949089, -31.068655 ], [ -60.951046, -31.068663 ], [ -60.950917, -31.067324 ], [ -60.952001, -31.066319 ], [ -60.949609, -31.064203 ], [ -60.947602, -31.063582 ], [ -60.94753, -31.060182 ], [ -60.949139, -31.05891 ], [ -60.94915, -31.05773 ], [ -60.951326, -31.057214 ], [ -60.952138, -31.05535 ], [ -60.953311, -31.054934 ], [ -60.952573, -31.053317 ], [ -60.954767, -31.052877 ], [ -60.955003, -31.051918 ], [ -60.954064, -31.050704 ], [ -60.95549, -31.050467 ], [ -60.95556, -31.049052 ], [ -60.956991, -31.048339 ], [ -60.956243, -31.04781 ], [ -60.957719, -31.04386 ], [ -60.955926, -31.041199 ], [ -60.956523, -31.039835 ] ] ] ] } },
{ "type": "Feature", "properties": { "fid": 215, "DISTRITO": "0907", "NOMBRE1": "Maria Luisa", "riesgo_median": 2.0, "riesgo_ponderado": 2.4408688570265116, "pct_n4_n5": 0.82620716260528526, "riesgo_alto_clase": 4, "ha": 8400.98, "b12_ha": 4577.58, "n3_ha": 3751.65, "n4_ha": 69.39, "n5_ha": 0.0 }, "geometry": { "type": "MultiPolygon", "coordinates": [ [ [ [ -60.940988, -30.975764 ], [ -60.85457, -30.992063 ], [ -60.859308, -30.996662 ], [ -60.859562, -30.998771 ], [ -60.853156, -30.999281 ], [ -60.851785, -31.001457 ], [ -60.850672, -31.001903 ], [ -60.850214, -31.003928 ], [ -60.844488, -31.006313 ], [ -60.843176, -31.010254 ], [ -60.841956, -31.009696 ], [ -60.842042, -31.007691 ], [ -60.841113, -31.006226 ], [ -60.835788, -31.006375 ], [ -60.835025, -31.007086 ], [ -60.837851, -31.009681 ], [ -60.833098, -31.01134 ], [ -60.83461, -31.013754 ], [ -60.829205, -31.013599 ], [ -60.829697, -31.01049 ], [ -60.828607, -31.009696 ], [ -60.827649, -31.010107 ], [ -60.827444, -31.012958 ], [ -60.823169, -31.012391 ], [ -60.822326, -31.015505 ], [ -60.817811, -31.012786 ], [ -60.816134, -31.012528 ], [ -60.811402, -31.018017 ], [ -60.812635, -31.018208 ], [ -60.817113, -31.015662 ], [ -60.818326, -31.016291 ], [ -60.818173, -31.017621 ], [ -60.807032, -31.024692 ], [ -60.804353, -31.027098 ], [ -60.804545, -31.028119 ], [ -60.809113, -31.02598 ], [ -60.81128, -31.025882 ], [ -60.812173, -31.030544 ], [ -60.816193, -31.031989 ], [ -60.816132, -31.036374 ], [ -60.817037, -31.036567 ], [ -60.820368, -31.034198 ], [ -60.820729, -31.03852 ], [ -60.821615, -31.038906 ], [ -60.823433, -31.036817 ], [ -60.824137, -31.036913 ], [ -60.824717, -31.041493 ], [ -60.825533, -31.040851 ], [ -60.827143, -31.032804 ], [ -60.82799, -31.032406 ], [ -60.828794, -31.036347 ], [ -60.830807, -31.037133 ], [ -60.833025, -31.036679 ], [ -60.834311, -31.037846 ], [ -60.83529, -31.040809 ], [ -60.8397, -31.04142 ], [ -60.841697, -31.042593 ], [ -60.840558, -31.045839 ], [ -60.835719, -31.046704 ], [ -60.834203, -31.048015 ], [ -60.83556, -31.051047 ], [ -60.83858, -31.052654 ], [ -60.839267, -31.053824 ], [ -60.839284, -31.054922 ], [ -60.836748, -31.057564 ], [ -60.837211, -31.058533 ], [ -60.838799, -31.059078 ], [ -60.840271, -31.058117 ], [ -60.841478, -31.055192 ], [ -60.842355, -31.054883 ], [ -60.846439, -31.055014 ], [ -60.844215, -31.058893 ], [ -60.956605, -31.039731 ], [ -60.95561, -31.038875 ], [ -60.957908, -31.037554 ], [ -60.955041, -31.036634 ], [ -60.956633, -31.036115 ], [ -60.955426, -31.028926 ], [ -60.956588, -31.023823 ], [ -60.955966, -31.020424 ], [ -60.952803, -31.015065 ], [ -60.953134, -31.014556 ], [ -60.951614, -31.01377 ], [ -60.951183, -31.012651 ], [ -60.951676, -31.011525 ], [ -60.9531, -31.01108 ], [ -60.95181, -31.00812 ], [ -60.954283, -31.007559 ], [ -60.953464, -31.005501 ], [ -60.957856, -31.003549 ], [ -60.958302, -31.002025 ], [ -60.957157, -30.999774 ], [ -60.955674, -30.998518 ], [ -60.954583, -30.998599 ], [ -60.952209, -30.996407 ], [ -60.952655, -30.994775 ], [ -60.951745, -30.991354 ], [ -60.949206, -30.989526 ], [ -60.949521, -30.987315 ], [ -60.948347, -30.987577 ], [ -60.947035, -30.986572 ], [ -60.945988, -30.982493 ], [ -60.944675, -30.981307 ], [ -60.94278, -30.976542 ], [ -60.940988, -30.975764 ] ] ] ] } },
{ "type": "Feature", "properties": { "fid": 216, "DISTRITO": "0903", "NOMBRE1": "La Pelada", "riesgo_median": 2.0, "riesgo_ponderado": 2.0725343608028064, "pct_n4_n5": 0.038338413173078768, "riesgo_alto_clase": 2, "ha": 46948.0, "b12_ha": 40579.92, "n3_ha": 6352.38, "n4_ha": 18.0, "n5_ha": 0.0 }, "geometry": { "type": "MultiPolygon", "coordinates": [ [ [ [ -60.820501, -30.796316 ], [ -60.819127, -30.801216 ], [ -60.823513, -30.802489 ], [ -60.825879, -30.801343 ], [ -60.827046, -30.801774 ], [ -60.826958, -30.80292 ], [ -60.825463, -30.804429 ], [ -60.826199, -30.806206 ], [ -60.827574, -30.805943 ], [ -60.82871, -30.804719 ], [ -60.83009, -30.805135 ], [ -60.830233, -30.814186 ], [ -60.825969, -30.813732 ], [ -60.823614, -30.818189 ], [ -60.824833, -30.818832 ], [ -60.827188, -30.818279 ], [ -60.82906, -30.818805 ], [ -60.83098, -30.820999 ], [ -60.83391, -30.822423 ], [ -60.833599, -30.824376 ], [ -60.831735, -30.824926 ], [ -60.826463, -30.823644 ], [ -60.824916, -30.822905 ], [ -60.824309, -30.820886 ], [ -60.823554, -30.820707 ], [ -60.821928, -30.82275 ], [ -60.822128, -30.826978 ], [ -60.815974, -30.830434 ], [ -60.818201, -30.834013 ], [ -60.818345, -30.83554 ], [ -60.8175, -30.836337 ], [ -60.815103, -30.8359 ], [ -60.811971, -30.833798 ], [ -60.807972, -30.833907 ], [ -60.80418, -30.835091 ], [ -60.803769, -30.837017 ], [ -60.809871, -30.841364 ], [ -60.811031, -30.842856 ], [ -60.810946, -30.844497 ], [ -60.808128, -30.844712 ], [ -60.805327, -30.843004 ], [ -60.802704, -30.842879 ], [ -60.801863, -30.844341 ], [ -60.802317, -30.84762 ], [ -60.799486, -30.848231 ], [ -60.796648, -30.849946 ], [ -60.797014, -30.850623 ], [ -60.803308, -30.850527 ], [ -60.804966, -30.852667 ], [ -60.804615, -30.853942 ], [ -60.801681, -30.855969 ], [ -60.795359, -30.852698 ], [ -60.79126, -30.856655 ], [ -60.790613, -30.857734 ], [ -60.790509, -30.865033 ], [ -60.792689, -30.866943 ], [ -60.792734, -30.868386 ], [ -60.789226, -30.872537 ], [ -60.786094, -30.874536 ], [ -60.78268, -30.878164 ], [ -60.782203, -30.880005 ], [ -60.783193, -30.884808 ], [ -60.776714, -30.886714 ], [ -60.776197, -30.887651 ], [ -60.776636, -30.889148 ], [ -60.780364, -30.891841 ], [ -60.783577, -30.891708 ], [ -60.788211, -30.892755 ], [ -60.789568, -30.890257 ], [ -60.795384, -30.891467 ], [ -60.797536, -30.889897 ], [ -60.798956, -30.887145 ], [ -60.802545, -30.886826 ], [ -60.804197, -30.888258 ], [ -60.805339, -30.89347 ], [ -60.806142, -30.89338 ], [ -60.809157, -30.889118 ], [ -60.811614, -30.888792 ], [ -60.812584, -30.890964 ], [ -60.809961, -30.896991 ], [ -60.813314, -30.897791 ], [ -60.814503, -30.894841 ], [ -60.819775, -30.893761 ], [ -60.830609, -30.887243 ], [ -60.832966, -30.886775 ], [ -60.837122, -30.889435 ], [ -60.83961, -30.888853 ], [ -60.840402, -30.889357 ], [ -60.841627, -30.892617 ], [ -60.842684, -30.893473 ], [ -60.848756, -30.895682 ], [ -60.847727, -30.898065 ], [ -60.8481, -30.899448 ], [ -60.851601, -30.900302 ], [ -60.853038, -30.901396 ], [ -60.849881, -30.904274 ], [ -60.845769, -30.904767 ], [ -60.843926, -30.905982 ], [ -60.843479, -30.909301 ], [ -60.841725, -30.911435 ], [ -60.83977, -30.918427 ], [ -60.836675, -30.917245 ], [ -60.83341, -30.919091 ], [ -60.830552, -30.918685 ], [ -60.828214, -30.920049 ], [ -60.823713, -30.917623 ], [ -60.821791, -30.918642 ], [ -60.823976, -30.925245 ], [ -60.823585, -30.928842 ], [ -60.824606, -30.92926 ], [ -60.82928, -30.927122 ], [ -60.830351, -30.927738 ], [ -60.830282, -30.929837 ], [ -60.826559, -30.931284 ], [ -60.82636, -30.932954 ], [ -60.830821, -30.9355 ], [ -60.83417, -30.93289 ], [ -60.835088, -30.93287 ], [ -60.836007, -30.934731 ], [ -60.835165, -30.937905 ], [ -60.830567, -30.941258 ], [ -60.83463, -30.948288 ], [ -60.830331, -30.948105 ], [ -60.832503, -30.950764 ], [ -60.835411, -30.950467 ], [ -60.835775, -30.951941 ], [ -60.833075, -30.954685 ], [ -60.830341, -30.953126 ], [ -60.828239, -30.952998 ], [ -60.826359, -30.953746 ], [ -60.825893, -30.954908 ], [ -60.830351, -30.95809 ], [ -60.836122, -30.959853 ], [ -60.836926, -30.966704 ], [ -60.836521, -30.967343 ], [ -60.834854, -30.967283 ], [ -60.834456, -30.96399 ], [ -60.832303, -30.963615 ], [ -60.832326, -30.967222 ], [ -60.830431, -30.969053 ], [ -60.830425, -30.971392 ], [ -60.831699, -30.974258 ], [ -60.833645, -30.975653 ], [ -60.829331, -30.975819 ], [ -60.825943, -30.98036 ], [ -60.830531, -30.982249 ], [ -60.831225, -30.982119 ], [ -60.831374, -30.979821 ], [ -60.83224, -30.979004 ], [ -60.833982, -30.97899 ], [ -60.838723, -30.980801 ], [ -60.838106, -30.981607 ], [ -60.832409, -30.983493 ], [ -60.832135, -30.985878 ], [ -60.833286, -30.98995 ], [ -60.837213, -30.988347 ], [ -60.840575, -30.98416 ], [ -60.843343, -30.984855 ], [ -60.843074, -30.988366 ], [ -60.844599, -30.990262 ], [ -60.840471, -30.991029 ], [ -60.839199, -30.992582 ], [ -60.84217, -30.99603 ], [ -60.842996, -30.998272 ], [ -60.844547, -30.99888 ], [ -60.845356, -30.997587 ], [ -60.844433, -30.995043 ], [ -60.84862, -30.993842 ], [ -60.851911, -30.990756 ], [ -60.853521, -30.990859 ], [ -60.85457, -30.992063 ], [ -60.940684, -30.975824 ], [ -60.941372, -30.974114 ], [ -60.940758, -30.973004 ], [ -60.941927, -30.972079 ], [ -60.939903, -30.968966 ], [ -60.940155, -30.965791 ], [ -60.94155, -30.965702 ], [ -60.940462, -30.963162 ], [ -60.945008, -30.959147 ], [ -60.943826, -30.958321 ], [ -60.944915, -30.955619 ], [ -60.946106, -30.955853 ], [ -60.946034, -30.9569 ], [ -60.947606, -30.957145 ], [ -60.949015, -30.954692 ], [ -60.954899, -30.952916 ], [ -60.95672, -30.951218 ], [ -60.958248, -30.951751 ], [ -60.959288, -30.950685 ], [ -60.965236, -30.948139 ], [ -60.965829, -30.947168 ], [ -60.964926, -30.945862 ], [ -60.96807, -30.942284 ], [ -60.974745, -30.939098 ], [ -60.975362, -30.937657 ], [ -60.978052, -30.936695 ], [ -60.979568, -30.934512 ], [ -60.98471, -30.931897 ], [ -60.988684, -30.9288 ], [ -60.991729, -30.928925 ], [ -60.995039, -30.926918 ], [ -60.99975, -30.927179 ], [ -60.999724, -30.924677 ], [ -61.001833, -30.923125 ], [ -61.003467, -30.92289 ], [ -61.004116, -30.921795 ], [ -61.004547, -30.919141 ], [ -61.003863, -30.916843 ], [ -61.001934, -30.916288 ], [ -61.003143, -30.9139 ], [ -61.006542, -30.914199 ], [ -61.009107, -30.917099 ], [ -61.013385, -30.917066 ], [ -61.015852, -30.914198 ], [ -61.019301, -30.913288 ], [ -61.020458, -30.911371 ], [ -61.02256, -30.911949 ], [ -61.023313, -30.909912 ], [ -61.02501, -30.910245 ], [ -61.025718, -30.909298 ], [ -61.028096, -30.908809 ], [ -61.029527, -30.906174 ], [ -61.03212, -30.904444 ], [ -61.031236, -30.902271 ], [ -61.032908, -30.902952 ], [ -61.034052, -30.902546 ], [ -61.04104, -30.896705 ], [ -61.043464, -30.892672 ], [ -61.045994, -30.892999 ], [ -61.047752, -30.891052 ], [ -61.048899, -30.890944 ], [ -61.048315, -30.890057 ], [ -61.053807, -30.88536 ], [ -61.054074, -30.884016 ], [ -61.056022, -30.883927 ], [ -61.056577, -30.883069 ], [ -61.056576, -30.881009 ], [ -61.058602, -30.875639 ], [ -61.060121, -30.872188 ], [ -61.061623, -30.870884 ], [ -61.060266, -30.864085 ], [ -61.063323, -30.862232 ], [ -61.064772, -30.856449 ], [ -61.066283, -30.85495 ], [ -61.065754, -30.853088 ], [ -61.066695, -30.849389 ], [ -61.069802, -30.847867 ], [ -61.070937, -30.844647 ], [ -61.066351, -30.823969 ], [ -61.067728, -30.820967 ], [ -61.072574, -30.816371 ], [ -61.075767, -30.786394 ], [ -61.075669, -30.777322 ], [ -61.073152, -30.770747 ], [ -61.066993, -30.771798 ], [ -61.062722, -30.753088 ], [ -60.971701, -30.768171 ], [ -60.828839, -30.793776 ], [ -60.828246, -30.795795 ], [ -60.825056, -30.79556 ], [ -60.823981, -30.796842 ], [ -60.82312, -30.795375 ], [ -60.822311, -30.796181 ], [ -60.820501, -30.796316 ] ] ] ] } },
{ "type": "Feature", "properties": { "fid": 217, "DISTRITO": "0906", "NOMBRE1": "Providencia", "riesgo_median": 2.0, "riesgo_ponderado": 2.1925679358078933, "pct_n4_n5": 0.0016769097906378129, "riesgo_alto_clase": 2, "ha": 21447.8, "b12_ha": 17070.39, "n3_ha": 4397.31, "n4_ha": 0.36, "n5_ha": 0.0 }, "geometry": { "type": "MultiPolygon", "coordinates": [ [ [ [ -61.107576, -31.022342 ], [ -61.124032, -31.01959 ], [ -61.103263, -30.927701 ], [ -61.101987, -30.926843 ], [ -61.086538, -30.929546 ], [ -61.085778, -30.92891 ], [ -61.074877, -30.883131 ], [ -61.051272, -30.887221 ], [ -61.048315, -30.890057 ], [ -61.048899, -30.890944 ], [ -61.047752, -30.891052 ], [ -61.045994, -30.892999 ], [ -61.043464, -30.892672 ], [ -61.04104, -30.896705 ], [ -61.034907, -30.901945 ], [ -61.032908, -30.902952 ], [ -61.031236, -30.902271 ], [ -61.03212, -30.904444 ], [ -61.029527, -30.906174 ], [ -61.028096, -30.908809 ], [ -61.025718, -30.909298 ], [ -61.02501, -30.910245 ], [ -61.023313, -30.909912 ], [ -61.02256, -30.911949 ], [ -61.020458, -30.911371 ], [ -61.019301, -30.913288 ], [ -61.015852, -30.914198 ], [ -61.013385, -30.917066 ], [ -61.009107, -30.917099 ], [ -61.006542, -30.914199 ], [ -61.003143, -30.9139 ], [ -61.001934, -30.916288 ], [ -61.003863, -30.916843 ], [ -61.004547, -30.919141 ], [ -61.004116, -30.921795 ], [ -61.003467, -30.92289 ], [ -61.001833, -30.923125 ], [ -60.999724, -30.924677 ], [ -60.99975, -30.927179 ], [ -60.995039, -30.926918 ], [ -60.991729, -30.928925 ], [ -60.988684, -30.9288 ], [ -60.98471, -30.931897 ], [ -60.979568, -30.934512 ], [ -60.978052, -30.936695 ], [ -60.975362, -30.937657 ], [ -60.974745, -30.939098 ], [ -60.96807, -30.942284 ], [ -60.964926, -30.945862 ], [ -60.965829, -30.947168 ], [ -60.965236, -30.948139 ], [ -60.959288, -30.950685 ], [ -60.958248, -30.951751 ], [ -60.95672, -30.951218 ], [ -60.954899, -30.952916 ], [ -60.949015, -30.954692 ], [ -60.947606, -30.957145 ], [ -60.946034, -30.9569 ], [ -60.946106, -30.955853 ], [ -60.944915, -30.955619 ], [ -60.943826, -30.958321 ], [ -60.945008, -30.959147 ], [ -60.940462, -30.963162 ], [ -60.94155, -30.965702 ], [ -60.940155, -30.965791 ], [ -60.939903, -30.968966 ], [ -60.941927, -30.972079 ], [ -60.940758, -30.973004 ], [ -60.941372, -30.974114 ], [ -60.940684, -30.975824 ], [ -60.94278, -30.976542 ], [ -60.944675, -30.981307 ], [ -60.945988, -30.982493 ], [ -60.947035, -30.986572 ], [ -60.948347, -30.987577 ], [ -60.949521, -30.987315 ], [ -60.949206, -30.989526 ], [ -60.951745, -30.991354 ], [ -60.952655, -30.994775 ], [ -60.952209, -30.996407 ], [ -60.954583, -30.998599 ], [ -60.955674, -30.998518 ], [ -60.957157, -30.999774 ], [ -60.958302, -31.002025 ], [ -60.957856, -31.003549 ], [ -60.953464, -31.005501 ], [ -60.95391, -31.008069 ], [ -60.95181, -31.00812 ], [ -60.951607, -31.00881 ], [ -60.9531, -31.01108 ], [ -60.951676, -31.011525 ], [ -60.951183, -31.012651 ], [ -60.951614, -31.01377 ], [ -60.953134, -31.014556 ], [ -60.956409, -31.022774 ], [ -60.955426, -31.028926 ], [ -60.956633, -31.036115 ], [ -60.955041, -31.036634 ], [ -60.957908, -31.037554 ], [ -60.95553, -31.039237 ], [ -60.956605, -31.039731 ], [ -60.955926, -31.041199 ], [ -60.957719, -31.04386 ], [ -60.956243, -31.04781 ], [ -60.956991, -31.048339 ], [ -60.95556, -31.049052 ], [ -60.95549, -31.050467 ], [ -60.954064, -31.050704 ], [ -60.955003, -31.051918 ], [ -60.954767, -31.052877 ], [ -60.952878, -31.05296 ], [ -60.952533, -31.053961 ], [ -60.953311, -31.054934 ], [ -60.952138, -31.05535 ], [ -60.951326, -31.057214 ], [ -60.94915, -31.05773 ], [ -60.949139, -31.05891 ], [ -60.94753, -31.060182 ], [ -60.947602, -31.063582 ], [ -60.949609, -31.064203 ], [ -60.952001, -31.066319 ], [ -60.950917, -31.067324 ], [ -60.951046, -31.068663 ], [ -60.949089, -31.068655 ], [ -60.948662, -31.070392 ], [ -60.947299, -31.070911 ], [ -60.947928, -31.071943 ], [ -61.018645, -31.060239 ], [ -61.013573, -31.038448 ], [ -61.014046, -31.037777 ], [ -61.051192, -31.031611 ], [ -61.100401, -31.008913 ], [ -61.102083, -31.00875 ], [ -61.102567, -31.010942 ], [ -61.104831, -31.01055 ], [ -61.107576, -31.022342 ] ] ] ] } },
{ "type": "Feature", "properties": { "fid": 218, "DISTRITO": "0904", "NOMBRE1": "Ituzango", "riesgo_median": 2.0, "riesgo_ponderado": 2.2628636821730983, "pct_n4_n5": 0.092774863192397181, "riesgo_alto_clase": 3, "ha": 19054.98, "b12_ha": 13943.7, "n3_ha": 5149.35, "n4_ha": 17.73, "n5_ha": 0.0 }, "geometry": { "type": "MultiPolygon", "coordinates": [ [ [ [ -61.234139, -30.855634 ], [ -61.209778, -30.747963 ], [ -61.107493, -30.764881 ], [ -61.103432, -30.746354 ], [ -61.062722, -30.753088 ], [ -61.066993, -30.771798 ], [ -61.073152, -30.770747 ], [ -61.075669, -30.777322 ], [ -61.075767, -30.786394 ], [ -61.072574, -30.816371 ], [ -61.067728, -30.820967 ], [ -61.066351, -30.823969 ], [ -61.070937, -30.844647 ], [ -61.069802, -30.847867 ], [ -61.066695, -30.849389 ], [ -61.065754, -30.853088 ], [ -61.066283, -30.85495 ], [ -61.064772, -30.856449 ], [ -61.063323, -30.862232 ], [ -61.060266, -30.864085 ], [ -61.061623, -30.870884 ], [ -61.060121, -30.872188 ], [ -61.058602, -30.875639 ], [ -61.056576, -30.881009 ], [ -61.056577, -30.883069 ], [ -61.056022, -30.883927 ], [ -61.054074, -30.884016 ], [ -61.053807, -30.88536 ], [ -61.051272, -30.887221 ], [ -61.234139, -30.855634 ] ] ] ] } },
{ "type": "Feature", "properties": { "fid": 219, "DISTRITO": "0902", "NOMBRE1": "Jacinto L. Arauz", "riesgo_median": 2.0, "riesgo_ponderado": 2.1729970820661193, "pct_n4_n5": 0.077112417566825617, "riesgo_alto_clase": 3, "ha": 14585.38, "b12_ha": 11306.43, "n3_ha": 3271.41, "n4_ha": 11.25, "n5_ha": 0.0 }, "geometry": { "type": "MultiPolygon", "coordinates": [ [ [ [ -60.828818, -30.793659 ], [ -60.971701, -30.768171 ], [ -61.035922, -30.757436 ], [ -61.029927, -30.729844 ], [ -61.016696, -30.731978 ], [ -60.998861, -30.652143 ], [ -60.892466, -30.669324 ], [ -60.925956, -30.707727 ], [ -60.925091, -30.708428 ], [ -60.917149, -30.707301 ], [ -60.912601, -30.709061 ], [ -60.908339, -30.708312 ], [ -60.906971, -30.706682 ], [ -60.903472, -30.708565 ], [ -60.904304, -30.71082 ], [ -60.903885, -30.712578 ], [ -60.907775, -30.714661 ], [ -60.906573, -30.716809 ], [ -60.905268, -30.717003 ], [ -60.904203, -30.716055 ], [ -60.901126, -30.718021 ], [ -60.900425, -30.72016 ], [ -60.901982, -30.72075 ], [ -60.900473, -30.721913 ], [ -60.900758, -30.72407 ], [ -60.897367, -30.725239 ], [ -60.897697, -30.726871 ], [ -60.895555, -30.728598 ], [ -60.89529, -30.730549 ], [ -60.893969, -30.731733 ], [ -60.89259, -30.735532 ], [ -60.895759, -30.741618 ], [ -60.893326, -30.743824 ], [ -60.893696, -30.746873 ], [ -60.887938, -30.750443 ], [ -60.888094, -30.751667 ], [ -60.886503, -30.751935 ], [ -60.885719, -30.754478 ], [ -60.886885, -30.756466 ], [ -60.886998, -30.759166 ], [ -60.885442, -30.762928 ], [ -60.882146, -30.764596 ], [ -60.877855, -30.764563 ], [ -60.874348, -30.765523 ], [ -60.871709, -30.767753 ], [ -60.869955, -30.768005 ], [ -60.867969, -30.770483 ], [ -60.864353, -30.771082 ], [ -60.86037, -30.77409 ], [ -60.856486, -30.775865 ], [ -60.852058, -30.776324 ], [ -60.847121, -30.780424 ], [ -60.842919, -30.780685 ], [ -60.839303, -30.782283 ], [ -60.838337, -30.783335 ], [ -60.839678, -30.78524 ], [ -60.836267, -30.788786 ], [ -60.835021, -30.788123 ], [ -60.832205, -30.788641 ], [ -60.831733, -30.787765 ], [ -60.830297, -30.789666 ], [ -60.828564, -30.790089 ], [ -60.828422, -30.790731 ], [ -60.829647, -30.790851 ], [ -60.8302, -30.791686 ], [ -60.828889, -30.792033 ], [ -60.828818, -30.793659 ] ] ] ] } },
{ "type": "Feature", "properties": { "fid": 220, "DISTRITO": "0901", "NOMBRE1": "Elisa", "riesgo_median": 2.0, "riesgo_ponderado": 2.2080034715258305, "pct_n4_n5": 0.048863913999511351, "riesgo_alto_clase": 2, "ha": 24645.56, "b12_ha": 19419.66, "n3_ha": 5249.07, "n4_ha": 12.06, "n5_ha": 0.0 }, "geometry": { "type": "MultiPolygon", "coordinates": [ [ [ [ -61.079026, -30.638503 ], [ -60.998861, -30.652143 ], [ -61.016696, -30.731978 ], [ -61.029927, -30.729844 ], [ -61.035922, -30.757436 ], [ -61.103432, -30.746354 ], [ -61.107493, -30.764881 ], [ -61.209778, -30.747963 ], [ -61.178508, -30.609709 ], [ -61.07644, -30.627076 ], [ -61.079026, -30.638503 ] ] ] ] } },
{ "type": "Feature", "properties": { "fid": 221, "DISTRITO": "0803", "NOMBRE1": "Humberto I", "riesgo_median": 2.0, "riesgo_ponderado": 2.3529460306981349, "pct_n4_n5": 0.22088353413654616, "riesgo_alto_clase": 3, "ha": 32687.6, "b12_ha": 20903.49, "n3_ha": 11742.84, "n4_ha": 72.27, "n5_ha": 0.0 }, "geometry": { "type": "MultiPolygon", "coordinates": [ [ [ [ -61.439165, -30.781063 ], [ -61.225394, -30.817164 ], [ -61.257995, -30.958571 ], [ -61.363865, -30.940722 ], [ -61.363002, -30.936258 ], [ -61.469746, -30.918447 ], [ -61.439165, -30.781063 ] ] ] ] } },
{ "type": "Feature", "properties": { "fid": 222, "DISTRITO": "0802", "NOMBRE1": "Maua", "riesgo_median": 3.0, "riesgo_ponderado": 2.5494203401596667, "pct_n4_n5": 0.6150642138146476, "riesgo_alto_clase": 4, "ha": 6477.23, "b12_ha": 2959.92, "n3_ha": 3482.46, "n4_ha": 39.87, "n5_ha": 0.0 }, "geometry": { "type": "MultiPolygon", "coordinates": [ [ [ [ -61.294796, -30.733788 ], [ -61.209778, -30.747963 ], [ -61.225394, -30.817164 ], [ -61.310538, -30.802863 ], [ -61.294796, -30.733788 ] ] ] ] } },
{ "type": "Feature", "properties": { "fid": 223, "DISTRITO": "0801", "NOMBRE1": "Virginia", "riesgo_median": 2.0, "riesgo_ponderado": 2.3536295684871829, "pct_n4_n5": 0.18617874994267897, "riesgo_alto_clase": 3, "ha": 9809.74, "b12_ha": 6317.28, "n3_ha": 3477.6, "n4_ha": 18.27, "n5_ha": 0.0 }, "geometry": { "type": "MultiPolygon", "coordinates": [ [ [ [ -61.294796, -30.733788 ], [ -61.310538, -30.802863 ], [ -61.439165, -30.781063 ], [ -61.423124, -30.711713 ], [ -61.294796, -30.733788 ] ] ] ] } },
{ "type": "Feature", "properties": { "fid": 224, "DISTRITO": "0807", "NOMBRE1": "Bicha", "riesgo_median": 2.0, "riesgo_ponderado": 2.126239855725879, "pct_n4_n5": 0.0, "riesgo_alto_clase": 1, "ha": 6293.99, "b12_ha": 5240.61, "n3_ha": 1047.42, "n4_ha": 0.0, "n5_ha": 0.0 }, "geometry": { "type": "MultiPolygon", "coordinates": [ [ [ [ -61.860655, -30.802155 ], [ -61.793397, -30.851557 ], [ -61.80631, -30.904518 ], [ -61.889149, -30.889489 ], [ -61.860655, -30.802155 ] ] ] ] } },
{ "type": "Feature", "properties": { "fid": 225, "DISTRITO": "0811", "NOMBRE1": "Sunchales", "riesgo_median": 2.0, "riesgo_ponderado": 2.2675649548836998, "pct_n4_n5": 0.19666384021775535, "riesgo_alto_clase": 3, "ha": 37915.87, "b12_ha": 26780.04, "n3_ha": 11037.51, "n4_ha": 74.52, "n5_ha": 0.0 }, "geometry": { "type": "MultiPolygon", "coordinates": [ [ [ [ -61.463185, -30.888929 ], [ -61.501902, -31.060544 ], [ -61.636601, -31.038255 ], [ -61.637952, -31.037928 ], [ -61.636953, -31.033918 ], [ -61.664448, -31.029122 ], [ -61.651114, -30.972681 ], [ -61.708804, -30.96241 ], [ -61.682113, -30.850024 ], [ -61.463185, -30.888929 ] ] ] ] } },
{ "type": "Feature", "properties": { "fid": 226, "DISTRITO": "0805", "NOMBRE1": "Tacural", "riesgo_median": 2.0, "riesgo_ponderado": 2.3190030032429698, "pct_n4_n5": 0.0, "riesgo_alto_clase": 1, "ha": 13520.36, "b12_ha": 9105.12, "n3_ha": 4410.27, "n4_ha": 0.0, "n5_ha": 0.0 }, "geometry": { "type": "MultiPolygon", "coordinates": [ [ [ [ -61.546869, -30.75677 ], [ -61.573322, -30.869281 ], [ -61.682113, -30.850024 ], [ -61.655275, -30.737524 ], [ -61.546869, -30.75677 ] ] ] ] } },
{ "type": "Feature", "properties": { "fid": 227, "DISTRITO": "0804", "NOMBRE1": "Colonia Raquel", "riesgo_median": 2.0, "riesgo_ponderado": 2.1731924029727496, "pct_n4_n5": 0.075970272502064409, "riesgo_alto_clase": 3, "ha": 13618.0, "b12_ha": 10914.12, "n3_ha": 2699.28, "n4_ha": 10.35, "n5_ha": 0.0 }, "geometry": { "type": "MultiPolygon", "coordinates": [ [ [ [ -61.438061, -30.776099 ], [ -61.463185, -30.888929 ], [ -61.573322, -30.869281 ], [ -61.546869, -30.75677 ], [ -61.438061, -30.776099 ] ] ] ] } },
{ "type": "Feature", "properties": { "fid": 228, "DISTRITO": "1205", "NOMBRE1": "Colonia Belgrano", "riesgo_median": 2.0, "riesgo_ponderado": 2.2416320915888264, "pct_n4_n5": 0.17749772581038806, "riesgo_alto_clase": 3, "ha": 20276.03, "b12_ha": 15126.84, "n3_ha": 5119.11, "n4_ha": 36.0, "n5_ha": 0.0 }, "geometry": { "type": "MultiPolygon", "coordinates": [ [ [ [ -61.347755, -31.866592 ], [ -61.378053, -31.989141 ], [ -61.365384, -32.043414 ], [ -61.390797, -32.044118 ], [ -61.463667, -32.031213 ], [ -61.46355, -32.03074 ], [ -61.476978, -32.028005 ], [ -61.499047, -32.024038 ], [ -61.460347, -31.867469 ], [ -61.397577, -31.878373 ], [ -61.392771, -31.857971 ], [ -61.347755, -31.866592 ] ] ] ] } },
{ "type": "Feature", "properties": { "fid": 229, "DISTRITO": "1301", "NOMBRE1": "Bouquet", "riesgo_median": 2.0, "riesgo_ponderado": 2.1844256553932357, "pct_n4_n5": 0.22338403041825089, "riesgo_alto_clase": 3, "ha": 35978.87, "b12_ha": 28555.56, "n3_ha": 7342.47, "n4_ha": 80.37, "n5_ha": 0.0 }, "geometry": { "type": "MultiPolygon", "coordinates": [ [ [ [ -61.912426, -32.307228 ], [ -61.77461, -32.332237 ], [ -61.787033, -32.380512 ], [ -61.781699, -32.381485 ], [ -61.815903, -32.516573 ], [ -61.83331, -32.513406 ], [ -61.824322, -32.539006 ], [ -61.904818, -32.552855 ], [ -61.905032, -32.551843 ], [ -61.917815, -32.552825 ], [ -61.923271, -32.551882 ], [ -61.925307, -32.549071 ], [ -61.928315, -32.547971 ], [ -61.930314, -32.543469 ], [ -61.929609, -32.542104 ], [ -61.930372, -32.53856 ], [ -61.927504, -32.535623 ], [ -61.918283, -32.531997 ], [ -61.912064, -32.52722 ], [ -61.913693, -32.524329 ], [ -61.913369, -32.523388 ], [ -61.914733, -32.522393 ], [ -61.9147, -32.519209 ], [ -61.918019, -32.513197 ], [ -61.918397, -32.510297 ], [ -61.920492, -32.505644 ], [ -61.917674, -32.503452 ], [ -61.915997, -32.50084 ], [ -61.913586, -32.500246 ], [ -61.913208, -32.498615 ], [ -61.914134, -32.495234 ], [ -61.920816, -32.484238 ], [ -61.927537, -32.466262 ], [ -61.931649, -32.459073 ], [ -61.931155, -32.456989 ], [ -61.932845, -32.455984 ], [ -61.934078, -32.454142 ], [ -61.933715, -32.452054 ], [ -61.936566, -32.449545 ], [ -61.938869, -32.446057 ], [ -61.93843, -32.444139 ], [ -61.943448, -32.438829 ], [ -61.947947, -32.432066 ], [ -61.950085, -32.431594 ], [ -61.951652, -32.427379 ], [ -61.953687, -32.427032 ], [ -61.955209, -32.425853 ], [ -61.957877, -32.421309 ], [ -61.965288, -32.415813 ], [ -61.971803, -32.405462 ], [ -61.984014, -32.393367 ], [ -61.987249, -32.384364 ], [ -61.99505, -32.37387 ], [ -62.006084, -32.354092 ], [ -62.012009, -32.345447 ], [ -61.903746, -32.32747 ], [ -61.912426, -32.307228 ] ] ] ] } },
{ "type": "Feature", "properties": { "fid": 230, "DISTRITO": "0501", "NOMBRE1": "Helvecia", "riesgo_median": 2.0, "riesgo_ponderado": 2.1354598593215353, "pct_n4_n5": 0.050893521750921787, "riesgo_alto_clase": 3, "ha": 78134.66, "b12_ha": 63574.02, "n3_ha": 14372.64, "n4_ha": 39.69, "n5_ha": 0.0 }, "geometry": { "type": "MultiPolygon", "coordinates": [ [ [ [ -60.152884, -30.964901 ], [ -59.852862, -31.011877 ], [ -59.864974, -31.030862 ], [ -59.878446, -31.059134 ], [ -59.884587, -31.067652 ], [ -59.892566, -31.07622 ], [ -59.903078, -31.08494 ], [ -59.917611, -31.092767 ], [ -59.922813, -31.093957 ], [ -59.935581, -31.094543 ], [ -59.940676, -31.096154 ], [ -59.948835, -31.103237 ], [ -59.956602, -31.112522 ], [ -59.983734, -31.153546 ], [ -59.98773, -31.162139 ], [ -59.989175, -31.16816 ], [ -59.988762, -31.171779 ], [ -59.980228, -31.18664 ], [ -60.09108, -31.164855 ], [ -60.369138, -31.115447 ], [ -60.365411, -31.112716 ], [ -60.366133, -31.110659 ], [ -60.365442, -31.108061 ], [ -60.360906, -31.105726 ], [ -60.360317, -31.104512 ], [ -60.360987, -31.101407 ], [ -60.359738, -31.091577 ], [ -60.358369, -31.089904 ], [ -60.357688, -31.087193 ], [ -60.354324, -31.085399 ], [ -60.352852, -31.082133 ], [ -60.349105, -31.079111 ], [ -60.346652, -31.073835 ], [ -60.346972, -31.069548 ], [ -60.34536, -31.065701 ], [ -60.34153, -31.063384 ], [ -60.338105, -31.062592 ], [ -60.332816, -31.058253 ], [ -60.329612, -31.056722 ], [ -60.327291, -31.049402 ], [ -60.322445, -31.044876 ], [ -60.320613, -31.041996 ], [ -60.320054, -31.03916 ], [ -60.323805, -31.037548 ], [ -60.327652, -31.034594 ], [ -60.331787, -31.02841 ], [ -60.3323, -31.016441 ], [ -60.32984, -31.014492 ], [ -60.322715, -31.001934 ], [ -60.318087, -30.998869 ], [ -60.314858, -30.998313 ], [ -60.313074, -30.995023 ], [ -60.317939, -30.989295 ], [ -60.318788, -30.985924 ], [ -60.308488, -30.98309 ], [ -60.299919, -30.976191 ], [ -60.298331, -30.970253 ], [ -60.301362, -30.964957 ], [ -60.260582, -30.969741 ], [ -60.173738, -30.97842 ], [ -60.155421, -30.965675 ], [ -60.152884, -30.964901 ] ] ] ] } },
{ "type": "Feature", "properties": { "fid": 231, "DISTRITO": "0506", "NOMBRE1": "Saladero Cabal", "riesgo_median": 2.0, "riesgo_ponderado": 2.069653839936572, "pct_n4_n5": 0.00015395155144675972, "riesgo_alto_clase": 2, "ha": 58971.29, "b12_ha": 49635.18, "n3_ha": 8824.68, "n4_ha": 0.09, "n5_ha": 0.0 }, "geometry": { "type": "MultiPolygon", "coordinates": [ [ [ [ -60.016564, -30.871564 ], [ -59.756478, -30.896503 ], [ -59.783175, -30.911181 ], [ -59.790569, -30.916222 ], [ -59.795121, -30.920676 ], [ -59.801132, -30.930246 ], [ -59.825228, -30.974932 ], [ -59.841754, -30.995917 ], [ -59.852862, -31.011877 ], [ -60.151418, -30.965067 ], [ -60.153346, -30.9649 ], [ -60.155421, -30.965675 ], [ -60.173738, -30.97842 ], [ -60.260582, -30.969741 ], [ -60.301362, -30.964957 ], [ -60.303724, -30.960783 ], [ -60.303892, -30.958977 ], [ -60.299921, -30.955841 ], [ -60.298162, -30.949881 ], [ -60.300753, -30.944175 ], [ -60.298948, -30.938519 ], [ -60.299559, -30.933627 ], [ -60.302464, -30.931084 ], [ -60.303611, -30.928333 ], [ -60.302559, -30.927506 ], [ -60.299286, -30.927468 ], [ -60.295453, -30.928298 ], [ -60.288032, -30.919556 ], [ -60.287133, -30.916303 ], [ -60.285675, -30.914327 ], [ -60.284739, -30.910798 ], [ -60.286271, -30.899404 ], [ -60.284831, -30.894204 ], [ -60.286449, -30.887814 ], [ -60.284072, -30.878767 ], [ -60.284905, -30.871826 ], [ -60.284589, -30.858102 ], [ -60.281547, -30.854877 ], [ -60.279857, -30.8509 ], [ -60.277359, -30.849767 ], [ -60.27387, -30.850461 ], [ -60.270363, -30.855431 ], [ -60.265318, -30.856026 ], [ -60.264477, -30.860325 ], [ -60.25858, -30.864148 ], [ -60.255328, -30.862987 ], [ -60.250315, -30.864464 ], [ -60.250976, -30.861801 ], [ -60.250206, -30.858355 ], [ -60.247295, -30.855567 ], [ -60.247989, -30.851738 ], [ -60.18359, -30.856574 ], [ -60.016564, -30.871564 ] ] ] ] } },
{ "type": "Feature", "properties": { "fid": 232, "DISTRITO": "0505", "NOMBRE1": "Colonia Mascias", "riesgo_median": 2.0, "riesgo_ponderado": 2.2168147035818975, "pct_n4_n5": 0.0, "riesgo_alto_clase": 1, "ha": 118643.48, "b12_ha": 89452.44, "n3_ha": 26880.03, "n4_ha": 0.0, "n5_ha": 0.0 }, "geometry": { "type": "MultiPolygon", "coordinates": [ [ [ [ -60.024211, -30.666445 ], [ -59.631628, -30.702556 ], [ -59.631315, -30.708746 ], [ -59.63241, -30.714814 ], [ -59.634246, -30.71808 ], [ -59.639053, -30.724804 ], [ -59.645198, -30.731455 ], [ -59.65337, -30.738337 ], [ -59.669865, -30.748326 ], [ -59.677517, -30.753805 ], [ -59.683901, -30.759097 ], [ -59.687914, -30.763779 ], [ -59.689358, -30.76647 ], [ -59.689434, -30.768711 ], [ -59.683683, -30.779254 ], [ -59.682674, -30.789705 ], [ -59.683486, -30.796828 ], [ -59.687226, -30.805573 ], [ -59.693476, -30.815792 ], [ -59.705789, -30.830874 ], [ -59.715763, -30.847034 ], [ -59.727403, -30.862102 ], [ -59.734354, -30.874894 ], [ -59.738539, -30.880951 ], [ -59.746943, -30.890063 ], [ -59.756478, -30.896503 ], [ -60.051207, -30.86826 ], [ -60.18359, -30.856574 ], [ -60.247989, -30.851738 ], [ -60.248736, -30.848458 ], [ -60.25013, -30.846754 ], [ -60.249327, -30.843933 ], [ -60.251318, -30.840328 ], [ -60.247278, -30.826189 ], [ -60.248033, -30.823278 ], [ -60.251997, -30.819088 ], [ -60.255031, -30.818075 ], [ -60.257763, -30.809931 ], [ -60.252687, -30.802473 ], [ -60.254339, -30.799827 ], [ -60.250532, -30.798059 ], [ -60.247462, -30.793078 ], [ -60.247823, -30.790321 ], [ -60.249319, -30.787907 ], [ -60.251393, -30.785049 ], [ -60.254021, -30.78373 ], [ -60.254936, -30.78198 ], [ -60.255971, -30.768886 ], [ -60.251002, -30.765936 ], [ -60.244107, -30.764044 ], [ -60.241682, -30.762538 ], [ -60.241557, -30.761585 ], [ -60.242537, -30.761265 ], [ -60.243701, -30.759122 ], [ -60.242865, -30.755501 ], [ -60.243287, -30.752441 ], [ -60.247498, -30.746132 ], [ -60.247666, -30.741743 ], [ -60.236911, -30.724414 ], [ -60.236909, -30.723513 ], [ -60.239173, -30.722264 ], [ -60.239536, -30.720839 ], [ -60.238521, -30.719278 ], [ -60.235791, -30.717852 ], [ -60.230346, -30.718292 ], [ -60.227867, -30.717134 ], [ -60.226388, -30.713348 ], [ -60.227548, -30.711915 ], [ -60.227298, -30.709583 ], [ -60.22276, -30.70816 ], [ -60.224341, -30.702805 ], [ -60.224276, -30.698229 ], [ -60.221447, -30.693464 ], [ -60.218499, -30.690342 ], [ -60.211487, -30.688109 ], [ -60.208688, -30.683532 ], [ -60.209507, -30.681537 ], [ -60.208185, -30.679071 ], [ -60.209991, -30.676717 ], [ -60.210589, -30.668249 ], [ -60.210097, -30.666267 ], [ -60.208919, -30.665915 ], [ -60.210174, -30.664613 ], [ -60.20796, -30.66523 ], [ -60.207948, -30.664046 ], [ -60.20566, -30.661725 ], [ -60.205711, -30.660961 ], [ -60.20859, -30.658978 ], [ -60.2049, -30.657314 ], [ -60.205498, -30.650725 ], [ -60.024211, -30.666445 ] ] ] ] } },
{ "type": "Feature", "properties": { "fid": 233, "DISTRITO": "1112", "NOMBRE1": "Pueblo Irigoyen", "riesgo_median": 2.0, "riesgo_ponderado": 2.278708066868619, "pct_n4_n5": 0.34780657466621789, "riesgo_alto_clase": 3, "ha": 12827.66, "b12_ha": 9109.98, "n3_ha": 3680.1, "n4_ha": 44.64, "n5_ha": 0.0 }, "geometry": { "type": "MultiPolygon", "coordinates": [ [ [ [ -61.130536, -32.101462 ], [ -61.03765, -32.118379 ], [ -61.046726, -32.153695 ], [ -61.030471, -32.156657 ], [ -61.044689, -32.213494 ], [ -61.043872, -32.21402 ], [ -61.046054, -32.222834 ], [ -61.061896, -32.219939 ], [ -61.062934, -32.223769 ], [ -61.129766, -32.211486 ], [ -61.129488, -32.207913 ], [ -61.147057, -32.204684 ], [ -61.152797, -32.187709 ], [ -61.142361, -32.146783 ], [ -61.169181, -32.141781 ], [ -61.180088, -32.110365 ], [ -61.139066, -32.11888 ], [ -61.130536, -32.101462 ] ] ] ] } },
{ "type": "Feature", "properties": { "fid": 234, "DISTRITO": "1114", "NOMBRE1": "Casalegno", "riesgo_median": 2.0, "riesgo_ponderado": 2.2065478202095301, "pct_n4_n5": 0.17995944575870226, "riesgo_alto_clase": 3, "ha": 10651.16, "b12_ha": 8251.38, "n3_ha": 2381.85, "n4_ha": 19.17, "n5_ha": 0.0 }, "geometry": { "type": "MultiPolygon", "coordinates": [ [ [ [ -61.066412, -32.308175 ], [ -61.06957, -32.308368 ], [ -61.071714, -32.302386 ], [ -61.09908, -32.296963 ], [ -61.098486, -32.298607 ], [ -61.116046, -32.295215 ], [ -61.118382, -32.288429 ], [ -61.155245, -32.28171 ], [ -61.152513, -32.289631 ], [ -61.165959, -32.287231 ], [ -61.165336, -32.284308 ], [ -61.198713, -32.278304 ], [ -61.197587, -32.273988 ], [ -61.239383, -32.266421 ], [ -61.232652, -32.239579 ], [ -61.165968, -32.251786 ], [ -61.179501, -32.215518 ], [ -61.167431, -32.214211 ], [ -61.164923, -32.206311 ], [ -61.157909, -32.20763 ], [ -61.159263, -32.213189 ], [ -61.152659, -32.212382 ], [ -61.143747, -32.214 ], [ -61.147057, -32.204684 ], [ -61.129488, -32.207913 ], [ -61.129766, -32.211486 ], [ -61.072876, -32.221912 ], [ -61.069401, -32.227327 ], [ -61.070691, -32.227139 ], [ -61.069094, -32.231889 ], [ -61.065389, -32.256953 ], [ -61.062236, -32.260661 ], [ -61.067268, -32.294191 ], [ -61.066412, -32.308175 ] ] ] ] } },
{ "type": "Feature", "properties": { "fid": 235, "DISTRITO": "1111", "NOMBRE1": "San Fabian", "riesgo_median": 2.0, "riesgo_ponderado": 2.2015458768535492, "pct_n4_n5": 0.0, "riesgo_alto_clase": 1, "ha": 27861.9, "b12_ha": 21331.44, "n3_ha": 6509.07, "n4_ha": 0.0, "n5_ha": 0.0 }, "geometry": { "type": "MultiPolygon", "coordinates": [ [ [ [ -61.058071, -32.114626 ], [ -61.049975, -32.081704 ], [ -60.980605, -32.093965 ], [ -60.98069, -32.128954 ], [ -60.930481, -32.137842 ], [ -60.930965, -32.140054 ], [ -60.933778, -32.14231 ], [ -60.933771, -32.145565 ], [ -60.93604, -32.147627 ], [ -60.935722, -32.154746 ], [ -60.937103, -32.162043 ], [ -60.921442, -32.154979 ], [ -60.919252, -32.15266 ], [ -60.918345, -32.148734 ], [ -60.916434, -32.14543 ], [ -60.90918, -32.142287 ], [ -60.907431, -32.140702 ], [ -60.906843, -32.139723 ], [ -60.909256, -32.135405 ], [ -60.90722, -32.134068 ], [ -60.902613, -32.135575 ], [ -60.900232, -32.128465 ], [ -60.885601, -32.124021 ], [ -60.874894, -32.122006 ], [ -60.862915, -32.122949 ], [ -60.854679, -32.122513 ], [ -60.850186, -32.120823 ], [ -60.845438, -32.120736 ], [ -60.835616, -32.117399 ], [ -60.832302, -32.116951 ], [ -60.828257, -32.15758 ], [ -60.824753, -32.157756 ], [ -60.820355, -32.161039 ], [ -60.813818, -32.159869 ], [ -60.808796, -32.160476 ], [ -60.803167, -32.160192 ], [ -60.800452, -32.158678 ], [ -60.801786, -32.148204 ], [ -60.80081, -32.139532 ], [ -60.795888, -32.134139 ], [ -60.795174, -32.129677 ], [ -60.794114, -32.128535 ], [ -60.790453, -32.130153 ], [ -60.782566, -32.137604 ], [ -60.780719, -32.136531 ], [ -60.780613, -32.132894 ], [ -60.777319, -32.133553 ], [ -60.775764, -32.135923 ], [ -60.775772, -32.136944 ], [ -60.778191, -32.139163 ], [ -60.777231, -32.140892 ], [ -60.774223, -32.140017 ], [ -60.771282, -32.13812 ], [ -60.768361, -32.138712 ], [ -60.771407, -32.144118 ], [ -60.770802, -32.152417 ], [ -60.769536, -32.153573 ], [ -60.765248, -32.152196 ], [ -60.763024, -32.1554 ], [ -60.763807, -32.159224 ], [ -60.759899, -32.158545 ], [ -60.755983, -32.160144 ], [ -60.744346, -32.154346 ], [ -60.741584, -32.15401 ], [ -60.734717, -32.157923 ], [ -60.730553, -32.157946 ], [ -60.726123, -32.155264 ], [ -60.722047, -32.148621 ], [ -60.713481, -32.141615 ], [ -60.70448, -32.137089 ], [ -60.699271, -32.136596 ], [ -60.703624, -32.156507 ], [ -60.705003, -32.171862 ], [ -60.702836, -32.183743 ], [ -60.701255, -32.187104 ], [ -60.697763, -32.191291 ], [ -60.700779, -32.19249 ], [ -60.714495, -32.216964 ], [ -60.717253, -32.215688 ], [ -60.723736, -32.210526 ], [ -60.728911, -32.208112 ], [ -60.731638, -32.210061 ], [ -60.731572, -32.21297 ], [ -60.733096, -32.21451 ], [ -60.73769, -32.212798 ], [ -60.743745, -32.215871 ], [ -60.743863, -32.218307 ], [ -60.738447, -32.220859 ], [ -60.739051, -32.2222 ], [ -60.73768, -32.22372 ], [ -60.738408, -32.228253 ], [ -60.739709, -32.230178 ], [ -60.741297, -32.231009 ], [ -60.740524, -32.233114 ], [ -60.741546, -32.237308 ], [ -60.740501, -32.24244 ], [ -60.749712, -32.244486 ], [ -60.756328, -32.243354 ], [ -60.756848, -32.24646 ], [ -60.754, -32.248829 ], [ -60.754008, -32.249753 ], [ -60.756938, -32.251477 ], [ -60.758677, -32.25396 ], [ -60.761549, -32.255098 ], [ -60.76138, -32.260512 ], [ -60.762626, -32.263971 ], [ -60.766559, -32.263461 ], [ -60.770112, -32.260398 ], [ -60.775498, -32.262373 ], [ -60.776122, -32.262179 ], [ -60.775738, -32.258995 ], [ -60.781816, -32.259716 ], [ -60.784835, -32.257725 ], [ -60.787664, -32.254445 ], [ -60.786135, -32.253165 ], [ -60.77858, -32.257157 ], [ -60.775624, -32.256037 ], [ -60.775254, -32.254598 ], [ -60.775235, -32.252398 ], [ -60.776037, -32.252165 ], [ -60.780695, -32.253882 ], [ -60.781936, -32.252812 ], [ -60.781365, -32.248719 ], [ -60.779555, -32.245923 ], [ -60.779547, -32.244248 ], [ -60.785003, -32.245128 ], [ -60.786928, -32.243898 ], [ -60.786768, -32.241949 ], [ -60.78381, -32.239714 ], [ -60.784069, -32.236484 ], [ -60.786428, -32.235738 ], [ -60.786774, -32.234274 ], [ -60.78612, -32.233242 ], [ -60.784251, -32.232706 ], [ -60.78305, -32.226378 ], [ -60.787225, -32.220077 ], [ -60.783196, -32.218336 ], [ -60.783058, -32.217226 ], [ -60.797078, -32.209617 ], [ -60.797207, -32.207634 ], [ -60.798994, -32.206679 ], [ -60.800789, -32.206428 ], [ -60.803592, -32.20787 ], [ -60.804292, -32.205116 ], [ -60.805109, -32.204162 ], [ -60.806239, -32.204138 ], [ -60.810183, -32.205088 ], [ -60.811203, -32.209314 ], [ -60.812378, -32.209453 ], [ -60.813371, -32.208664 ], [ -60.813659, -32.206627 ], [ -60.817362, -32.206466 ], [ -60.816767, -32.209415 ], [ -60.819303, -32.210421 ], [ -60.819168, -32.212911 ], [ -60.821086, -32.213502 ], [ -60.823578, -32.211734 ], [ -60.825757, -32.211403 ], [ -60.826484, -32.214206 ], [ -60.828114, -32.215047 ], [ -60.828021, -32.215669 ], [ -60.824883, -32.216152 ], [ -60.82475, -32.21672 ], [ -60.829147, -32.218923 ], [ -60.830218, -32.218174 ], [ -60.831636, -32.212161 ], [ -60.82991, -32.204616 ], [ -60.825272, -32.202923 ], [ -60.823705, -32.198464 ], [ -60.822088, -32.197397 ], [ -60.818969, -32.198344 ], [ -60.817356, -32.196487 ], [ -60.813755, -32.198324 ], [ -60.812505, -32.195339 ], [ -60.81316, -32.194041 ], [ -60.817063, -32.194339 ], [ -60.824168, -32.191058 ], [ -60.825601, -32.191696 ], [ -60.825425, -32.193314 ], [ -60.826584, -32.195248 ], [ -60.828875, -32.196042 ], [ -60.829796, -32.19272 ], [ -60.831686, -32.191332 ], [ -60.835001, -32.189774 ], [ -60.839572, -32.190229 ], [ -60.839982, -32.193461 ], [ -60.844108, -32.197316 ], [ -60.844888, -32.199333 ], [ -60.845402, -32.203535 ], [ -60.843037, -32.204926 ], [ -60.847244, -32.207163 ], [ -60.853528, -32.207686 ], [ -60.853697, -32.212882 ], [ -60.85507, -32.214543 ], [ -60.857924, -32.215968 ], [ -60.862609, -32.213048 ], [ -60.864008, -32.212878 ], [ -60.864002, -32.214437 ], [ -60.868393, -32.221398 ], [ -60.867743, -32.222434 ], [ -60.86628, -32.221676 ], [ -60.867483, -32.22493 ], [ -60.870486, -32.223519 ], [ -60.871552, -32.223935 ], [ -60.870953, -32.230735 ], [ -60.875827, -32.227629 ], [ -60.883023, -32.224413 ], [ -60.890496, -32.219041 ], [ -60.894328, -32.213802 ], [ -60.895358, -32.207828 ], [ -60.897777, -32.205244 ], [ -60.90022, -32.205765 ], [ -60.902644, -32.209827 ], [ -60.904658, -32.211194 ], [ -60.910712, -32.21209 ], [ -60.918452, -32.208991 ], [ -60.918204, -32.207183 ], [ -60.914853, -32.203931 ], [ -60.915238, -32.201664 ], [ -61.029118, -32.180633 ], [ -61.03577, -32.177505 ], [ -61.030471, -32.156657 ], [ -61.046726, -32.153695 ], [ -61.03765, -32.118379 ], [ -61.058071, -32.114626 ] ] ] ] } },
{ "type": "Feature", "properties": { "fid": 236, "DISTRITO": "1110", "NOMBRE1": "Arocena", "riesgo_median": 2.0, "riesgo_ponderado": 2.2252623879429128, "pct_n4_n5": 0.20072465000765477, "riesgo_alto_clase": 3, "ha": 31735.68, "b12_ha": 23761.89, "n3_ha": 7919.37, "n4_ha": 63.72, "n5_ha": 0.0 }, "geometry": { "type": "MultiPolygon", "coordinates": [ [ [ [ -61.106208, -32.05188 ], [ -61.103991, -32.045964 ], [ -61.080762, -31.998797 ], [ -61.063317, -32.001774 ], [ -61.060929, -31.996745 ], [ -61.055738, -31.99652 ], [ -61.053375, -31.997471 ], [ -61.044735, -31.997894 ], [ -61.040283, -32.00034 ], [ -61.035639, -32.001148 ], [ -61.034936, -32.002278 ], [ -61.033238, -32.002039 ], [ -61.032182, -32.002711 ], [ -61.032383, -32.003605 ], [ -61.027454, -32.006198 ], [ -61.025472, -32.00805 ], [ -61.023802, -32.007598 ], [ -61.014911, -32.010026 ], [ -60.974174, -32.016957 ], [ -60.973958, -32.018991 ], [ -60.970579, -32.020445 ], [ -60.969216, -32.020346 ], [ -60.967618, -32.02189 ], [ -60.967766, -32.023505 ], [ -60.96601, -32.023814 ], [ -60.96648, -32.024533 ], [ -60.965722, -32.025777 ], [ -60.967044, -32.026821 ], [ -60.967002, -32.027676 ], [ -60.965114, -32.027724 ], [ -60.965034, -32.028699 ], [ -60.962913, -32.030517 ], [ -60.963283, -32.031511 ], [ -60.962007, -32.032255 ], [ -60.961906, -32.033652 ], [ -60.960549, -32.034133 ], [ -60.960514, -32.035645 ], [ -60.958616, -32.036826 ], [ -60.959993, -32.039658 ], [ -60.958016, -32.042015 ], [ -60.958825, -32.043269 ], [ -60.95754, -32.044368 ], [ -60.959421, -32.047579 ], [ -60.955946, -32.048262 ], [ -60.954826, -32.047448 ], [ -60.953315, -32.04803 ], [ -60.951361, -32.046982 ], [ -60.941983, -32.04873 ], [ -60.942894, -32.050685 ], [ -60.946067, -32.051922 ], [ -60.946662, -32.0541 ], [ -60.946294, -32.05578 ], [ -60.944461, -32.057298 ], [ -60.945027, -32.058543 ], [ -60.943466, -32.059212 ], [ -60.942778, -32.060921 ], [ -60.943119, -32.062881 ], [ -60.945241, -32.065473 ], [ -60.944074, -32.068367 ], [ -60.941191, -32.070124 ], [ -60.932027, -32.072797 ], [ -60.930493, -32.070461 ], [ -60.930029, -32.07279 ], [ -60.921975, -32.071866 ], [ -60.921315, -32.069433 ], [ -60.919822, -32.068677 ], [ -60.914565, -32.071216 ], [ -60.906407, -32.068687 ], [ -60.900247, -32.069416 ], [ -60.896309, -32.068835 ], [ -60.89337, -32.069921 ], [ -60.887285, -32.069203 ], [ -60.883726, -32.070902 ], [ -60.883205, -32.072428 ], [ -60.863498, -32.078083 ], [ -60.860713, -32.078273 ], [ -60.858743, -32.077791 ], [ -60.857167, -32.076452 ], [ -60.856383, -32.073141 ], [ -60.821809, -32.071132 ], [ -60.71546, -32.071 ], [ -60.698275, -32.069798 ], [ -60.696137, -32.069377 ], [ -60.692945, -32.066785 ], [ -60.680525, -32.063335 ], [ -60.672615, -32.06018 ], [ -60.666599, -32.059252 ], [ -60.655453, -32.062792 ], [ -60.65519, -32.065655 ], [ -60.657155, -32.073588 ], [ -60.662573, -32.085212 ], [ -60.665842, -32.089462 ], [ -60.680559, -32.102519 ], [ -60.687355, -32.110494 ], [ -60.69385, -32.121885 ], [ -60.699271, -32.136596 ], [ -60.70448, -32.137089 ], [ -60.713481, -32.141615 ], [ -60.722047, -32.148621 ], [ -60.726123, -32.155264 ], [ -60.730553, -32.157946 ], [ -60.734717, -32.157923 ], [ -60.741584, -32.15401 ], [ -60.744346, -32.154346 ], [ -60.755983, -32.160144 ], [ -60.759899, -32.158545 ], [ -60.763807, -32.159224 ], [ -60.763024, -32.1554 ], [ -60.765248, -32.152196 ], [ -60.769536, -32.153573 ], [ -60.771244, -32.151521 ], [ -60.771407, -32.144118 ], [ -60.768361, -32.138712 ], [ -60.771282, -32.13812 ], [ -60.774223, -32.140017 ], [ -60.777231, -32.140892 ], [ -60.778191, -32.139163 ], [ -60.775772, -32.136944 ], [ -60.775764, -32.135923 ], [ -60.777319, -32.133553 ], [ -60.780613, -32.132894 ], [ -60.780719, -32.136531 ], [ -60.782566, -32.137604 ], [ -60.784506, -32.136444 ], [ -60.785017, -32.134781 ], [ -60.793288, -32.128412 ], [ -60.794791, -32.128786 ], [ -60.795888, -32.134139 ], [ -60.80081, -32.139532 ], [ -60.801786, -32.148204 ], [ -60.800452, -32.158678 ], [ -60.803167, -32.160192 ], [ -60.808796, -32.160476 ], [ -60.813818, -32.159869 ], [ -60.820355, -32.161039 ], [ -60.824753, -32.157756 ], [ -60.828257, -32.15758 ], [ -60.832302, -32.116951 ], [ -60.835616, -32.117399 ], [ -60.845438, -32.120736 ], [ -60.850186, -32.120823 ], [ -60.854679, -32.122513 ], [ -60.862915, -32.122949 ], [ -60.874894, -32.122006 ], [ -60.885601, -32.124021 ], [ -60.900232, -32.128465 ], [ -60.902613, -32.135575 ], [ -60.90722, -32.134068 ], [ -60.909256, -32.135405 ], [ -60.906843, -32.139723 ], [ -60.907431, -32.140702 ], [ -60.90918, -32.142287 ], [ -60.916434, -32.14543 ], [ -60.918345, -32.148734 ], [ -60.919252, -32.15266 ], [ -60.921442, -32.154979 ], [ -60.937103, -32.162043 ], [ -60.935722, -32.154746 ], [ -60.93604, -32.147627 ], [ -60.933771, -32.145565 ], [ -60.933778, -32.14231 ], [ -60.930965, -32.140054 ], [ -60.930481, -32.137842 ], [ -60.98069, -32.128954 ], [ -60.980605, -32.093965 ], [ -61.049975, -32.081704 ], [ -61.045385, -32.062733 ], [ -61.106208, -32.05188 ] ] ] ] } },
{ "type": "Feature", "properties": { "fid": 237, "DISTRITO": "1206", "NOMBRE1": "Canada Rosquin", "riesgo_median": 2.0, "riesgo_ponderado": 2.2811591841168961, "pct_n4_n5": 0.30419077106928488, "riesgo_alto_clase": 3, "ha": 29802.63, "b12_ha": 20641.32, "n3_ha": 9091.35, "n4_ha": 90.72, "n5_ha": 0.0 }, "geometry": { "type": "MultiPolygon", "coordinates": [ [ [ [ -61.582386, -31.919246 ], [ -61.477931, -31.938454 ], [ -61.499047, -32.024038 ], [ -61.477, -32.028096 ], [ -61.497879, -32.112133 ], [ -61.682723, -32.077791 ], [ -61.650193, -31.946756 ], [ -61.591912, -31.957667 ], [ -61.582386, -31.919246 ] ] ] ] } },
{ "type": "Feature", "properties": { "fid": 238, "DISTRITO": "0816", "NOMBRE1": "Bigand", "riesgo_median": 2.0, "riesgo_ponderado": 2.2715157956155707, "pct_n4_n5": 0.0, "riesgo_alto_clase": 1, "ha": 8640.59, "b12_ha": 6289.02, "n3_ha": 2348.82, "n4_ha": 0.0, "n5_ha": 0.0 }, "geometry": { "type": "MultiPolygon", "coordinates": [ [ [ [ -61.664327, -31.028594 ], [ -61.686025, -31.120412 ], [ -61.770845, -31.105734 ], [ -61.74862, -31.013076 ], [ -61.730669, -31.015739 ], [ -61.664327, -31.028594 ] ] ] ] } },
{ "type": "Feature", "properties": { "fid": 239, "DISTRITO": "0815", "NOMBRE1": "Egusquiza", "riesgo_median": 2.0, "riesgo_ponderado": 2.4258795819225671, "pct_n4_n5": 0.15351937919286662, "riesgo_alto_clase": 3, "ha": 12791.7, "b12_ha": 7360.11, "n3_ha": 5458.95, "n4_ha": 19.71, "n5_ha": 0.0 }, "geometry": { "type": "MultiPolygon", "coordinates": [ [ [ [ -61.636601, -31.038255 ], [ -61.555381, -31.051651 ], [ -61.579641, -31.156935 ], [ -61.690099, -31.137667 ], [ -61.664448, -31.029122 ], [ -61.636953, -31.033918 ], [ -61.637952, -31.037928 ], [ -61.636601, -31.038255 ] ] ] ] } },
{ "type": "Feature", "properties": { "fid": 240, "DISTRITO": "1905", "NOMBRE1": "Pavon Arriba", "riesgo_median": 2.0, "riesgo_ponderado": 2.4185912501129891, "pct_n4_n5": 0.24179698092741567, "riesgo_alto_clase": 3, "ha": 15936.36, "b12_ha": 9175.5, "n3_ha": 6716.7, "n4_ha": 38.52, "n5_ha": 0.0 }, "geometry": { "type": "MultiPolygon", "coordinates": [ [ [ [ -60.841764, -33.276944 ], [ -60.830031, -33.270064 ], [ -60.829028, -33.270393 ], [ -60.827492, -33.269153 ], [ -60.82495, -33.269189 ], [ -60.819871, -33.266577 ], [ -60.81776, -33.266788 ], [ -60.814823, -33.265898 ], [ -60.806335, -33.266965 ], [ -60.80413, -33.266036 ], [ -60.804387, -33.268178 ], [ -60.802887, -33.268456 ], [ -60.799111, -33.271307 ], [ -60.797857, -33.271275 ], [ -60.797706, -33.272192 ], [ -60.794923, -33.273824 ], [ -60.791609, -33.274952 ], [ -60.790829, -33.2769 ], [ -60.788013, -33.278255 ], [ -60.787398, -33.281144 ], [ -60.785066, -33.282201 ], [ -60.784184, -33.285389 ], [ -60.781281, -33.288871 ], [ -60.781777, -33.292208 ], [ -60.778106, -33.295201 ], [ -60.776246, -33.297897 ], [ -60.773836, -33.299346 ], [ -60.774027, -33.30097 ], [ -60.772606, -33.30258 ], [ -60.768628, -33.304245 ], [ -60.767375, -33.306398 ], [ -60.759669, -33.310816 ], [ -60.757993, -33.310692 ], [ -60.756923, -33.311679 ], [ -60.755615, -33.311107 ], [ -60.753889, -33.311776 ], [ -60.752058, -33.311341 ], [ -60.747633, -33.313385 ], [ -60.74575, -33.313103 ], [ -60.744432, -33.313957 ], [ -60.743083, -33.3134 ], [ -60.741412, -33.314306 ], [ -60.739167, -33.314354 ], [ -60.736703, -33.313228 ], [ -60.737032, -33.315283 ], [ -60.736286, -33.316309 ], [ -60.743326, -33.319846 ], [ -60.747649, -33.323073 ], [ -60.749161, -33.325481 ], [ -60.754183, -33.32906 ], [ -60.758165, -33.330737 ], [ -60.759709, -33.330704 ], [ -60.766927, -33.335103 ], [ -60.770846, -33.334989 ], [ -60.775576, -33.336793 ], [ -60.779102, -33.337113 ], [ -60.781977, -33.339195 ], [ -60.78345, -33.339062 ], [ -60.785872, -33.340227 ], [ -60.787556, -33.341816 ], [ -60.791967, -33.339327 ], [ -60.797653, -33.339281 ], [ -60.799357, -33.339887 ], [ -60.806628, -33.340028 ], [ -60.814992, -33.342325 ], [ -60.818894, -33.342299 ], [ -60.823828, -33.343399 ], [ -60.83099, -33.347492 ], [ -60.834226, -33.349979 ], [ -60.834973, -33.351538 ], [ -60.837845, -33.352305 ], [ -60.841038, -33.35427 ], [ -60.844036, -33.357289 ], [ -60.855584, -33.362161 ], [ -60.864521, -33.367486 ], [ -60.875595, -33.372315 ], [ -60.887016, -33.378615 ], [ -60.894148, -33.384163 ], [ -60.894111, -33.387252 ], [ -60.90613, -33.400549 ], [ -60.910554, -33.411369 ], [ -60.91145, -33.416573 ], [ -60.910286, -33.4192 ], [ -60.910293, -33.423107 ], [ -60.909201, -33.424001 ], [ -60.906472, -33.430657 ], [ -60.903609, -33.43085 ], [ -60.901136, -33.435438 ], [ -60.899037, -33.436524 ], [ -60.899717, -33.438833 ], [ -60.898728, -33.440533 ], [ -60.900936, -33.442518 ], [ -60.901145, -33.443702 ], [ -60.902729, -33.444326 ], [ -60.986875, -33.392649 ], [ -60.984934, -33.391118 ], [ -60.983316, -33.387159 ], [ -60.980379, -33.385661 ], [ -60.979804, -33.383592 ], [ -60.977621, -33.38152 ], [ -60.977595, -33.378995 ], [ -60.976768, -33.377988 ], [ -60.970664, -33.374691 ], [ -60.966475, -33.374177 ], [ -60.960381, -33.37042 ], [ -60.958944, -33.370634 ], [ -60.95481, -33.368454 ], [ -60.952091, -33.367617 ], [ -60.950056, -33.367846 ], [ -60.948285, -33.366518 ], [ -60.944569, -33.366005 ], [ -60.942542, -33.36388 ], [ -60.940226, -33.36308 ], [ -60.933739, -33.3569 ], [ -60.928121, -33.347488 ], [ -60.927511, -33.345037 ], [ -60.920404, -33.334235 ], [ -60.918813, -33.329124 ], [ -60.914655, -33.323417 ], [ -60.913738, -33.319253 ], [ -60.909774, -33.3105 ], [ -60.907857, -33.30868 ], [ -60.906881, -33.306238 ], [ -60.902574, -33.303584 ], [ -60.894593, -33.293729 ], [ -60.888985, -33.290075 ], [ -60.88635, -33.289267 ], [ -60.882726, -33.290281 ], [ -60.8809, -33.291559 ], [ -60.877622, -33.290252 ], [ -60.872989, -33.289499 ], [ -60.871279, -33.2899 ], [ -60.867039, -33.287911 ], [ -60.860414, -33.287621 ], [ -60.85928, -33.286383 ], [ -60.853459, -33.284512 ], [ -60.849306, -33.281244 ], [ -60.847167, -33.280826 ], [ -60.845472, -33.279053 ], [ -60.842543, -33.278947 ], [ -60.841764, -33.276944 ] ] ] ] } },
{ "type": "Feature", "properties": { "fid": 241, "DISTRITO": "1907", "NOMBRE1": "La Vanguardia", "riesgo_median": 2.0, "riesgo_ponderado": 2.4184156337860849, "pct_n4_n5": 0.01088979527184889, "riesgo_alto_clase": 2, "ha": 9097.62, "b12_ha": 5253.57, "n3_ha": 3836.52, "n4_ha": 0.99, "n5_ha": 0.0 }, "geometry": { "type": "MultiPolygon", "coordinates": [ [ [ [ -60.703424, -33.315429 ], [ -60.70454, -33.319032 ], [ -60.703431, -33.322715 ], [ -60.701563, -33.324054 ], [ -60.70123, -33.325361 ], [ -60.69748, -33.32607 ], [ -60.690783, -33.330067 ], [ -60.687198, -33.331045 ], [ -60.682588, -33.335398 ], [ -60.677681, -33.335343 ], [ -60.674042, -33.337434 ], [ -60.666526, -33.338788 ], [ -60.661227, -33.339307 ], [ -60.660888, -33.338605 ], [ -60.658491, -33.338375 ], [ -60.656583, -33.339018 ], [ -60.646793, -33.346715 ], [ -60.641463, -33.347083 ], [ -60.63884, -33.345584 ], [ -60.634776, -33.347034 ], [ -60.633319, -33.348681 ], [ -60.623788, -33.353799 ], [ -60.622206, -33.356177 ], [ -60.619461, -33.358052 ], [ -60.627498, -33.363753 ], [ -60.631087, -33.364931 ], [ -60.633832, -33.367288 ], [ -60.635907, -33.367671 ], [ -60.63651, -33.36888 ], [ -60.641411, -33.372142 ], [ -60.642232, -33.373604 ], [ -60.645195, -33.373907 ], [ -60.65208, -33.378414 ], [ -60.654846, -33.380706 ], [ -60.65717, -33.384006 ], [ -60.662072, -33.387901 ], [ -60.66801, -33.387201 ], [ -60.680435, -33.393767 ], [ -60.681085, -33.396208 ], [ -60.683429, -33.39759 ], [ -60.68472, -33.400855 ], [ -60.686029, -33.40154 ], [ -60.686384, -33.403141 ], [ -60.685291, -33.404165 ], [ -60.687743, -33.406994 ], [ -60.691791, -33.409413 ], [ -60.696928, -33.410892 ], [ -60.702846, -33.416175 ], [ -60.706713, -33.418047 ], [ -60.706622, -33.418809 ], [ -60.717874, -33.421559 ], [ -60.733701, -33.409637 ], [ -60.730732, -33.40697 ], [ -60.746614, -33.394742 ], [ -60.752013, -33.399675 ], [ -60.76796, -33.38735 ], [ -60.765646, -33.385247 ], [ -60.775753, -33.377477 ], [ -60.735024, -33.340349 ], [ -60.751994, -33.327413 ], [ -60.743326, -33.319846 ], [ -60.736435, -33.316521 ], [ -60.736703, -33.313228 ], [ -60.733274, -33.31305 ], [ -60.730331, -33.310908 ], [ -60.72696, -33.309878 ], [ -60.724059, -33.311969 ], [ -60.721151, -33.309283 ], [ -60.718325, -33.30832 ], [ -60.716359, -33.308534 ], [ -60.714461, -33.30726 ], [ -60.712918, -33.30718 ], [ -60.710928, -33.307571 ], [ -60.710029, -33.308809 ], [ -60.705288, -33.309451 ], [ -60.704818, -33.310448 ], [ -60.70577, -33.31147 ], [ -60.703424, -33.315429 ] ] ] ] } },
{ "type": "Feature", "properties": { "fid": 242, "DISTRITO": "1919", "NOMBRE1": "Pavon", "riesgo_median": 2.0, "riesgo_ponderado": 2.3034267117605767, "pct_n4_n5": 0.21696126603279942, "riesgo_alto_clase": 3, "ha": 4233.45, "b12_ha": 2807.55, "n3_ha": 1414.44, "n4_ha": 9.18, "n5_ha": 0.0 }, "geometry": { "type": "MultiPolygon", "coordinates": [ [ [ [ -60.369432, -33.207138 ], [ -60.365327, -33.209447 ], [ -60.366252, -33.210295 ], [ -60.356466, -33.21789 ], [ -60.365023, -33.226008 ], [ -60.361254, -33.228822 ], [ -60.389792, -33.255975 ], [ -60.401664, -33.247419 ], [ -60.408533, -33.253758 ], [ -60.405298, -33.256145 ], [ -60.407948, -33.258654 ], [ -60.409466, -33.25752 ], [ -60.410636, -33.258614 ], [ -60.41187, -33.257694 ], [ -60.414771, -33.260445 ], [ -60.413558, -33.261359 ], [ -60.433414, -33.278656 ], [ -60.435538, -33.277094 ], [ -60.436734, -33.278216 ], [ -60.436974, -33.279069 ], [ -60.436048, -33.279751 ], [ -60.43722, -33.280875 ], [ -60.441726, -33.2775 ], [ -60.444626, -33.280251 ], [ -60.441155, -33.282844 ], [ -60.442982, -33.284433 ], [ -60.440157, -33.28651 ], [ -60.441509, -33.287657 ], [ -60.437828, -33.290376 ], [ -60.439692, -33.292124 ], [ -60.443055, -33.289602 ], [ -60.446541, -33.292798 ], [ -60.468709, -33.276419 ], [ -60.466849, -33.276024 ], [ -60.46022, -33.271749 ], [ -60.460233, -33.270009 ], [ -60.462439, -33.266802 ], [ -60.45986, -33.265315 ], [ -60.461937, -33.262364 ], [ -60.459751, -33.260858 ], [ -60.458604, -33.258152 ], [ -60.459123, -33.257362 ], [ -60.454317, -33.253416 ], [ -60.453808, -33.2513 ], [ -60.452715, -33.250443 ], [ -60.450213, -33.2508 ], [ -60.448988, -33.248609 ], [ -60.445043, -33.247381 ], [ -60.443792, -33.244736 ], [ -60.444698, -33.243066 ], [ -60.441065, -33.241828 ], [ -60.439293, -33.239256 ], [ -60.435368, -33.23716 ], [ -60.434351, -33.235557 ], [ -60.434346, -33.232626 ], [ -60.431976, -33.232811 ], [ -60.430013, -33.231854 ], [ -60.42889, -33.229417 ], [ -60.42554, -33.226217 ], [ -60.421117, -33.224319 ], [ -60.417208, -33.224111 ], [ -60.41479, -33.221848 ], [ -60.41442, -33.217118 ], [ -60.410534, -33.213117 ], [ -60.408175, -33.208616 ], [ -60.402574, -33.202747 ], [ -60.399686, -33.202693 ], [ -60.396593, -33.200499 ], [ -60.394324, -33.200173 ], [ -60.391719, -33.20199 ], [ -60.390245, -33.205261 ], [ -60.386019, -33.207373 ], [ -60.384136, -33.206793 ], [ -60.381598, -33.207387 ], [ -60.379035, -33.206496 ], [ -60.377431, -33.205004 ], [ -60.375395, -33.207226 ], [ -60.373327, -33.20662 ], [ -60.369432, -33.207138 ] ] ] ] } },
{ "type": "Feature", "properties": { "fid": 243, "DISTRITO": "1302", "NOMBRE1": "Las Rosas", "riesgo_median": 2.0, "riesgo_ponderado": 2.1686454798989159, "pct_n4_n5": 0.23609838607371908, "riesgo_alto_clase": 3, "ha": 71531.02, "b12_ha": 55831.68, "n3_ha": 15512.04, "n4_ha": 168.84, "n5_ha": 0.0 }, "geometry": { "type": "MultiPolygon", "coordinates": [ [ [ [ -61.77461, -32.332237 ], [ -61.437688, -32.393805 ], [ -61.484783, -32.5771 ], [ -61.593003, -32.557224 ], [ -61.603174, -32.596699 ], [ -61.655279, -32.586835 ], [ -61.656551, -32.591765 ], [ -61.709064, -32.582761 ], [ -61.707751, -32.577645 ], [ -61.711439, -32.576928 ], [ -61.701117, -32.537404 ], [ -61.815903, -32.516573 ], [ -61.781699, -32.381485 ], [ -61.787033, -32.380512 ], [ -61.77461, -32.332237 ] ] ] ] } },
{ "type": "Feature", "properties": { "fid": 244, "DISTRITO": "1401", "NOMBRE1": "Clason", "riesgo_median": 2.0, "riesgo_ponderado": 2.0630193227359408, "pct_n4_n5": 0.12872710537167958, "riesgo_alto_clase": 3, "ha": 39470.83, "b12_ha": 34486.38, "n3_ha": 4964.94, "n4_ha": 50.85, "n5_ha": 0.0 }, "geometry": { "type": "MultiPolygon", "coordinates": [ [ [ [ -61.190913, -32.431436 ], [ -61.181874, -32.432334 ], [ -61.195883, -32.488454 ], [ -61.197895, -32.488076 ], [ -61.209361, -32.534027 ], [ -61.291032, -32.519122 ], [ -61.296845, -32.542027 ], [ -61.303619, -32.540776 ], [ -61.309386, -32.563482 ], [ -61.366405, -32.55319 ], [ -61.377122, -32.597087 ], [ -61.484783, -32.5771 ], [ -61.437688, -32.393805 ], [ -61.192764, -32.438852 ], [ -61.190913, -32.431436 ] ] ] ] } },
{ "type": "Feature", "properties": { "fid": 245, "DISTRITO": "1304", "NOMBRE1": "Montes de Oca", "riesgo_median": 2.0, "riesgo_ponderado": 2.2675551930833544, "pct_n4_n5": 0.20896146784338659, "riesgo_alto_clase": 3, "ha": 42573.52, "b12_ha": 30197.52, "n3_ha": 12309.84, "n4_ha": 89.01, "n5_ha": 0.0 }, "geometry": { "type": "MultiPolygon", "coordinates": [ [ [ [ -61.83331, -32.513406 ], [ -61.701117, -32.537404 ], [ -61.711439, -32.576928 ], [ -61.707751, -32.577645 ], [ -61.724667, -32.643787 ], [ -61.620257, -32.662925 ], [ -61.638117, -32.732427 ], [ -61.857059, -32.694685 ], [ -61.86974, -32.695114 ], [ -61.888519, -32.692067 ], [ -61.90203, -32.693737 ], [ -61.902944, -32.696106 ], [ -61.907402, -32.695689 ], [ -61.911633, -32.693369 ], [ -61.915888, -32.692199 ], [ -61.922122, -32.692326 ], [ -61.924717, -32.690793 ], [ -61.926336, -32.691022 ], [ -61.927781, -32.690142 ], [ -61.929956, -32.690013 ], [ -61.93154, -32.688622 ], [ -61.932649, -32.686095 ], [ -61.932221, -32.685403 ], [ -61.9347, -32.683037 ], [ -61.934385, -32.680595 ], [ -61.935152, -32.67963 ], [ -61.937768, -32.680829 ], [ -61.938227, -32.679487 ], [ -61.940259, -32.678026 ], [ -61.944989, -32.679795 ], [ -61.946432, -32.678852 ], [ -61.944255, -32.668332 ], [ -61.943926, -32.663539 ], [ -61.944505, -32.662545 ], [ -61.943309, -32.659291 ], [ -61.944427, -32.653613 ], [ -61.944823, -32.652844 ], [ -61.94654, -32.652436 ], [ -61.946881, -32.650843 ], [ -61.944242, -32.65028 ], [ -61.943033, -32.648138 ], [ -61.938792, -32.646329 ], [ -61.936971, -32.643656 ], [ -61.934084, -32.643733 ], [ -61.930473, -32.640604 ], [ -61.925137, -32.638462 ], [ -61.924698, -32.637198 ], [ -61.920238, -32.63393 ], [ -61.919595, -32.632623 ], [ -61.917712, -32.632302 ], [ -61.916679, -32.629585 ], [ -61.91239, -32.629015 ], [ -61.912869, -32.626847 ], [ -61.910473, -32.625295 ], [ -61.906944, -32.625158 ], [ -61.905162, -32.621711 ], [ -61.90226, -32.620565 ], [ -61.901366, -32.619388 ], [ -61.899825, -32.619298 ], [ -61.89906, -32.617949 ], [ -61.896704, -32.617248 ], [ -61.894903, -32.614328 ], [ -61.892217, -32.613858 ], [ -61.890357, -32.61451 ], [ -61.89009, -32.611434 ], [ -61.889344, -32.610935 ], [ -61.890874, -32.600993 ], [ -61.890099, -32.599134 ], [ -61.891257, -32.590557 ], [ -61.893502, -32.590367 ], [ -61.895804, -32.591693 ], [ -61.898616, -32.59182 ], [ -61.906988, -32.595491 ], [ -61.912003, -32.595415 ], [ -61.914184, -32.594135 ], [ -61.91858, -32.593274 ], [ -61.920795, -32.593637 ], [ -61.922114, -32.592766 ], [ -61.920994, -32.590838 ], [ -61.923781, -32.588647 ], [ -61.924876, -32.586592 ], [ -61.924115, -32.585403 ], [ -61.926051, -32.584195 ], [ -61.92609, -32.583456 ], [ -61.917023, -32.577579 ], [ -61.915, -32.574723 ], [ -61.911838, -32.573363 ], [ -61.908298, -32.572878 ], [ -61.904433, -32.569173 ], [ -61.902764, -32.568829 ], [ -61.902604, -32.56516 ], [ -61.904308, -32.561509 ], [ -61.903643, -32.559587 ], [ -61.905416, -32.556358 ], [ -61.904818, -32.552855 ], [ -61.824322, -32.539006 ], [ -61.83331, -32.513406 ] ] ] ] } },
{ "type": "Feature", "properties": { "fid": 246, "DISTRITO": "1303", "NOMBRE1": "Las Parejas", "riesgo_median": 2.0, "riesgo_ponderado": 2.2226411417706422, "pct_n4_n5": 0.71242567212475871, "riesgo_alto_clase": 4, "ha": 30501.36, "b12_ha": 22419.81, "n3_ha": 7846.2, "n4_ha": 217.17, "n5_ha": 0.0 }, "geometry": { "type": "MultiPolygon", "coordinates": [ [ [ [ -61.593003, -32.557224 ], [ -61.471289, -32.579571 ], [ -61.515591, -32.753548 ], [ -61.638117, -32.732427 ], [ -61.620257, -32.662925 ], [ -61.724667, -32.643787 ], [ -61.709064, -32.582761 ], [ -61.656551, -32.591765 ], [ -61.655279, -32.586835 ], [ -61.603174, -32.596699 ], [ -61.593003, -32.557224 ] ] ] ] } },
{ "type": "Feature", "properties": { "fid": 247, "DISTRITO": "1409", "NOMBRE1": "Bustinza", "riesgo_median": 2.0, "riesgo_ponderado": 2.2519597117108989, "pct_n4_n5": 0.30988822593925175, "riesgo_alto_clase": 3, "ha": 31910.11, "b12_ha": 22931.28, "n3_ha": 8887.77, "n4_ha": 98.91, "n5_ha": 0.0 }, "geometry": { "type": "MultiPolygon", "coordinates": [ [ [ [ -61.214417, -32.708576 ], [ -61.234344, -32.719287 ], [ -61.219349, -32.738563 ], [ -61.299682, -32.782741 ], [ -61.292835, -32.791779 ], [ -61.420462, -32.769786 ], [ -61.396691, -32.675233 ], [ -61.491066, -32.658084 ], [ -61.471289, -32.579571 ], [ -61.377122, -32.597087 ], [ -61.384569, -32.627371 ], [ -61.331981, -32.63715 ], [ -61.329718, -32.629139 ], [ -61.27387, -32.639478 ], [ -61.276922, -32.651364 ], [ -61.244167, -32.656328 ], [ -61.248378, -32.701869 ], [ -61.214417, -32.708576 ] ] ] ] } },
{ "type": "Feature", "properties": { "fid": 248, "DISTRITO": "1402", "NOMBRE1": "Totoras", "riesgo_median": 2.0, "riesgo_ponderado": 2.374393896749067, "pct_n4_n5": 0.81370577076654471, "riesgo_alto_clase": 4, "ha": 39324.02, "b12_ha": 23957.01, "n3_ha": 15054.12, "n4_ha": 320.04, "n5_ha": 0.0 }, "geometry": { "type": "MultiPolygon", "coordinates": [ [ [ [ -61.136263, -32.437385 ], [ -61.150819, -32.496787 ], [ -61.10369, -32.505733 ], [ -61.10246, -32.502689 ], [ -61.098632, -32.508728 ], [ -61.108524, -32.507882 ], [ -61.125088, -32.511327 ], [ -61.122725, -32.511767 ], [ -61.124812, -32.518853 ], [ -61.11956, -32.525484 ], [ -61.132862, -32.533127 ], [ -61.119146, -32.535888 ], [ -61.12913, -32.541846 ], [ -61.090228, -32.549854 ], [ -61.09564, -32.568853 ], [ -61.086756, -32.570679 ], [ -61.140965, -32.615681 ], [ -61.127916, -32.633632 ], [ -61.125438, -32.635385 ], [ -61.127667, -32.638978 ], [ -61.133327, -32.644889 ], [ -61.182101, -32.691716 ], [ -61.214267, -32.708611 ], [ -61.248378, -32.701869 ], [ -61.244167, -32.656328 ], [ -61.276922, -32.651364 ], [ -61.27387, -32.639478 ], [ -61.329718, -32.629139 ], [ -61.331981, -32.63715 ], [ -61.384569, -32.627371 ], [ -61.366405, -32.55319 ], [ -61.309386, -32.563482 ], [ -61.303619, -32.540776 ], [ -61.296845, -32.542027 ], [ -61.291032, -32.519122 ], [ -61.209361, -32.534027 ], [ -61.197895, -32.488076 ], [ -61.195883, -32.488454 ], [ -61.181874, -32.432334 ], [ -61.136263, -32.437385 ] ] ] ] } },
{ "type": "Feature", "properties": { "fid": 249, "DISTRITO": "1411", "NOMBRE1": "Correa", "riesgo_median": 2.0, "riesgo_ponderado": 2.440900031031437, "pct_n4_n5": 0.12531926574845439, "riesgo_alto_clase": 3, "ha": 30154.84, "b12_ha": 16551.63, "n3_ha": 13573.53, "n4_ha": 37.8, "n5_ha": 0.0 }, "geometry": { "type": "MultiPolygon", "coordinates": [ [ [ [ -61.219438, -32.738612 ], [ -61.166552, -32.806619 ], [ -61.147671, -32.808864 ], [ -61.091777, -32.818699 ], [ -61.095092, -32.821078 ], [ -61.098922, -32.822155 ], [ -61.101138, -32.824251 ], [ -61.109313, -32.827652 ], [ -61.115554, -32.828813 ], [ -61.121841, -32.831163 ], [ -61.128476, -32.83519 ], [ -61.134733, -32.83754 ], [ -61.146443, -32.839989 ], [ -61.149001, -32.841764 ], [ -61.152274, -32.84212 ], [ -61.155648, -32.844125 ], [ -61.160229, -32.845061 ], [ -61.167372, -32.85109 ], [ -61.171019, -32.852378 ], [ -61.17276, -32.854652 ], [ -61.177551, -32.856917 ], [ -61.180421, -32.86092 ], [ -61.182258, -32.861338 ], [ -61.182324, -32.863195 ], [ -61.183737, -32.863591 ], [ -61.188152, -32.86817 ], [ -61.18966, -32.868808 ], [ -61.188825, -32.870914 ], [ -61.191008, -32.871085 ], [ -61.191349, -32.873157 ], [ -61.193544, -32.873149 ], [ -61.197408, -32.877368 ], [ -61.199265, -32.878016 ], [ -61.200087, -32.883332 ], [ -61.203306, -32.883966 ], [ -61.203082, -32.885299 ], [ -61.200288, -32.887014 ], [ -61.19811, -32.891692 ], [ -61.204342, -32.898417 ], [ -61.20968, -32.907061 ], [ -61.224174, -32.915741 ], [ -61.225417, -32.917859 ], [ -61.227697, -32.918793 ], [ -61.227898, -32.923127 ], [ -61.229649, -32.924246 ], [ -61.229781, -32.926158 ], [ -61.232363, -32.928435 ], [ -61.23447, -32.932426 ], [ -61.237355, -32.933593 ], [ -61.236951, -32.935122 ], [ -61.239685, -32.938145 ], [ -61.242184, -32.939496 ], [ -61.242953, -32.9421 ], [ -61.246227, -32.943204 ], [ -61.246135, -32.944221 ], [ -61.244742, -32.945124 ], [ -61.240532, -32.94625 ], [ -61.239931, -32.948917 ], [ -61.23646, -32.948892 ], [ -61.235775, -32.950573 ], [ -61.236289, -32.951211 ], [ -61.239695, -32.951566 ], [ -61.244571, -32.953849 ], [ -61.245516, -32.955485 ], [ -61.24504, -32.956927 ], [ -61.256986, -32.961745 ], [ -61.25832, -32.963287 ], [ -61.2633, -32.963288 ], [ -61.265357, -32.96581 ], [ -61.269383, -32.964632 ], [ -61.271307, -32.965301 ], [ -61.277428, -32.973056 ], [ -61.282756, -32.976084 ], [ -61.284565, -32.976095 ], [ -61.286783, -32.974935 ], [ -61.288859, -32.97629 ], [ -61.288387, -32.977941 ], [ -61.289252, -32.978919 ], [ -61.292068, -32.978963 ], [ -61.293007, -32.98015 ], [ -61.295227, -32.979169 ], [ -61.295703, -32.980182 ], [ -61.294353, -32.98241 ], [ -61.296224, -32.984246 ], [ -61.29676, -32.986934 ], [ -61.298706, -32.986615 ], [ -61.303584, -32.98794 ], [ -61.304925, -32.985053 ], [ -61.307529, -32.986014 ], [ -61.308871, -32.988035 ], [ -61.311672, -32.987692 ], [ -61.312528, -32.990436 ], [ -61.314849, -32.989095 ], [ -61.320623, -32.990979 ], [ -61.324561, -32.993391 ], [ -61.326005, -32.993352 ], [ -61.373582, -32.931552 ], [ -61.334185, -32.910274 ], [ -61.360364, -32.876264 ], [ -61.328291, -32.88175 ], [ -61.317063, -32.835546 ], [ -61.303772, -32.837817 ], [ -61.299427, -32.820678 ], [ -61.280688, -32.813254 ], [ -61.276063, -32.794626 ], [ -61.292835, -32.791779 ], [ -61.299682, -32.782741 ], [ -61.219438, -32.738612 ] ] ] ] } },
{ "type": "Feature", "properties": { "fid": 250, "DISTRITO": "1305", "NOMBRE1": "Tortugas", "riesgo_median": 2.0, "riesgo_ponderado": 2.2976665925553843, "pct_n4_n5": 0.086188676345051146, "riesgo_alto_clase": 3, "ha": 32826.44, "b12_ha": 22421.61, "n3_ha": 10338.66, "n4_ha": 28.26, "n5_ha": 0.0 }, "geometry": { "type": "MultiPolygon", "coordinates": [ [ [ [ -61.669891, -32.900399 ], [ -61.793447, -33.014724 ], [ -61.794342, -33.011589 ], [ -61.792052, -33.009157 ], [ -61.792057, -33.007095 ], [ -61.787861, -33.006246 ], [ -61.787319, -33.005403 ], [ -61.789334, -32.996998 ], [ -61.787992, -32.991394 ], [ -61.791078, -32.990022 ], [ -61.791367, -32.988874 ], [ -61.789339, -32.984688 ], [ -61.78936, -32.98259 ], [ -61.790465, -32.980734 ], [ -61.789962, -32.979033 ], [ -61.792331, -32.975811 ], [ -61.78877, -32.97396 ], [ -61.787484, -32.971582 ], [ -61.787979, -32.966716 ], [ -61.786989, -32.963761 ], [ -61.791565, -32.957566 ], [ -61.789308, -32.956052 ], [ -61.788275, -32.951189 ], [ -61.783739, -32.940968 ], [ -61.783837, -32.939136 ], [ -61.780778, -32.935127 ], [ -61.778841, -32.929208 ], [ -61.776455, -32.926262 ], [ -61.772264, -32.913097 ], [ -61.772338, -32.909052 ], [ -61.773344, -32.906101 ], [ -61.772805, -32.902519 ], [ -61.77152, -32.901662 ], [ -61.777644, -32.896251 ], [ -61.778598, -32.891197 ], [ -61.781237, -32.891558 ], [ -61.785777, -32.888954 ], [ -61.790931, -32.878584 ], [ -61.792193, -32.877652 ], [ -61.7929, -32.873083 ], [ -61.78885, -32.863571 ], [ -61.789524, -32.862532 ], [ -61.786859, -32.859723 ], [ -61.78617, -32.855585 ], [ -61.78367, -32.852073 ], [ -61.783023, -32.846256 ], [ -61.781009, -32.842749 ], [ -61.779124, -32.833717 ], [ -61.777703, -32.830558 ], [ -61.779212, -32.828501 ], [ -61.780087, -32.823149 ], [ -61.782468, -32.820821 ], [ -61.782638, -32.816435 ], [ -61.785921, -32.812523 ], [ -61.785273, -32.80472 ], [ -61.78652, -32.801159 ], [ -61.786584, -32.79791 ], [ -61.785843, -32.795683 ], [ -61.7865, -32.794689 ], [ -61.790201, -32.794628 ], [ -61.792252, -32.793522 ], [ -61.792938, -32.790442 ], [ -61.79599, -32.786116 ], [ -61.795011, -32.783176 ], [ -61.797933, -32.780434 ], [ -61.797581, -32.777027 ], [ -61.795495, -32.774923 ], [ -61.795888, -32.773531 ], [ -61.803252, -32.767265 ], [ -61.809727, -32.759689 ], [ -61.822803, -32.758089 ], [ -61.825113, -32.757221 ], [ -61.82823, -32.754472 ], [ -61.830008, -32.749336 ], [ -61.829729, -32.746311 ], [ -61.832236, -32.741604 ], [ -61.834444, -32.739682 ], [ -61.839465, -32.732284 ], [ -61.843153, -32.721034 ], [ -61.852946, -32.705553 ], [ -61.853831, -32.702015 ], [ -61.856415, -32.698804 ], [ -61.857641, -32.694684 ], [ -61.646843, -32.730918 ], [ -61.669132, -32.823077 ], [ -61.676934, -32.821723 ], [ -61.669891, -32.900399 ] ] ] ] } },
{ "type": "Feature", "properties": { "fid": 251, "DISTRITO": "1306", "NOMBRE1": "Armstrong", "riesgo_median": 2.0, "riesgo_ponderado": 2.2610678891621876, "pct_n4_n5": 0.21590294103329888, "riesgo_alto_clase": 3, "ha": 31415.53, "b12_ha": 22073.94, "n3_ha": 9288.99, "n4_ha": 67.86, "n5_ha": 0.0 }, "geometry": { "type": "MultiPolygon", "coordinates": [ [ [ [ -61.646843, -32.730918 ], [ -61.510867, -32.754377 ], [ -61.532831, -32.846639 ], [ -61.518285, -32.849108 ], [ -61.618426, -32.870184 ], [ -61.642426, -32.883262 ], [ -61.712878, -33.090518 ], [ -61.714674, -33.086897 ], [ -61.717779, -33.085089 ], [ -61.71706, -33.082558 ], [ -61.719744, -33.081449 ], [ -61.722287, -33.078834 ], [ -61.725399, -33.077655 ], [ -61.729381, -33.077846 ], [ -61.733793, -33.07655 ], [ -61.743873, -33.073075 ], [ -61.74735, -33.07105 ], [ -61.748915, -33.06764 ], [ -61.752653, -33.066105 ], [ -61.752603, -33.061578 ], [ -61.755961, -33.059942 ], [ -61.757155, -33.057288 ], [ -61.762292, -33.053192 ], [ -61.764955, -33.052054 ], [ -61.768425, -33.05215 ], [ -61.769209, -33.051574 ], [ -61.770191, -33.048349 ], [ -61.773644, -33.04523 ], [ -61.774956, -33.038413 ], [ -61.778886, -33.035723 ], [ -61.777214, -33.033667 ], [ -61.777647, -33.03232 ], [ -61.783318, -33.027889 ], [ -61.788477, -33.027113 ], [ -61.789377, -33.021239 ], [ -61.793728, -33.020051 ], [ -61.794441, -33.018365 ], [ -61.793447, -33.014724 ], [ -61.788753, -33.010267 ], [ -61.669891, -32.900399 ], [ -61.676934, -32.821723 ], [ -61.669132, -32.823077 ], [ -61.646843, -32.730918 ] ] ] ] } },
{ "type": "Feature", "properties": { "fid": 252, "DISTRITO": "1405", "NOMBRE1": "Pueblo Andino", "riesgo_median": 2.0, "riesgo_ponderado": 1.8796568248570105, "pct_n4_n5": 0.0, "riesgo_alto_clase": 1, "ha": 4653.79, "b12_ha": 4112.37, "n3_ha": 545.31, "n4_ha": 0.0, "n5_ha": 0.0 }, "geometry": { "type": "MultiPolygon", "coordinates": [ [ [ [ -60.81753, -32.637137 ], [ -60.812416, -32.63758 ], [ -60.8157, -32.639717 ], [ -60.81785, -32.638926 ], [ -60.822112, -32.642495 ], [ -60.827587, -32.644136 ], [ -60.827636, -32.645747 ], [ -60.828645, -32.646445 ], [ -60.830701, -32.645951 ], [ -60.83542, -32.647445 ], [ -60.837404, -32.648943 ], [ -60.840053, -32.647999 ], [ -60.841517, -32.650161 ], [ -60.847415, -32.653206 ], [ -60.851602, -32.658389 ], [ -60.853363, -32.659499 ], [ -60.855399, -32.662794 ], [ -60.857453, -32.663477 ], [ -60.859005, -32.665912 ], [ -60.864155, -32.668527 ], [ -60.865059, -32.672405 ], [ -60.866512, -32.673549 ], [ -60.865587, -32.676317 ], [ -60.866766, -32.677029 ], [ -60.868871, -32.676741 ], [ -60.870178, -32.678343 ], [ -60.873364, -32.678762 ], [ -60.874432, -32.680323 ], [ -60.875587, -32.680257 ], [ -60.877281, -32.677958 ], [ -60.878773, -32.67766 ], [ -60.880434, -32.674681 ], [ -60.885518, -32.67325 ], [ -60.887239, -32.669732 ], [ -60.888641, -32.668902 ], [ -60.897696, -32.673161 ], [ -60.899445, -32.673091 ], [ -60.900375, -32.674279 ], [ -60.906756, -32.674776 ], [ -60.908315, -32.676074 ], [ -60.910663, -32.676345 ], [ -60.91301, -32.678212 ], [ -60.915443, -32.6769 ], [ -60.917838, -32.676664 ], [ -60.918829, -32.675491 ], [ -60.920611, -32.676946 ], [ -60.922658, -32.676082 ], [ -60.925169, -32.677329 ], [ -60.926782, -32.677231 ], [ -60.928272, -32.678357 ], [ -60.930223, -32.677993 ], [ -60.932547, -32.679271 ], [ -60.935351, -32.679264 ], [ -60.937064, -32.680604 ], [ -60.941065, -32.681365 ], [ -60.942562, -32.680928 ], [ -60.943628, -32.682142 ], [ -60.945726, -32.682817 ], [ -60.953848, -32.682582 ], [ -60.955817, -32.683977 ], [ -60.961734, -32.685366 ], [ -60.963899, -32.687507 ], [ -60.966538, -32.686394 ], [ -60.96984, -32.686929 ], [ -60.973736, -32.691191 ], [ -60.978542, -32.693565 ], [ -60.980207, -32.693552 ], [ -60.983362, -32.696088 ], [ -60.984803, -32.695717 ], [ -60.989785, -32.689232 ], [ -60.983544, -32.684843 ], [ -60.952008, -32.667725 ], [ -60.952566, -32.666909 ], [ -60.944456, -32.662366 ], [ -60.929373, -32.650008 ], [ -60.922422, -32.647483 ], [ -60.921406, -32.648798 ], [ -60.875172, -32.6237 ], [ -60.850915, -32.628082 ], [ -60.81753, -32.637137 ] ] ] ] } },
{ "type": "Feature", "properties": { "fid": 253, "DISTRITO": "1727", "NOMBRE1": "Rufino", "riesgo_median": 2.0, "riesgo_ponderado": 2.0151564438083192, "pct_n4_n5": 0.0029862812373016392, "riesgo_alto_clase": 2, "ha": 84407.68, "b12_ha": 74805.93, "n3_ha": 9577.44, "n4_ha": 2.52, "n5_ha": 0.0 }, "geometry": { "type": "MultiPolygon", "coordinates": [ [ [ [ -62.471421, -34.148337 ], [ -62.513188, -34.308024 ], [ -62.515324, -34.30757 ], [ -62.535785, -34.385965 ], [ -62.883943, -34.386419 ], [ -62.87603, -34.377388 ], [ -62.827987, -34.312468 ], [ -62.800842, -34.278812 ], [ -62.703065, -34.150417 ], [ -62.659539, -34.095273 ], [ -62.5441, -33.943168 ], [ -62.534389, -33.944839 ], [ -62.582044, -34.128473 ], [ -62.471421, -34.148337 ] ] ] ] } },
{ "type": "Feature", "properties": { "fid": 254, "DISTRITO": "1728", "NOMBRE1": "Lazzarino", "riesgo_median": 2.0, "riesgo_ponderado": 1.9538189670631836, "pct_n4_n5": 0.0, "riesgo_alto_clase": 1, "ha": 24050.16, "b12_ha": 21148.38, "n3_ha": 2941.38, "n4_ha": 0.0, "n5_ha": 0.0 }, "geometry": { "type": "MultiPolygon", "coordinates": [ [ [ [ -62.471421, -34.148337 ], [ -62.325003, -34.174438 ], [ -62.364887, -34.329325 ], [ -62.511041, -34.300386 ], [ -62.471421, -34.148337 ] ] ] ] } },
{ "type": "Feature", "properties": { "fid": 255, "DISTRITO": "1729", "NOMBRE1": "Aron Castellanos", "riesgo_median": 2.0, "riesgo_ponderado": 2.1097849742606192, "pct_n4_n5": 0.0015592874501863352, "riesgo_alto_clase": 2, "ha": 40413.48, "b12_ha": 32448.33, "n3_ha": 7954.11, "n4_ha": 0.63, "n5_ha": 0.0 }, "geometry": { "type": "MultiPolygon", "coordinates": [ [ [ [ -62.364887, -34.329325 ], [ -62.325003, -34.174438 ], [ -62.220758, -34.192706 ], [ -62.223612, -34.202891 ], [ -62.180662, -34.211187 ], [ -62.202161, -34.28637 ], [ -62.220856, -34.357588 ], [ -62.254076, -34.351082 ], [ -62.254456, -34.352568 ], [ -62.259617, -34.351518 ], [ -62.269042, -34.385683 ], [ -62.535785, -34.385965 ], [ -62.515324, -34.30757 ], [ -62.513188, -34.308024 ], [ -62.511041, -34.300386 ], [ -62.364887, -34.329325 ] ] ] ] } },
{ "type": "Feature", "properties": { "fid": 256, "DISTRITO": "1730", "NOMBRE1": "Diego de Alvear", "riesgo_median": 2.0, "riesgo_ponderado": 2.0963202915422383, "pct_n4_n5": 0.06182257283132922, "riesgo_alto_clase": 3, "ha": 24930.45, "b12_ha": 20985.93, "n3_ha": 3892.5, "n4_ha": 15.39, "n5_ha": 0.0 }, "geometry": { "type": "MultiPolygon", "coordinates": [ [ [ [ -62.054808, -34.341881 ], [ -62.067496, -34.385578 ], [ -62.269042, -34.385683 ], [ -62.259617, -34.351518 ], [ -62.254456, -34.352568 ], [ -62.254076, -34.351082 ], [ -62.220856, -34.357588 ], [ -62.202161, -34.28637 ], [ -62.180662, -34.211187 ], [ -62.20284, -34.206872 ], [ -62.200055, -34.196465 ], [ -62.127785, -34.210599 ], [ -62.047369, -34.317613 ], [ -62.05188, -34.335281 ], [ -62.054808, -34.341881 ] ] ] ] } },
{ "type": "Feature", "properties": { "fid": 257, "DISTRITO": "1724", "NOMBRE1": "San Gregorio", "riesgo_median": 2.0, "riesgo_ponderado": 2.0343421367874273, "pct_n4_n5": 0.11231583007515475, "riesgo_alto_clase": 3, "ha": 52965.05, "b12_ha": 45625.23, "n3_ha": 7281.99, "n4_ha": 59.49, "n5_ha": 0.0 }, "geometry": { "type": "MultiPolygon", "coordinates": [ [ [ [ -62.075524, -34.279612 ], [ -61.772354, -34.118964 ], [ -61.698867, -34.181787 ], [ -61.689496, -34.175004 ], [ -61.665204, -34.19539 ], [ -61.882405, -34.301549 ], [ -61.815978, -34.384208 ], [ -61.817691, -34.385567 ], [ -62.067496, -34.385578 ], [ -62.056096, -34.345858 ], [ -62.05188, -34.335281 ], [ -62.047369, -34.317613 ], [ -62.075524, -34.279612 ] ] ] ] } },
{ "type": "Feature", "properties": { "fid": 258, "DISTRITO": "1725", "NOMBRE1": "Christophersen", "riesgo_median": 2.0, "riesgo_ponderado": 1.8805937934673125, "pct_n4_n5": 0.04676483284570003, "riesgo_alto_clase": 2, "ha": 30031.11, "b12_ha": 26822.43, "n3_ha": 3186.09, "n4_ha": 14.04, "n5_ha": 0.0 }, "geometry": { "type": "MultiPolygon", "coordinates": [ [ [ [ -61.932411, -34.203881 ], [ -62.075524, -34.279612 ], [ -62.127785, -34.210599 ], [ -62.200055, -34.196465 ], [ -62.20284, -34.206872 ], [ -62.223612, -34.202891 ], [ -62.220758, -34.192706 ], [ -62.215384, -34.193654 ], [ -62.208214, -34.164698 ], [ -62.033447, -34.07264 ], [ -61.932411, -34.203881 ] ] ] ] } },
{ "type": "Feature", "properties": { "fid": 259, "DISTRITO": "1731", "NOMBRE1": "Amenabar", "riesgo_median": 2.0, "riesgo_ponderado": 1.9311819457834742, "pct_n4_n5": 0.018076901264674192, "riesgo_alto_clase": 2, "ha": 50765.55, "b12_ha": 43606.44, "n3_ha": 7167.42, "n4_ha": 9.18, "n5_ha": 0.0 }, "geometry": { "type": "MultiPolygon", "coordinates": [ [ [ [ -62.215384, -34.193654 ], [ -62.582044, -34.128473 ], [ -62.534389, -33.944839 ], [ -62.49843, -33.951275 ], [ -62.503319, -33.969927 ], [ -62.318636, -34.003342 ], [ -62.349063, -34.122011 ], [ -62.26596, -34.136791 ], [ -62.251293, -34.078833 ], [ -62.18893, -34.089889 ], [ -62.215384, -34.193654 ] ] ] ] } },
{ "type": "Feature", "properties": { "fid": 260, "DISTRITO": "1507", "NOMBRE1": "Aldao (S)", "riesgo_median": 2.0, "riesgo_ponderado": 2.1077434193713263, "pct_n4_n5": 0.12675696396626629, "riesgo_alto_clase": 3, "ha": 8811.09, "b12_ha": 7342.38, "n3_ha": 1450.71, "n4_ha": 11.16, "n5_ha": 0.0 }, "geometry": { "type": "MultiPolygon", "coordinates": [ [ [ [ -60.78104, -32.699348 ], [ -60.785221, -32.717136 ], [ -60.788937, -32.717512 ], [ -60.801568, -32.72325 ], [ -60.833989, -32.749398 ], [ -60.841445, -32.759018 ], [ -60.845461, -32.766898 ], [ -60.852621, -32.773509 ], [ -60.876452, -32.742719 ], [ -60.887546, -32.748233 ], [ -60.939414, -32.68097 ], [ -60.936587, -32.680449 ], [ -60.934618, -32.679068 ], [ -60.931729, -32.679018 ], [ -60.930223, -32.677993 ], [ -60.927812, -32.678231 ], [ -60.926782, -32.677231 ], [ -60.925169, -32.677329 ], [ -60.922658, -32.676082 ], [ -60.920611, -32.676946 ], [ -60.918829, -32.675491 ], [ -60.917838, -32.676664 ], [ -60.912329, -32.678059 ], [ -60.910663, -32.676345 ], [ -60.908315, -32.676074 ], [ -60.906756, -32.674776 ], [ -60.900375, -32.674279 ], [ -60.899445, -32.673091 ], [ -60.897696, -32.673161 ], [ -60.888641, -32.668902 ], [ -60.887239, -32.669732 ], [ -60.885518, -32.67325 ], [ -60.880434, -32.674681 ], [ -60.878773, -32.67766 ], [ -60.877281, -32.677958 ], [ -60.875587, -32.680257 ], [ -60.874432, -32.680323 ], [ -60.873364, -32.678762 ], [ -60.870178, -32.678343 ], [ -60.868871, -32.676741 ], [ -60.866766, -32.677029 ], [ -60.865587, -32.676317 ], [ -60.866512, -32.673549 ], [ -60.865059, -32.672405 ], [ -60.864155, -32.668527 ], [ -60.859005, -32.665912 ], [ -60.857453, -32.663477 ], [ -60.855399, -32.662794 ], [ -60.853363, -32.659499 ], [ -60.851298, -32.658026 ], [ -60.825242, -32.69198 ], [ -60.78104, -32.699348 ] ] ] ] } },
{ "type": "Feature", "properties": { "fid": 261, "DISTRITO": "1511", "NOMBRE1": "Roldan", "riesgo_median": 2.0, "riesgo_ponderado": 2.0481698621454605, "pct_n4_n5": 0.11963238789415306, "riesgo_alto_clase": 3, "ha": 11357.72, "b12_ha": 9118.71, "n3_ha": 2227.5, "n4_ha": 13.59, "n5_ha": 0.0 }, "geometry": { "type": "MultiPolygon", "coordinates": [ [ [ [ -60.861075, -32.885548 ], [ -60.877936, -32.953265 ], [ -60.986873, -32.933671 ], [ -60.964023, -32.84152 ], [ -60.892901, -32.854116 ], [ -60.87395, -32.84019 ], [ -60.858421, -32.86039 ], [ -60.855058, -32.860983 ], [ -60.855756, -32.863913 ], [ -60.845613, -32.877042 ], [ -60.861075, -32.885548 ] ] ] ] } },
{ "type": "Feature", "properties": { "fid": 262, "DISTRITO": "1723", "NOMBRE1": "Teodelina", "riesgo_median": 2.0, "riesgo_ponderado": 2.0812740859767249, "pct_n4_n5": 0.21461626439937548, "riesgo_alto_clase": 3, "ha": 73328.46, "b12_ha": 60525.9, "n3_ha": 12577.86, "n4_ha": 157.23, "n5_ha": 0.0 }, "geometry": { "type": "MultiPolygon", "coordinates": [ [ [ [ -61.665204, -34.19539 ], [ -61.689964, -34.174611 ], [ -61.593141, -34.096072 ], [ -61.586686, -34.101552 ], [ -61.474157, -34.007459 ], [ -61.447561, -34.029454 ], [ -61.368238, -33.962721 ], [ -61.309432, -34.011202 ], [ -61.366849, -34.059513 ], [ -61.721646, -34.386227 ], [ -61.817803, -34.385656 ], [ -61.815978, -34.384208 ], [ -61.882405, -34.301549 ], [ -61.665204, -34.19539 ] ] ] ] } },
{ "type": "Feature", "properties": { "fid": 263, "DISTRITO": "1722", "NOMBRE1": "Wheelwright", "riesgo_median": 2.0, "riesgo_ponderado": 2.062701121404193, "pct_n4_n5": 0.03566204638852128, "riesgo_alto_clase": 2, "ha": 32317.36, "b12_ha": 27332.19, "n3_ha": 4959.54, "n4_ha": 11.52, "n5_ha": 0.0 }, "geometry": { "type": "MultiPolygon", "coordinates": [ [ [ [ -61.290905, -33.781877 ], [ -61.198325, -33.732372 ], [ -61.153354, -33.789976 ], [ -61.165093, -33.794837 ], [ -61.125449, -33.827797 ], [ -61.128802, -33.830698 ], [ -61.125069, -33.833915 ], [ -61.256426, -33.956308 ], [ -61.275766, -33.973175 ], [ -61.309432, -34.011202 ], [ -61.387371, -33.947115 ], [ -61.290752, -33.866849 ], [ -61.317611, -33.832157 ], [ -61.293829, -33.819554 ], [ -61.300159, -33.811264 ], [ -61.277456, -33.799189 ], [ -61.290905, -33.781877 ] ] ] ] } },
{ "type": "Feature", "properties": { "fid": 264, "DISTRITO": "1903", "NOMBRE1": "Juncal", "riesgo_median": 2.0, "riesgo_ponderado": 2.1727395107372436, "pct_n4_n5": 0.24508225230911923, "riesgo_alto_clase": 3, "ha": 27995.86, "b12_ha": 21650.22, "n3_ha": 6227.01, "n4_ha": 68.49, "n5_ha": 0.0 }, "geometry": { "type": "MultiPolygon", "coordinates": [ [ [ [ -61.153354, -33.789976 ], [ -61.218444, -33.706455 ], [ -61.08012, -33.631848 ], [ -61.083304, -33.62773 ], [ -61.040076, -33.604172 ], [ -60.980652, -33.680643 ], [ -60.986582, -33.686207 ], [ -60.975932, -33.694356 ], [ -61.058695, -33.772213 ], [ -61.125481, -33.83356 ], [ -61.128802, -33.830698 ], [ -61.125449, -33.827797 ], [ -61.165093, -33.794837 ], [ -61.153354, -33.789976 ] ] ] ] } },
{ "type": "Feature", "properties": { "fid": 265, "DISTRITO": "1902", "NOMBRE1": "Alcorta", "riesgo_median": 2.0, "riesgo_ponderado": 2.1739555935098207, "pct_n4_n5": 0.18941076003415885, "riesgo_alto_clase": 3, "ha": 52645.42, "b12_ha": 41200.47, "n3_ha": 11394.72, "n4_ha": 99.81, "n5_ha": 0.0 }, "geometry": { "type": "MultiPolygon", "coordinates": [ [ [ [ -61.218444, -33.706455 ], [ -61.322683, -33.571962 ], [ -61.184765, -33.497046 ], [ -61.188832, -33.491643 ], [ -61.168876, -33.474212 ], [ -61.130969, -33.458351 ], [ -61.103575, -33.442504 ], [ -61.074983, -33.419068 ], [ -61.066807, -33.429356 ], [ -61.071352, -33.434945 ], [ -61.073461, -33.440411 ], [ -61.072867, -33.455148 ], [ -61.047073, -33.488081 ], [ -61.051033, -33.490272 ], [ -60.998624, -33.557093 ], [ -61.010792, -33.563757 ], [ -60.936925, -33.658061 ], [ -60.975932, -33.694356 ], [ -60.986582, -33.686207 ], [ -60.980652, -33.680643 ], [ -61.040076, -33.604172 ], [ -61.083304, -33.62773 ], [ -61.08012, -33.631848 ], [ -61.218444, -33.706455 ] ] ] ] } },
{ "type": "Feature", "properties": { "fid": 266, "DISTRITO": "1904", "NOMBRE1": "Maximo Paz", "riesgo_median": 2.0, "riesgo_ponderado": 2.3347057794020367, "pct_n4_n5": 0.6009889917564244, "riesgo_alto_clase": 4, "ha": 30381.79, "b12_ha": 19835.64, "n3_ha": 10322.01, "n4_ha": 182.34, "n5_ha": 0.0 }, "geometry": { "type": "MultiPolygon", "coordinates": [ [ [ [ -60.986875, -33.392649 ], [ -60.902611, -33.444399 ], [ -60.903437, -33.446819 ], [ -60.905315, -33.448533 ], [ -60.907364, -33.452266 ], [ -60.909155, -33.458625 ], [ -60.911528, -33.462397 ], [ -60.91121, -33.465273 ], [ -60.91216, -33.465891 ], [ -60.91294, -33.4691 ], [ -60.870824, -33.458967 ], [ -60.867639, -33.549036 ], [ -60.868946, -33.550462 ], [ -60.878939, -33.554822 ], [ -60.886337, -33.560783 ], [ -60.888836, -33.561368 ], [ -60.890682, -33.563639 ], [ -60.894181, -33.565338 ], [ -60.900327, -33.5713 ], [ -60.903776, -33.572938 ], [ -60.905129, -33.575007 ], [ -60.906754, -33.575718 ], [ -60.907909, -33.577863 ], [ -60.914127, -33.584125 ], [ -60.913819, -33.585236 ], [ -60.916264, -33.587807 ], [ -60.918202, -33.588669 ], [ -60.918875, -33.592778 ], [ -60.919832, -33.593115 ], [ -60.919221, -33.594772 ], [ -60.92178, -33.603835 ], [ -60.921168, -33.605529 ], [ -60.922085, -33.606623 ], [ -60.922059, -33.611155 ], [ -60.923351, -33.614573 ], [ -60.923213, -33.620776 ], [ -60.922269, -33.621467 ], [ -60.922715, -33.624246 ], [ -60.921729, -33.627544 ], [ -60.922616, -33.630655 ], [ -60.921645, -33.631479 ], [ -60.921809, -33.637263 ], [ -60.927258, -33.641601 ], [ -60.931942, -33.646622 ], [ -60.932998, -33.649443 ], [ -60.932214, -33.651145 ], [ -60.934057, -33.653792 ], [ -60.936636, -33.654492 ], [ -60.937975, -33.656257 ], [ -61.010792, -33.563757 ], [ -60.998624, -33.557093 ], [ -61.051033, -33.490272 ], [ -61.047073, -33.488081 ], [ -61.072867, -33.455148 ], [ -61.073656, -33.441811 ], [ -61.071352, -33.434945 ], [ -61.068829, -33.431136 ], [ -61.062715, -33.425131 ], [ -61.045668, -33.413028 ], [ -61.035624, -33.409761 ], [ -61.022695, -33.408455 ], [ -61.020729, -33.407703 ], [ -61.018985, -33.408101 ], [ -61.015839, -33.406065 ], [ -61.006454, -33.402686 ], [ -61.006295, -33.401847 ], [ -61.001153, -33.400545 ], [ -60.997932, -33.398766 ], [ -60.996563, -33.39714 ], [ -60.994159, -33.396865 ], [ -60.991281, -33.394495 ], [ -60.989682, -33.394592 ], [ -60.986875, -33.392649 ] ] ] ] } },
{ "type": "Feature", "properties": { "fid": 267, "DISTRITO": "1910", "NOMBRE1": "Peyrano", "riesgo_median": 2.0, "riesgo_ponderado": 2.3318864990930295, "pct_n4_n5": 0.29865250064783622, "riesgo_alto_clase": 3, "ha": 13899.8, "b12_ha": 8925.57, "n3_ha": 4925.34, "n4_ha": 41.49, "n5_ha": 0.0 }, "geometry": { "type": "MultiPolygon", "coordinates": [ [ [ [ -60.867639, -33.549036 ], [ -60.869784, -33.488446 ], [ -60.778792, -33.466418 ], [ -60.774093, -33.471653 ], [ -60.753631, -33.452476 ], [ -60.699532, -33.493623 ], [ -60.711895, -33.505029 ], [ -60.695735, -33.517604 ], [ -60.765302, -33.580723 ], [ -60.765733, -33.582635 ], [ -60.765953, -33.581907 ], [ -60.773811, -33.580271 ], [ -60.774862, -33.579374 ], [ -60.779743, -33.57859 ], [ -60.781622, -33.579092 ], [ -60.782101, -33.577485 ], [ -60.788052, -33.574124 ], [ -60.790038, -33.57087 ], [ -60.795491, -33.56845 ], [ -60.796644, -33.566149 ], [ -60.797875, -33.566278 ], [ -60.798555, -33.564661 ], [ -60.802356, -33.562244 ], [ -60.803196, -33.559632 ], [ -60.80409, -33.559949 ], [ -60.810717, -33.554728 ], [ -60.806961, -33.553945 ], [ -60.807116, -33.552648 ], [ -60.810529, -33.547518 ], [ -60.812037, -33.547277 ], [ -60.812217, -33.546035 ], [ -60.814803, -33.543976 ], [ -60.818169, -33.543852 ], [ -60.817924, -33.540614 ], [ -60.819988, -33.540516 ], [ -60.825685, -33.544186 ], [ -60.827852, -33.543842 ], [ -60.829035, -33.542223 ], [ -60.830023, -33.543738 ], [ -60.833516, -33.544604 ], [ -60.834822, -33.543986 ], [ -60.837284, -33.54472 ], [ -60.839446, -33.544466 ], [ -60.842573, -33.545996 ], [ -60.845544, -33.545783 ], [ -60.847945, -33.544688 ], [ -60.848461, -33.54553 ], [ -60.860997, -33.546455 ], [ -60.867639, -33.549036 ] ] ] ] } },
{ "type": "Feature", "properties": { "fid": 268, "DISTRITO": "1911", "NOMBRE1": "Ca�ada Rica", "riesgo_median": 2.0, "riesgo_ponderado": 2.082768246187364, "pct_n4_n5": 0.10552832244008713, "riesgo_alto_clase": 3, "ha": 13251.76, "b12_ha": 11504.97, "n3_ha": 1700.28, "n4_ha": 13.95, "n5_ha": 0.0 }, "geometry": { "type": "MultiPolygon", "coordinates": [ [ [ [ -60.570147, -33.454029 ], [ -60.53823, -33.477641 ], [ -60.570951, -33.507527 ], [ -60.544823, -33.527152 ], [ -60.56217, -33.543703 ], [ -60.56998, -33.538634 ], [ -60.590275, -33.557541 ], [ -60.607576, -33.549868 ], [ -60.606845, -33.540633 ], [ -60.616521, -33.550154 ], [ -60.664336, -33.592941 ], [ -60.669895, -33.59117 ], [ -60.673961, -33.588844 ], [ -60.68178, -33.587134 ], [ -60.684334, -33.585588 ], [ -60.690754, -33.584431 ], [ -60.701645, -33.585286 ], [ -60.71002, -33.587243 ], [ -60.710923, -33.588806 ], [ -60.714031, -33.587598 ], [ -60.719321, -33.587266 ], [ -60.721129, -33.588583 ], [ -60.724044, -33.587239 ], [ -60.734572, -33.586629 ], [ -60.74156, -33.587744 ], [ -60.743668, -33.587121 ], [ -60.746544, -33.588328 ], [ -60.748852, -33.587462 ], [ -60.753102, -33.587239 ], [ -60.755482, -33.587869 ], [ -60.755487, -33.586656 ], [ -60.75858, -33.584892 ], [ -60.760376, -33.585085 ], [ -60.761093, -33.584233 ], [ -60.76565, -33.582858 ], [ -60.765302, -33.580723 ], [ -60.67493, -33.498925 ], [ -60.644138, -33.521477 ], [ -60.570147, -33.454029 ] ] ] ] } },
{ "type": "Feature", "properties": { "fid": 269, "DISTRITO": "1912", "NOMBRE1": "General Gelly", "riesgo_median": 2.0, "riesgo_ponderado": 2.1668058455114823, "pct_n4_n5": 0.008947211452430659, "riesgo_alto_clase": 2, "ha": 12108.47, "b12_ha": 9908.91, "n3_ha": 2160.81, "n4_ha": 1.08, "n5_ha": 0.0 }, "geometry": { "type": "MultiPolygon", "coordinates": [ [ [ [ -60.607254, -33.55011 ], [ -60.539844, -33.579881 ], [ -60.529185, -33.569922 ], [ -60.457465, -33.62295 ], [ -60.458261, -33.624808 ], [ -60.457354, -33.62706 ], [ -60.459635, -33.631237 ], [ -60.461707, -33.631564 ], [ -60.46309, -33.634713 ], [ -60.467842, -33.635444 ], [ -60.468548, -33.637589 ], [ -60.471204, -33.637013 ], [ -60.472934, -33.637931 ], [ -60.477134, -33.637543 ], [ -60.483172, -33.64077 ], [ -60.486854, -33.641485 ], [ -60.490144, -33.643336 ], [ -60.49481, -33.642795 ], [ -60.496584, -33.64425 ], [ -60.500867, -33.644558 ], [ -60.502976, -33.645796 ], [ -60.509639, -33.646184 ], [ -60.512516, -33.644682 ], [ -60.518978, -33.644248 ], [ -60.522835, -33.646214 ], [ -60.523181, -33.648693 ], [ -60.525405, -33.648028 ], [ -60.52818, -33.648929 ], [ -60.536017, -33.648203 ], [ -60.539981, -33.647003 ], [ -60.541742, -33.647365 ], [ -60.552873, -33.646149 ], [ -60.557588, -33.646499 ], [ -60.562398, -33.644728 ], [ -60.566582, -33.64142 ], [ -60.569736, -33.640208 ], [ -60.570743, -33.638971 ], [ -60.570622, -33.637691 ], [ -60.571926, -33.637129 ], [ -60.576297, -33.638007 ], [ -60.579356, -33.636082 ], [ -60.581154, -33.636121 ], [ -60.582599, -33.634471 ], [ -60.584139, -33.635205 ], [ -60.585731, -33.63423 ], [ -60.587079, -33.634361 ], [ -60.587113, -33.631059 ], [ -60.590025, -33.63239 ], [ -60.593025, -33.630935 ], [ -60.595034, -33.631058 ], [ -60.601478, -33.627627 ], [ -60.603242, -33.629345 ], [ -60.605995, -33.630512 ], [ -60.608606, -33.629511 ], [ -60.610869, -33.627225 ], [ -60.614264, -33.626701 ], [ -60.616994, -33.625381 ], [ -60.618381, -33.626422 ], [ -60.6181, -33.628184 ], [ -60.620073, -33.62878 ], [ -60.620832, -33.626084 ], [ -60.625766, -33.625353 ], [ -60.630021, -33.622502 ], [ -60.631943, -33.620642 ], [ -60.632128, -33.61934 ], [ -60.634416, -33.618931 ], [ -60.638084, -33.615947 ], [ -60.640233, -33.616208 ], [ -60.643615, -33.613006 ], [ -60.643906, -33.611644 ], [ -60.648894, -33.607153 ], [ -60.653001, -33.607024 ], [ -60.656459, -33.603971 ], [ -60.657198, -33.600717 ], [ -60.658717, -33.600317 ], [ -60.660729, -33.595864 ], [ -60.664336, -33.592941 ], [ -60.616521, -33.550154 ], [ -60.606845, -33.540633 ], [ -60.607784, -33.549247 ], [ -60.607254, -33.55011 ] ] ] ] } },
{ "type": "Feature", "properties": { "fid": 270, "DISTRITO": "1909", "NOMBRE1": "Sargento Cabral", "riesgo_median": 2.0, "riesgo_ponderado": 2.2490527671400007, "pct_n4_n5": 0.14301691124140034, "riesgo_alto_clase": 3, "ha": 13286.71, "b12_ha": 9824.58, "n3_ha": 3434.58, "n4_ha": 18.99, "n5_ha": 0.0 }, "geometry": { "type": "MultiPolygon", "coordinates": [ [ [ [ -60.616724, -33.418977 ], [ -60.570147, -33.454029 ], [ -60.644138, -33.521477 ], [ -60.67493, -33.498925 ], [ -60.695735, -33.517604 ], [ -60.711895, -33.505029 ], [ -60.699532, -33.493623 ], [ -60.753687, -33.452434 ], [ -60.730929, -33.430913 ], [ -60.737016, -33.426252 ], [ -60.706622, -33.418809 ], [ -60.706713, -33.418047 ], [ -60.702846, -33.416175 ], [ -60.696928, -33.410892 ], [ -60.691791, -33.409413 ], [ -60.687743, -33.406994 ], [ -60.685291, -33.404165 ], [ -60.686384, -33.403141 ], [ -60.686029, -33.40154 ], [ -60.68472, -33.400855 ], [ -60.683429, -33.39759 ], [ -60.681085, -33.396208 ], [ -60.680648, -33.393973 ], [ -60.671149, -33.389025 ], [ -60.625028, -33.424028 ], [ -60.616724, -33.418977 ] ] ] ] } },
{ "type": "Feature", "properties": { "fid": 271, "DISTRITO": "1908", "NOMBRE1": "Cepeda", "riesgo_median": 2.0, "riesgo_ponderado": 2.3866581956797965, "pct_n4_n5": 0.048708174502329525, "riesgo_alto_clase": 2, "ha": 8501.03, "b12_ha": 5108.85, "n3_ha": 3386.61, "n4_ha": 4.14, "n5_ha": 0.0 }, "geometry": { "type": "MultiPolygon", "coordinates": [ [ [ [ -60.584658, -33.360817 ], [ -60.508678, -33.417768 ], [ -60.516556, -33.425764 ], [ -60.519817, -33.430178 ], [ -60.513445, -33.434769 ], [ -60.528164, -33.439352 ], [ -60.529424, -33.438394 ], [ -60.543206, -33.443774 ], [ -60.542973, -33.444308 ], [ -60.558961, -33.450867 ], [ -60.566703, -33.456537 ], [ -60.616724, -33.418977 ], [ -60.625028, -33.424028 ], [ -60.671149, -33.389025 ], [ -60.667806, -33.387151 ], [ -60.662072, -33.387901 ], [ -60.65717, -33.384006 ], [ -60.654846, -33.380706 ], [ -60.65208, -33.378414 ], [ -60.645195, -33.373907 ], [ -60.642232, -33.373604 ], [ -60.641411, -33.372142 ], [ -60.63651, -33.36888 ], [ -60.635907, -33.367671 ], [ -60.633832, -33.367288 ], [ -60.631087, -33.364931 ], [ -60.627498, -33.363753 ], [ -60.619461, -33.358052 ], [ -60.615662, -33.359501 ], [ -60.612413, -33.359404 ], [ -60.609206, -33.361039 ], [ -60.596578, -33.362092 ], [ -60.587636, -33.360424 ], [ -60.584658, -33.360817 ] ] ] ] } },
{ "type": "Feature", "properties": { "fid": 272, "DISTRITO": "1604", "NOMBRE1": "Funes", "riesgo_median": 2.0, "riesgo_ponderado": 1.9108031403191921, "pct_n4_n5": 0.41189045741034241, "riesgo_alto_clase": 3, "ha": 9755.78, "b12_ha": 8236.17, "n3_ha": 1490.76, "n4_ha": 40.23, "n5_ha": 0.0 }, "geometry": { "type": "MultiPolygon", "coordinates": [ [ [ [ -60.877936, -32.953265 ], [ -60.861075, -32.885548 ], [ -60.834157, -32.870688 ], [ -60.798525, -32.869388 ], [ -60.798463, -32.873217 ], [ -60.782065, -32.872897 ], [ -60.781195, -32.885717 ], [ -60.771001, -32.885318 ], [ -60.770346, -32.896045 ], [ -60.796825, -32.897015 ], [ -60.787031, -32.910148 ], [ -60.776085, -32.922694 ], [ -60.762163, -32.924055 ], [ -60.763772, -32.925993 ], [ -60.765944, -32.927009 ], [ -60.766278, -32.931214 ], [ -60.76889, -32.933812 ], [ -60.768896, -32.936515 ], [ -60.774529, -32.939228 ], [ -60.776142, -32.943052 ], [ -60.781465, -32.946573 ], [ -60.783394, -32.949023 ], [ -60.761824, -32.948772 ], [ -60.760864, -32.965341 ], [ -60.840038, -32.968158 ], [ -60.839433, -32.966525 ], [ -60.909424, -32.968572 ], [ -60.911859, -32.947169 ], [ -60.877936, -32.953265 ] ] ] ] } },
{ "type": "Feature", "properties": { "fid": 273, "DISTRITO": "1606", "NOMBRE1": "Perez", "riesgo_median": 2.0, "riesgo_ponderado": 2.1049299319187265, "pct_n4_n5": 0.1827862989748073, "riesgo_alto_clase": 3, "ha": 6806.35, "b12_ha": 5111.46, "n3_ha": 1670.94, "n4_ha": 12.42, "n5_ha": 0.0 }, "geometry": { "type": "MultiPolygon", "coordinates": [ [ [ [ -60.726765, -33.007816 ], [ -60.770492, -33.009129 ], [ -60.770325, -33.025689 ], [ -60.81897, -33.027114 ], [ -60.812918, -33.03528 ], [ -60.823862, -33.039008 ], [ -60.870789, -33.040496 ], [ -60.873946, -33.023735 ], [ -60.824475, -33.022013 ], [ -60.829936, -33.010898 ], [ -60.836342, -33.011098 ], [ -60.845319, -32.987129 ], [ -60.845508, -32.983058 ], [ -60.840038, -32.968158 ], [ -60.732678, -32.964383 ], [ -60.736168, -32.979715 ], [ -60.735812, -32.983723 ], [ -60.726765, -33.007816 ] ] ] ] } },
{ "type": "Feature", "properties": { "fid": 274, "DISTRITO": "1610", "NOMBRE1": "Pi�ero", "riesgo_median": 2.0, "riesgo_ponderado": 2.1796009086280499, "pct_n4_n5": 0.046018877531038262, "riesgo_alto_clase": 2, "ha": 9187.77, "b12_ha": 7084.26, "n3_ha": 2103.39, "n4_ha": 4.23, "n5_ha": 0.0 }, "geometry": { "type": "MultiPolygon", "coordinates": [ [ [ [ -60.69852, -33.038974 ], [ -60.69473, -33.0377 ], [ -60.692239, -33.037901 ], [ -60.690355, -33.035001 ], [ -60.688099, -33.034012 ], [ -60.688097, -33.033 ], [ -60.686843, -33.033141 ], [ -60.683617, -33.031418 ], [ -60.683442, -33.02926 ], [ -60.681828, -33.029359 ], [ -60.709552, -33.122187 ], [ -60.780685, -33.131191 ], [ -60.790539, -33.119862 ], [ -60.81465, -33.123066 ], [ -60.817997, -33.119079 ], [ -60.857269, -33.100161 ], [ -60.85286, -33.098975 ], [ -60.849709, -33.096159 ], [ -60.843657, -33.093489 ], [ -60.840505, -33.089122 ], [ -60.836608, -33.086335 ], [ -60.831636, -33.080605 ], [ -60.840852, -33.080735 ], [ -60.829406, -33.071823 ], [ -60.81273, -33.063646 ], [ -60.810656, -33.065138 ], [ -60.810581, -33.066291 ], [ -60.804887, -33.068201 ], [ -60.80359, -33.070987 ], [ -60.797284, -33.071265 ], [ -60.796306, -33.072197 ], [ -60.795095, -33.072199 ], [ -60.792578, -33.069465 ], [ -60.789386, -33.069782 ], [ -60.786911, -33.06858 ], [ -60.782305, -33.070681 ], [ -60.774204, -33.069297 ], [ -60.771127, -33.068469 ], [ -60.765305, -33.064921 ], [ -60.76431, -33.06566 ], [ -60.760873, -33.065394 ], [ -60.753809, -33.063864 ], [ -60.753053, -33.062568 ], [ -60.75141, -33.063422 ], [ -60.749881, -33.063147 ], [ -60.744915, -33.060393 ], [ -60.739042, -33.058895 ], [ -60.733372, -33.055457 ], [ -60.731114, -33.054826 ], [ -60.730042, -33.053049 ], [ -60.728212, -33.052788 ], [ -60.724726, -33.049957 ], [ -60.72022, -33.049127 ], [ -60.717697, -33.047277 ], [ -60.712936, -33.047861 ], [ -60.711646, -33.045637 ], [ -60.707505, -33.044132 ], [ -60.706565, -33.043063 ], [ -60.705016, -33.043122 ], [ -60.69852, -33.038974 ] ] ] ] } },
{ "type": "Feature", "properties": { "fid": 275, "DISTRITO": "1412", "NOMBRE1": "Villa Eloisa", "riesgo_median": 2.0, "riesgo_ponderado": 2.3805733904586015, "pct_n4_n5": 0.17624607906722184, "riesgo_alto_clase": 3, "ha": 37319.95, "b12_ha": 22839.21, "n3_ha": 14423.49, "n4_ha": 65.79, "n5_ha": 0.0 }, "geometry": { "type": "MultiPolygon", "coordinates": [ [ [ [ -61.450125, -33.017862 ], [ -61.458677, -33.019464 ], [ -61.462696, -33.022113 ], [ -61.466613, -33.021193 ], [ -61.472535, -33.023929 ], [ -61.477208, -33.024347 ], [ -61.478695, -33.026719 ], [ -61.481618, -33.025773 ], [ -61.484326, -33.02749 ], [ -61.488623, -33.028642 ], [ -61.497158, -33.029444 ], [ -61.499427, -33.030728 ], [ -61.504914, -33.030662 ], [ -61.512137, -33.033599 ], [ -61.515726, -33.036216 ], [ -61.521503, -33.037931 ], [ -61.526458, -33.041604 ], [ -61.538684, -33.042499 ], [ -61.542177, -33.041235 ], [ -61.547844, -33.043126 ], [ -61.553841, -33.049419 ], [ -61.554657, -33.053197 ], [ -61.557441, -33.054625 ], [ -61.561917, -33.059096 ], [ -61.564488, -33.059562 ], [ -61.564975, -33.060353 ], [ -61.564152, -33.062856 ], [ -61.565232, -33.06374 ], [ -61.567337, -33.062417 ], [ -61.571512, -33.064425 ], [ -61.575392, -33.063146 ], [ -61.578958, -33.065948 ], [ -61.581838, -33.063851 ], [ -61.584518, -33.063817 ], [ -61.586353, -33.062797 ], [ -61.587307, -33.063217 ], [ -61.58698, -33.064783 ], [ -61.588062, -33.065766 ], [ -61.593084, -33.066633 ], [ -61.599615, -33.065851 ], [ -61.606137, -33.068523 ], [ -61.609224, -33.067054 ], [ -61.615459, -33.067373 ], [ -61.619864, -33.068911 ], [ -61.635652, -33.066676 ], [ -61.635634, -33.069966 ], [ -61.638247, -33.075747 ], [ -61.638143, -33.07828 ], [ -61.641238, -33.079336 ], [ -61.640707, -33.081782 ], [ -61.641467, -33.083188 ], [ -61.647849, -33.084804 ], [ -61.64719, -33.087731 ], [ -61.648324, -33.088633 ], [ -61.650534, -33.088703 ], [ -61.65131, -33.088062 ], [ -61.653056, -33.084417 ], [ -61.656599, -33.084104 ], [ -61.659492, -33.086989 ], [ -61.66072, -33.087272 ], [ -61.66141, -33.09042 ], [ -61.663444, -33.091622 ], [ -61.66607, -33.088696 ], [ -61.671376, -33.087761 ], [ -61.671501, -33.083938 ], [ -61.672484, -33.082847 ], [ -61.676299, -33.082117 ], [ -61.677911, -33.082484 ], [ -61.678561, -33.083472 ], [ -61.675794, -33.083111 ], [ -61.67514, -33.083984 ], [ -61.675637, -33.08524 ], [ -61.678026, -33.08647 ], [ -61.680136, -33.089565 ], [ -61.68622, -33.092241 ], [ -61.687042, -33.091931 ], [ -61.687516, -33.089898 ], [ -61.688698, -33.089815 ], [ -61.692514, -33.093485 ], [ -61.698588, -33.092996 ], [ -61.701131, -33.093958 ], [ -61.704354, -33.091356 ], [ -61.71063, -33.091668 ], [ -61.712878, -33.090518 ], [ -61.642426, -32.883262 ], [ -61.618426, -32.870184 ], [ -61.554694, -32.85686 ], [ -61.441186, -33.005241 ], [ -61.434503, -33.01051 ], [ -61.434279, -33.014043 ], [ -61.442624, -33.013613 ], [ -61.446122, -33.01616 ], [ -61.450125, -33.017862 ] ] ] ] } },
{ "type": "Feature", "properties": { "fid": 276, "DISTRITO": "1804", "NOMBRE1": "Los Molinos", "riesgo_median": 3.0, "riesgo_ponderado": 2.5860753705729485, "pct_n4_n5": 0.41325901616572025, "riesgo_alto_clase": 3, "ha": 15580.54, "b12_ha": 6365.88, "n3_ha": 9119.43, "n4_ha": 64.26, "n5_ha": 0.0 }, "geometry": { "type": "MultiPolygon", "coordinates": [ [ [ [ -61.332328, -32.996642 ], [ -61.257918, -33.092705 ], [ -61.321489, -33.126931 ], [ -61.338374, -33.137204 ], [ -61.341687, -33.133149 ], [ -61.359279, -33.137071 ], [ -61.450803, -33.018025 ], [ -61.446122, -33.01616 ], [ -61.442624, -33.013613 ], [ -61.432747, -33.014138 ], [ -61.42974, -33.011723 ], [ -61.428399, -33.01163 ], [ -61.426785, -33.014502 ], [ -61.425229, -33.015004 ], [ -61.422472, -33.012209 ], [ -61.419451, -33.010925 ], [ -61.413962, -33.011284 ], [ -61.411062, -33.009541 ], [ -61.402893, -33.009552 ], [ -61.397984, -33.006608 ], [ -61.390355, -33.006451 ], [ -61.386627, -33.004797 ], [ -61.385704, -33.002896 ], [ -61.382513, -33.004977 ], [ -61.381127, -33.002058 ], [ -61.378019, -33.001231 ], [ -61.375871, -32.99921 ], [ -61.373847, -32.998481 ], [ -61.367195, -33.003402 ], [ -61.364661, -33.006843 ], [ -61.363819, -33.006072 ], [ -61.365046, -33.003572 ], [ -61.364748, -33.002436 ], [ -61.361235, -33.004027 ], [ -61.355989, -33.001417 ], [ -61.353718, -33.003139 ], [ -61.349941, -33.002373 ], [ -61.347936, -33.000645 ], [ -61.33921, -33.000143 ], [ -61.332328, -32.996642 ] ] ] ] } },
{ "type": "Feature", "properties": { "fid": 277, "DISTRITO": "1805", "NOMBRE1": "Casilda", "riesgo_median": 3.0, "riesgo_ponderado": 2.56652389725296, "pct_n4_n5": 1.509053145425316, "riesgo_alto_clase": 4, "ha": 38340.38, "b12_ha": 16019.1, "n3_ha": 21750.75, "n4_ha": 578.7, "n5_ha": 0.0 }, "geometry": { "type": "MultiPolygon", "coordinates": [ [ [ [ -61.20968, -32.907061 ], [ -61.207194, -32.902721 ], [ -61.198826, -32.913231 ], [ -61.061945, -33.090031 ], [ -61.106756, -33.156116 ], [ -61.120315, -33.156091 ], [ -61.134991, -33.160402 ], [ -61.194242, -33.173148 ], [ -61.246755, -33.104818 ], [ -61.247624, -33.105864 ], [ -61.332328, -32.996642 ], [ -61.326277, -32.993407 ], [ -61.324561, -32.993391 ], [ -61.320623, -32.990979 ], [ -61.314849, -32.989095 ], [ -61.312528, -32.990436 ], [ -61.311672, -32.987692 ], [ -61.308871, -32.988035 ], [ -61.307529, -32.986014 ], [ -61.305673, -32.985255 ], [ -61.304467, -32.985238 ], [ -61.303968, -32.987517 ], [ -61.303089, -32.988035 ], [ -61.298706, -32.986615 ], [ -61.29676, -32.986934 ], [ -61.296224, -32.984246 ], [ -61.294353, -32.98241 ], [ -61.295703, -32.980182 ], [ -61.295227, -32.979169 ], [ -61.293007, -32.98015 ], [ -61.292068, -32.978963 ], [ -61.289252, -32.978919 ], [ -61.288387, -32.977941 ], [ -61.288859, -32.97629 ], [ -61.286783, -32.974935 ], [ -61.284565, -32.976095 ], [ -61.282756, -32.976084 ], [ -61.277428, -32.973056 ], [ -61.271307, -32.965301 ], [ -61.269383, -32.964632 ], [ -61.265357, -32.96581 ], [ -61.2633, -32.963288 ], [ -61.25832, -32.963287 ], [ -61.256986, -32.961745 ], [ -61.24504, -32.956927 ], [ -61.245516, -32.955485 ], [ -61.244571, -32.953849 ], [ -61.239695, -32.951566 ], [ -61.236289, -32.951211 ], [ -61.235775, -32.950573 ], [ -61.23646, -32.948892 ], [ -61.239931, -32.948917 ], [ -61.240532, -32.94625 ], [ -61.244742, -32.945124 ], [ -61.246135, -32.944221 ], [ -61.246227, -32.943204 ], [ -61.242953, -32.9421 ], [ -61.242184, -32.939496 ], [ -61.239685, -32.938145 ], [ -61.236951, -32.935122 ], [ -61.237355, -32.933593 ], [ -61.23447, -32.932426 ], [ -61.232363, -32.928435 ], [ -61.229781, -32.926158 ], [ -61.229649, -32.924246 ], [ -61.227898, -32.923127 ], [ -61.227697, -32.918793 ], [ -61.225417, -32.917859 ], [ -61.224174, -32.915741 ], [ -61.211112, -32.908214 ], [ -61.20968, -32.907061 ] ] ] ] } },
{ "type": "Feature", "properties": { "fid": 278, "DISTRITO": "1803", "NOMBRE1": "Arequito", "riesgo_median": 2.0, "riesgo_ponderado": 2.4837272302662305, "pct_n4_n5": 0.86053246146660434, "riesgo_alto_clase": 4, "ha": 48109.09, "b12_ha": 24902.64, "n3_ha": 22855.32, "n4_ha": 414.54, "n5_ha": 0.0 }, "geometry": { "type": "MultiPolygon", "coordinates": [ [ [ [ -61.341687, -33.133149 ], [ -61.327526, -33.15121 ], [ -61.381158, -33.180614 ], [ -61.386493, -33.173191 ], [ -61.437411, -33.201163 ], [ -61.43086, -33.209755 ], [ -61.443399, -33.216747 ], [ -61.533935, -33.265905 ], [ -61.537894, -33.26053 ], [ -61.601535, -33.294568 ], [ -61.665404, -33.211008 ], [ -61.621472, -33.187011 ], [ -61.625289, -33.179422 ], [ -61.561133, -33.156272 ], [ -61.628817, -33.067692 ], [ -61.619864, -33.068911 ], [ -61.615459, -33.067373 ], [ -61.609224, -33.067054 ], [ -61.606137, -33.068523 ], [ -61.599615, -33.065851 ], [ -61.593084, -33.066633 ], [ -61.588062, -33.065766 ], [ -61.58698, -33.064783 ], [ -61.587307, -33.063217 ], [ -61.586353, -33.062797 ], [ -61.584518, -33.063817 ], [ -61.581838, -33.063851 ], [ -61.578958, -33.065948 ], [ -61.575392, -33.063146 ], [ -61.571512, -33.064425 ], [ -61.567337, -33.062417 ], [ -61.565232, -33.06374 ], [ -61.564152, -33.062856 ], [ -61.564975, -33.060353 ], [ -61.564488, -33.059562 ], [ -61.561917, -33.059096 ], [ -61.557441, -33.054625 ], [ -61.554657, -33.053197 ], [ -61.553841, -33.049419 ], [ -61.547844, -33.043126 ], [ -61.542177, -33.041235 ], [ -61.538684, -33.042499 ], [ -61.526458, -33.041604 ], [ -61.521503, -33.037931 ], [ -61.515726, -33.036216 ], [ -61.512137, -33.033599 ], [ -61.504914, -33.030662 ], [ -61.499427, -33.030728 ], [ -61.497158, -33.029444 ], [ -61.488623, -33.028642 ], [ -61.484326, -33.02749 ], [ -61.481618, -33.025773 ], [ -61.478695, -33.026719 ], [ -61.477208, -33.024347 ], [ -61.472535, -33.023929 ], [ -61.466613, -33.021193 ], [ -61.462696, -33.022113 ], [ -61.456723, -33.018867 ], [ -61.450803, -33.018025 ], [ -61.359279, -33.137071 ], [ -61.341687, -33.133149 ] ] ] ] } },
{ "type": "Feature", "properties": { "fid": 279, "DISTRITO": "1802", "NOMBRE1": "San Jose de la Esquina", "riesgo_median": 2.0, "riesgo_ponderado": 2.4649196516876493, "pct_n4_n5": 0.36474638785814673, "riesgo_alto_clase": 3, "ha": 24191.99, "b12_ha": 12582.81, "n3_ha": 11534.76, "n4_ha": 88.29, "n5_ha": 0.0 }, "geometry": { "type": "MultiPolygon", "coordinates": [ [ [ [ -61.634862, -33.06662 ], [ -61.628817, -33.067692 ], [ -61.561133, -33.156272 ], [ -61.625289, -33.179422 ], [ -61.621472, -33.187011 ], [ -61.665404, -33.211008 ], [ -61.668131, -33.207401 ], [ -61.764868, -33.259475 ], [ -61.798571, -33.214909 ], [ -61.770136, -33.199276 ], [ -61.772871, -33.147683 ], [ -61.759656, -33.150118 ], [ -61.739812, -33.074076 ], [ -61.729381, -33.077846 ], [ -61.726776, -33.077424 ], [ -61.722287, -33.078834 ], [ -61.719744, -33.081449 ], [ -61.71706, -33.082558 ], [ -61.717779, -33.085089 ], [ -61.714674, -33.086897 ], [ -61.713517, -33.089826 ], [ -61.711488, -33.091433 ], [ -61.707244, -33.091947 ], [ -61.704354, -33.091356 ], [ -61.701131, -33.093958 ], [ -61.698588, -33.092996 ], [ -61.693979, -33.093765 ], [ -61.691597, -33.092933 ], [ -61.688698, -33.089815 ], [ -61.687516, -33.089898 ], [ -61.687042, -33.091931 ], [ -61.68622, -33.092241 ], [ -61.680136, -33.089565 ], [ -61.678026, -33.08647 ], [ -61.675153, -33.084648 ], [ -61.675794, -33.083111 ], [ -61.678561, -33.083472 ], [ -61.677911, -33.082484 ], [ -61.676299, -33.082117 ], [ -61.672484, -33.082847 ], [ -61.671501, -33.083938 ], [ -61.671376, -33.087761 ], [ -61.66607, -33.088696 ], [ -61.663444, -33.091622 ], [ -61.66141, -33.09042 ], [ -61.66072, -33.087272 ], [ -61.659492, -33.086989 ], [ -61.656599, -33.084104 ], [ -61.653056, -33.084417 ], [ -61.65131, -33.088062 ], [ -61.650534, -33.088703 ], [ -61.648324, -33.088633 ], [ -61.64719, -33.087731 ], [ -61.647849, -33.084804 ], [ -61.641467, -33.083188 ], [ -61.640707, -33.081782 ], [ -61.641238, -33.079336 ], [ -61.638143, -33.07828 ], [ -61.638247, -33.075747 ], [ -61.635634, -33.069966 ], [ -61.636175, -33.067234 ], [ -61.634862, -33.06662 ] ] ] ] } },
{ "type": "Feature", "properties": { "fid": 280, "DISTRITO": "1806", "NOMBRE1": "Sanford", "riesgo_median": 2.0, "riesgo_ponderado": 2.3443139654603025, "pct_n4_n5": 0.4749694038114109, "riesgo_alto_clase": 3, "ha": 18536.2, "b12_ha": 11952.0, "n3_ha": 6491.7, "n4_ha": 88.02, "n5_ha": 0.0 }, "geometry": { "type": "MultiPolygon", "coordinates": [ [ [ [ -61.194242, -33.173148 ], [ -61.154836, -33.164693 ], [ -61.132561, -33.231384 ], [ -61.13559, -33.230975 ], [ -61.147057, -33.231646 ], [ -61.147256, -33.232352 ], [ -61.150595, -33.233176 ], [ -61.155631, -33.235895 ], [ -61.157544, -33.235724 ], [ -61.158445, -33.237389 ], [ -61.164351, -33.242569 ], [ -61.166168, -33.242594 ], [ -61.170305, -33.244561 ], [ -61.177151, -33.249006 ], [ -61.191464, -33.260912 ], [ -61.194123, -33.266282 ], [ -61.199056, -33.272502 ], [ -61.199447, -33.274824 ], [ -61.200998, -33.276628 ], [ -61.204022, -33.283885 ], [ -61.208697, -33.29065 ], [ -61.277985, -33.201162 ], [ -61.285644, -33.205185 ], [ -61.338374, -33.137204 ], [ -61.321489, -33.126931 ], [ -61.257918, -33.092705 ], [ -61.247624, -33.105864 ], [ -61.246755, -33.104818 ], [ -61.194242, -33.173148 ] ] ] ] } },
{ "type": "Feature", "properties": { "fid": 281, "DISTRITO": "1801", "NOMBRE1": "Arteaga", "riesgo_median": 2.0, "riesgo_ponderado": 2.4186570248606287, "pct_n4_n5": 0.58091664415682476, "riesgo_alto_clase": 4, "ha": 27671.48, "b12_ha": 15666.84, "n3_ha": 11827.08, "n4_ha": 160.65, "n5_ha": 0.0 }, "geometry": { "type": "MultiPolygon", "coordinates": [ [ [ [ -61.739821, -33.074072 ], [ -61.759656, -33.150118 ], [ -61.772871, -33.147683 ], [ -61.770136, -33.199276 ], [ -61.798571, -33.214909 ], [ -61.801857, -33.210633 ], [ -61.893559, -33.259659 ], [ -61.878788, -33.195405 ], [ -61.958043, -33.18244 ], [ -61.958546, -33.184613 ], [ -61.969937, -33.182603 ], [ -61.932708, -33.132464 ], [ -61.922575, -33.120629 ], [ -61.915446, -33.121765 ], [ -61.908856, -33.121665 ], [ -61.907816, -33.120691 ], [ -61.905214, -33.120495 ], [ -61.902116, -33.119183 ], [ -61.893115, -33.111874 ], [ -61.890972, -33.109551 ], [ -61.889839, -33.106839 ], [ -61.890463, -33.10585 ], [ -61.883695, -33.101715 ], [ -61.879881, -33.096653 ], [ -61.875733, -33.092932 ], [ -61.874088, -33.083836 ], [ -61.861236, -33.068882 ], [ -61.852076, -33.06202 ], [ -61.848055, -33.055857 ], [ -61.843287, -33.052291 ], [ -61.838501, -33.050475 ], [ -61.824715, -33.041413 ], [ -61.810373, -33.026383 ], [ -61.810104, -33.024046 ], [ -61.803532, -33.020053 ], [ -61.800776, -33.017094 ], [ -61.79583, -33.01442 ], [ -61.793447, -33.014724 ], [ -61.794241, -33.019687 ], [ -61.790288, -33.020767 ], [ -61.788972, -33.021915 ], [ -61.788477, -33.027113 ], [ -61.783318, -33.027889 ], [ -61.777647, -33.03232 ], [ -61.777214, -33.033667 ], [ -61.778886, -33.035723 ], [ -61.774956, -33.038413 ], [ -61.773644, -33.04523 ], [ -61.770191, -33.048349 ], [ -61.769209, -33.051574 ], [ -61.768425, -33.05215 ], [ -61.764955, -33.052054 ], [ -61.761504, -33.053715 ], [ -61.757155, -33.057288 ], [ -61.755961, -33.059942 ], [ -61.752603, -33.061578 ], [ -61.752653, -33.066105 ], [ -61.748915, -33.06764 ], [ -61.74735, -33.07105 ], [ -61.743873, -33.073075 ], [ -61.739821, -33.074072 ] ] ] ] } },
{ "type": "Feature", "properties": { "fid": 282, "DISTRITO": "1611", "NOMBRE1": "Alvarez", "riesgo_median": 3.0, "riesgo_ponderado": 2.5700108646686277, "pct_n4_n5": 0.15767019105917268, "riesgo_alto_clase": 3, "ha": 6777.21, "b12_ha": 2710.08, "n3_ha": 4071.87, "n4_ha": 10.71, "n5_ha": 0.0 }, "geometry": { "type": "MultiPolygon", "coordinates": [ [ [ [ -60.753002, -33.128091 ], [ -60.709552, -33.122187 ], [ -60.716986, -33.149573 ], [ -60.785519, -33.158857 ], [ -60.783203, -33.161692 ], [ -60.837442, -33.169047 ], [ -60.83316, -33.174104 ], [ -60.858729, -33.183632 ], [ -60.862313, -33.179327 ], [ -60.854205, -33.16002 ], [ -60.877568, -33.132188 ], [ -60.874389, -33.130598 ], [ -60.880257, -33.123835 ], [ -60.868336, -33.111551 ], [ -60.861774, -33.106539 ], [ -60.860908, -33.103598 ], [ -60.858605, -33.100687 ], [ -60.857269, -33.100161 ], [ -60.817997, -33.119079 ], [ -60.81465, -33.123066 ], [ -60.790539, -33.119862 ], [ -60.780685, -33.131191 ], [ -60.75363, -33.127394 ], [ -60.753002, -33.128091 ] ] ] ] } },
{ "type": "Feature", "properties": { "fid": 283, "DISTRITO": "1514", "NOMBRE1": "Fuentes", "riesgo_median": 2.0, "riesgo_ponderado": 2.4575141323283676, "pct_n4_n5": 0.44352401606996839, "riesgo_alto_clase": 3, "ha": 20241.88, "b12_ha": 10845.81, "n3_ha": 9315.81, "n4_ha": 89.82, "n5_ha": 0.0 }, "geometry": { "type": "MultiPolygon", "coordinates": [ [ [ [ -60.945901, -33.201048 ], [ -60.981656, -33.192182 ], [ -60.995772, -33.232406 ], [ -60.990232, -33.239309 ], [ -60.982053, -33.245025 ], [ -60.984279, -33.245602 ], [ -60.995993, -33.247565 ], [ -61.00403, -33.247522 ], [ -61.011275, -33.246454 ], [ -61.020473, -33.247218 ], [ -61.031884, -33.244355 ], [ -61.033292, -33.243288 ], [ -61.041345, -33.240925 ], [ -61.061485, -33.238776 ], [ -61.067485, -33.239363 ], [ -61.075306, -33.2416 ], [ -61.078721, -33.240979 ], [ -61.086812, -33.241927 ], [ -61.089732, -33.242935 ], [ -61.09437, -33.242915 ], [ -61.096203, -33.243685 ], [ -61.098129, -33.243009 ], [ -61.101755, -33.243419 ], [ -61.110486, -33.242407 ], [ -61.116287, -33.239515 ], [ -61.119307, -33.236212 ], [ -61.121363, -33.235559 ], [ -61.124594, -33.232436 ], [ -61.127976, -33.232121 ], [ -61.129038, -33.231259 ], [ -61.132028, -33.231912 ], [ -61.132561, -33.231384 ], [ -61.154836, -33.164693 ], [ -61.134991, -33.160402 ], [ -61.120315, -33.156091 ], [ -61.106756, -33.156116 ], [ -61.062078, -33.090157 ], [ -61.054735, -33.09537 ], [ -61.03685, -33.10399 ], [ -61.026825, -33.114779 ], [ -61.019407, -33.118073 ], [ -61.01366, -33.123513 ], [ -61.011317, -33.126928 ], [ -61.006279, -33.130314 ], [ -60.998911, -33.137957 ], [ -60.985082, -33.144996 ], [ -60.980654, -33.14888 ], [ -60.97378, -33.148895 ], [ -60.971454, -33.149955 ], [ -60.968471, -33.149477 ], [ -60.962925, -33.151777 ], [ -60.959036, -33.152464 ], [ -60.954023, -33.154856 ], [ -60.942437, -33.155463 ], [ -60.945446, -33.160274 ], [ -60.945928, -33.163982 ], [ -60.945614, -33.165226 ], [ -60.943664, -33.166682 ], [ -60.945573, -33.170308 ], [ -60.944003, -33.172461 ], [ -60.9437, -33.174489 ], [ -60.943826, -33.176695 ], [ -60.944831, -33.177866 ], [ -60.94457, -33.183829 ], [ -60.945257, -33.184858 ], [ -60.944378, -33.189108 ], [ -60.942257, -33.191471 ], [ -60.943121, -33.19234 ], [ -60.944043, -33.192023 ], [ -60.944288, -33.193132 ], [ -60.945402, -33.193674 ], [ -60.943789, -33.196658 ], [ -60.944516, -33.198357 ], [ -60.946813, -33.197679 ], [ -60.946483, -33.199545 ], [ -60.945463, -33.200271 ], [ -60.945901, -33.201048 ] ] ] ] } },
{ "type": "Feature", "properties": { "fid": 284, "DISTRITO": "1612", "NOMBRE1": "Pueblo Munoz", "riesgo_median": 3.0, "riesgo_ponderado": 2.5136504404822753, "pct_n4_n5": 0.23301963378333682, "riesgo_alto_clase": 3, "ha": 5987.88, "b12_ha": 2883.51, "n3_ha": 3089.16, "n4_ha": 13.95, "n5_ha": 0.0 }, "geometry": { "type": "MultiPolygon", "coordinates": [ [ [ [ -60.941653, -33.214744 ], [ -60.940921, -33.212358 ], [ -60.942067, -33.210216 ], [ -60.940859, -33.208141 ], [ -60.941966, -33.204567 ], [ -60.944769, -33.204509 ], [ -60.944328, -33.203407 ], [ -60.94542, -33.202857 ], [ -60.946013, -33.201415 ], [ -60.945463, -33.200271 ], [ -60.946908, -33.198315 ], [ -60.946608, -33.197494 ], [ -60.944414, -33.198309 ], [ -60.943811, -33.196515 ], [ -60.945402, -33.193674 ], [ -60.944288, -33.193132 ], [ -60.944043, -33.192023 ], [ -60.943121, -33.19234 ], [ -60.942257, -33.191471 ], [ -60.944378, -33.189108 ], [ -60.945257, -33.184858 ], [ -60.94457, -33.183829 ], [ -60.944831, -33.177866 ], [ -60.943826, -33.176695 ], [ -60.9437, -33.174489 ], [ -60.944003, -33.172461 ], [ -60.945573, -33.170308 ], [ -60.943664, -33.166682 ], [ -60.945614, -33.165226 ], [ -60.945928, -33.163982 ], [ -60.945446, -33.160274 ], [ -60.942508, -33.155516 ], [ -60.936662, -33.154263 ], [ -60.921773, -33.143947 ], [ -60.908639, -33.137833 ], [ -60.906687, -33.135427 ], [ -60.9036, -33.133626 ], [ -60.880158, -33.12387 ], [ -60.874389, -33.130598 ], [ -60.877568, -33.132188 ], [ -60.854205, -33.16002 ], [ -60.862313, -33.179327 ], [ -60.858729, -33.183632 ], [ -60.914348, -33.204395 ], [ -60.900878, -33.221552 ], [ -60.926698, -33.235489 ], [ -60.941653, -33.214744 ] ] ] ] } },
{ "type": "Feature", "properties": { "fid": 285, "DISTRITO": "1613", "NOMBRE1": "Acebal", "riesgo_median": 3.0, "riesgo_ponderado": 2.5184863496176124, "pct_n4_n5": 1.030495300205363, "riesgo_alto_clase": 4, "ha": 12211.68, "b12_ha": 5750.01, "n3_ha": 6351.12, "n4_ha": 126.0, "n5_ha": 0.0 }, "geometry": { "type": "MultiPolygon", "coordinates": [ [ [ [ -60.809578, -33.165271 ], [ -60.816808, -33.192905 ], [ -60.814006, -33.193411 ], [ -60.834468, -33.272557 ], [ -60.841764, -33.276944 ], [ -60.842543, -33.278947 ], [ -60.845472, -33.279053 ], [ -60.847167, -33.280826 ], [ -60.849306, -33.281244 ], [ -60.853459, -33.284512 ], [ -60.85928, -33.286383 ], [ -60.860414, -33.287621 ], [ -60.867039, -33.287911 ], [ -60.871279, -33.2899 ], [ -60.872989, -33.289499 ], [ -60.877622, -33.290252 ], [ -60.8809, -33.291559 ], [ -60.882726, -33.290281 ], [ -60.88635, -33.289267 ], [ -60.888985, -33.290075 ], [ -60.894593, -33.293729 ], [ -60.902574, -33.303584 ], [ -60.906881, -33.306238 ], [ -60.910638, -33.312391 ], [ -60.913738, -33.319253 ], [ -60.914655, -33.323417 ], [ -60.918046, -33.328111 ], [ -60.96007, -33.273557 ], [ -60.949881, -33.268114 ], [ -60.951535, -33.265822 ], [ -60.926783, -33.252345 ], [ -60.948814, -33.223708 ], [ -60.94731, -33.224148 ], [ -60.946499, -33.223314 ], [ -60.94675, -33.222049 ], [ -60.944007, -33.219476 ], [ -60.941756, -33.219353 ], [ -60.942875, -33.216514 ], [ -60.941695, -33.214689 ], [ -60.926698, -33.235489 ], [ -60.900878, -33.221552 ], [ -60.914348, -33.204395 ], [ -60.83316, -33.174104 ], [ -60.837442, -33.169047 ], [ -60.809578, -33.165271 ] ] ] ] } },
{ "type": "Feature", "properties": { "fid": 286, "DISTRITO": "1621", "NOMBRE1": "Albarellos", "riesgo_median": 2.0, "riesgo_ponderado": 2.4908853676590512, "pct_n4_n5": 0.36132334675749933, "riesgo_alto_clase": 3, "ha": 7164.35, "b12_ha": 3654.63, "n3_ha": 3493.08, "n4_ha": 25.92, "n5_ha": 0.0 }, "geometry": { "type": "MultiPolygon", "coordinates": [ [ [ [ -60.57226, -33.226346 ], [ -60.565572, -33.229942 ], [ -60.567701, -33.231 ], [ -60.557652, -33.236315 ], [ -60.554797, -33.234798 ], [ -60.553758, -33.236195 ], [ -60.621513, -33.272357 ], [ -60.622145, -33.270945 ], [ -60.661987, -33.292527 ], [ -60.690413, -33.254972 ], [ -60.652787, -33.23467 ], [ -60.664831, -33.218925 ], [ -60.66817, -33.220703 ], [ -60.671454, -33.216611 ], [ -60.602424, -33.17951 ], [ -60.599027, -33.183455 ], [ -60.610113, -33.189448 ], [ -60.598545, -33.204804 ], [ -60.594507, -33.202601 ], [ -60.585861, -33.207591 ], [ -60.597567, -33.213661 ], [ -60.586887, -33.218758 ], [ -60.581399, -33.215797 ], [ -60.574768, -33.219123 ], [ -60.575806, -33.219631 ], [ -60.574496, -33.22026 ], [ -60.568555, -33.217181 ], [ -60.567033, -33.218023 ], [ -60.578251, -33.224054 ], [ -60.573248, -33.226897 ], [ -60.57226, -33.226346 ] ] ] ] } },
{ "type": "Feature", "properties": { "fid": 287, "DISTRITO": "1615", "NOMBRE1": "Coronel Dominguez", "riesgo_median": 2.0, "riesgo_ponderado": 2.4691682208131294, "pct_n4_n5": 0.092502797463632977, "riesgo_alto_clase": 3, "ha": 6044.77, "b12_ha": 3097.71, "n3_ha": 2928.96, "n4_ha": 5.58, "n5_ha": 0.0 }, "geometry": { "type": "MultiPolygon", "coordinates": [ [ [ [ -60.693484, -33.228376 ], [ -60.719463, -33.242304 ], [ -60.717158, -33.232933 ], [ -60.738811, -33.228878 ], [ -60.741564, -33.239344 ], [ -60.762064, -33.235686 ], [ -60.751967, -33.196885 ], [ -60.773929, -33.192685 ], [ -60.786461, -33.186431 ], [ -60.783653, -33.175173 ], [ -60.807319, -33.170585 ], [ -60.811113, -33.171139 ], [ -60.809578, -33.165271 ], [ -60.783203, -33.161692 ], [ -60.785519, -33.158857 ], [ -60.779344, -33.157932 ], [ -60.716986, -33.149573 ], [ -60.717843, -33.15284 ], [ -60.709507, -33.151695 ], [ -60.693484, -33.228376 ] ] ] ] } },
{ "type": "Feature", "properties": { "fid": 288, "DISTRITO": "1622", "NOMBRE1": "Pueblo Uranga", "riesgo_median": 2.0, "riesgo_ponderado": 2.4879575927658246, "pct_n4_n5": 0.059869036482694114, "riesgo_alto_clase": 3, "ha": 7222.18, "b12_ha": 3663.81, "n3_ha": 3547.62, "n4_ha": 4.32, "n5_ha": 0.0 }, "geometry": { "type": "MultiPolygon", "coordinates": [ [ [ [ -60.719463, -33.242304 ], [ -60.671454, -33.216611 ], [ -60.66817, -33.220703 ], [ -60.664831, -33.218925 ], [ -60.652787, -33.23467 ], [ -60.690413, -33.254972 ], [ -60.661987, -33.292527 ], [ -60.702343, -33.31421 ], [ -60.703346, -33.317112 ], [ -60.704047, -33.316744 ], [ -60.703424, -33.315429 ], [ -60.70435, -33.313201 ], [ -60.70577, -33.31147 ], [ -60.704818, -33.310448 ], [ -60.705288, -33.309451 ], [ -60.710029, -33.308809 ], [ -60.710928, -33.307571 ], [ -60.712918, -33.30718 ], [ -60.714461, -33.30726 ], [ -60.716359, -33.308534 ], [ -60.718325, -33.30832 ], [ -60.721151, -33.309283 ], [ -60.724059, -33.311969 ], [ -60.727242, -33.309908 ], [ -60.730331, -33.310908 ], [ -60.733274, -33.31305 ], [ -60.736469, -33.313149 ], [ -60.739167, -33.314354 ], [ -60.741412, -33.314306 ], [ -60.743083, -33.3134 ], [ -60.744432, -33.313957 ], [ -60.74575, -33.313103 ], [ -60.747633, -33.313385 ], [ -60.752058, -33.311341 ], [ -60.753889, -33.311776 ], [ -60.755615, -33.311107 ], [ -60.756923, -33.311679 ], [ -60.757993, -33.310692 ], [ -60.761209, -33.310194 ], [ -60.767375, -33.306398 ], [ -60.768628, -33.304245 ], [ -60.772887, -33.302355 ], [ -60.774027, -33.30097 ], [ -60.773836, -33.299346 ], [ -60.776246, -33.297897 ], [ -60.777891, -33.295468 ], [ -60.76511, -33.246916 ], [ -60.763948, -33.247134 ], [ -60.763691, -33.246167 ], [ -60.722498, -33.254421 ], [ -60.719463, -33.242304 ] ] ] ] } },
{ "type": "Feature", "properties": { "fid": 289, "DISTRITO": "1916", "NOMBRE1": "Empalme Villa Constitucion", "riesgo_median": 2.0, "riesgo_ponderado": 2.3325528593727829, "pct_n4_n5": 0.0, "riesgo_alto_clase": 1, "ha": 3810.3, "b12_ha": 2407.5, "n3_ha": 1397.88, "n4_ha": 0.0, "n5_ha": 0.0 }, "geometry": { "type": "MultiPolygon", "coordinates": [ [ [ [ -60.374159, -33.267118 ], [ -60.359968, -33.27723 ], [ -60.375177, -33.291343 ], [ -60.377726, -33.289485 ], [ -60.402579, -33.32573 ], [ -60.446541, -33.292798 ], [ -60.443055, -33.289602 ], [ -60.439692, -33.292124 ], [ -60.437828, -33.290376 ], [ -60.441509, -33.287657 ], [ -60.440157, -33.28651 ], [ -60.442982, -33.284433 ], [ -60.441155, -33.282844 ], [ -60.444626, -33.280251 ], [ -60.441726, -33.2775 ], [ -60.43722, -33.280875 ], [ -60.436048, -33.279751 ], [ -60.436974, -33.279069 ], [ -60.436734, -33.278216 ], [ -60.435538, -33.277094 ], [ -60.433414, -33.278656 ], [ -60.413558, -33.261359 ], [ -60.414771, -33.260445 ], [ -60.41187, -33.257694 ], [ -60.410636, -33.258614 ], [ -60.409466, -33.25752 ], [ -60.407948, -33.258654 ], [ -60.405298, -33.256145 ], [ -60.408533, -33.253758 ], [ -60.401664, -33.247419 ], [ -60.389792, -33.255975 ], [ -60.370749, -33.237955 ], [ -60.369376, -33.239003 ], [ -60.368543, -33.238599 ], [ -60.365687, -33.240704 ], [ -60.367001, -33.241971 ], [ -60.364956, -33.243501 ], [ -60.365999, -33.244502 ], [ -60.362242, -33.247374 ], [ -60.365439, -33.250419 ], [ -60.360948, -33.252743 ], [ -60.374159, -33.267118 ] ] ] ] } },
{ "type": "Feature", "properties": { "fid": 290, "DISTRITO": "1914", "NOMBRE1": "Godoy", "riesgo_median": 2.0, "riesgo_ponderado": 2.2056461731493098, "pct_n4_n5": 0.4197559028173834, "riesgo_alto_clase": 3, "ha": 15795.91, "b12_ha": 11727.36, "n3_ha": 3987.0, "n4_ha": 66.24, "n5_ha": 0.0 }, "geometry": { "type": "MultiPolygon", "coordinates": [ [ [ [ -60.370013, -33.436577 ], [ -60.372569, -33.439194 ], [ -60.376934, -33.441488 ], [ -60.379646, -33.441686 ], [ -60.380377, -33.443062 ], [ -60.384614, -33.444736 ], [ -60.385148, -33.446044 ], [ -60.387444, -33.44753 ], [ -60.389371, -33.447838 ], [ -60.39037, -33.449697 ], [ -60.392654, -33.450898 ], [ -60.395068, -33.454765 ], [ -60.397848, -33.456604 ], [ -60.400109, -33.459626 ], [ -60.410313, -33.467667 ], [ -60.412172, -33.47169 ], [ -60.411304, -33.476369 ], [ -60.41364, -33.481023 ], [ -60.413428, -33.484066 ], [ -60.415542, -33.485371 ], [ -60.417133, -33.488814 ], [ -60.41671, -33.492402 ], [ -60.418086, -33.496204 ], [ -60.416484, -33.497875 ], [ -60.419415, -33.500119 ], [ -60.418569, -33.501993 ], [ -60.41921, -33.503249 ], [ -60.421364, -33.504474 ], [ -60.421231, -33.508431 ], [ -60.422107, -33.510998 ], [ -60.44291, -33.495338 ], [ -60.444243, -33.496567 ], [ -60.499038, -33.45542 ], [ -60.503572, -33.452518 ], [ -60.507482, -33.454786 ], [ -60.528108, -33.439335 ], [ -60.513445, -33.434769 ], [ -60.519817, -33.430178 ], [ -60.516556, -33.425764 ], [ -60.508678, -33.417768 ], [ -60.584565, -33.360755 ], [ -60.582205, -33.361982 ], [ -60.579352, -33.361815 ], [ -60.574952, -33.35807 ], [ -60.567641, -33.355125 ], [ -60.566209, -33.355416 ], [ -60.565426, -33.354385 ], [ -60.55683, -33.35217 ], [ -60.552063, -33.34852 ], [ -60.544376, -33.345928 ], [ -60.541955, -33.343525 ], [ -60.540462, -33.34349 ], [ -60.539857, -33.34236 ], [ -60.53354, -33.3391 ], [ -60.531248, -33.336505 ], [ -60.530963, -33.334985 ], [ -60.528114, -33.333544 ], [ -60.524072, -33.328471 ], [ -60.517986, -33.327474 ], [ -60.48236, -33.35383 ], [ -60.490378, -33.361412 ], [ -60.456914, -33.386392 ], [ -60.44831, -33.378157 ], [ -60.370013, -33.436577 ] ] ] ] } },
{ "type": "Feature", "properties": { "fid": 291, "DISTRITO": "1915", "NOMBRE1": "Rueda", "riesgo_median": 2.0, "riesgo_ponderado": 2.2656129735331998, "pct_n4_n5": 0.1768009693570389, "riesgo_alto_clase": 3, "ha": 11814.41, "b12_ha": 8328.15, "n3_ha": 3460.86, "n4_ha": 20.88, "n5_ha": 0.0 }, "geometry": { "type": "MultiPolygon", "coordinates": [ [ [ [ -60.470556, -33.277927 ], [ -60.468709, -33.276419 ], [ -60.402579, -33.32573 ], [ -60.412456, -33.339991 ], [ -60.334547, -33.398329 ], [ -60.334601, -33.403308 ], [ -60.333541, -33.406642 ], [ -60.335687, -33.410013 ], [ -60.335595, -33.412223 ], [ -60.338221, -33.412889 ], [ -60.339596, -33.41568 ], [ -60.341377, -33.41554 ], [ -60.345226, -33.42227 ], [ -60.347452, -33.424522 ], [ -60.354113, -33.428101 ], [ -60.355729, -33.428229 ], [ -60.358547, -33.429944 ], [ -60.360597, -33.430067 ], [ -60.361895, -33.431792 ], [ -60.364734, -33.432664 ], [ -60.36992, -33.43664 ], [ -60.44831, -33.378157 ], [ -60.456914, -33.386392 ], [ -60.490378, -33.361412 ], [ -60.48236, -33.35383 ], [ -60.517986, -33.327474 ], [ -60.514273, -33.326086 ], [ -60.511521, -33.323734 ], [ -60.511089, -33.322274 ], [ -60.513543, -33.319999 ], [ -60.513714, -33.318341 ], [ -60.509159, -33.31579 ], [ -60.50658, -33.31644 ], [ -60.50356, -33.31881 ], [ -60.501745, -33.31741 ], [ -60.498617, -33.317756 ], [ -60.496378, -33.316041 ], [ -60.491484, -33.315085 ], [ -60.488773, -33.312247 ], [ -60.488085, -33.309795 ], [ -60.485407, -33.307466 ], [ -60.483754, -33.304458 ], [ -60.482117, -33.303738 ], [ -60.481965, -33.302008 ], [ -60.482978, -33.300665 ], [ -60.479974, -33.295946 ], [ -60.475908, -33.292899 ], [ -60.475518, -33.289739 ], [ -60.473227, -33.288495 ], [ -60.474106, -33.287098 ], [ -60.473829, -33.284605 ], [ -60.470954, -33.280622 ], [ -60.470556, -33.277927 ] ] ] ] } },
{ "type": "Feature", "properties": { "fid": 292, "DISTRITO": "1913", "NOMBRE1": "Juan B. Molina", "riesgo_median": 2.0, "riesgo_ponderado": 2.0316214589027592, "pct_n4_n5": 0.0063935552962613674, "riesgo_alto_clase": 2, "ha": 16914.02, "b12_ha": 15474.51, "n3_ha": 1416.42, "n4_ha": 1.08, "n5_ha": 0.0 }, "geometry": { "type": "MultiPolygon", "coordinates": [ [ [ [ -60.529424, -33.438394 ], [ -60.507482, -33.454786 ], [ -60.503572, -33.452518 ], [ -60.499038, -33.45542 ], [ -60.444243, -33.496567 ], [ -60.44291, -33.495338 ], [ -60.421379, -33.511735 ], [ -60.422499, -33.514803 ], [ -60.420236, -33.517629 ], [ -60.42027, -33.519578 ], [ -60.422049, -33.520952 ], [ -60.420854, -33.523177 ], [ -60.420752, -33.526002 ], [ -60.423996, -33.528525 ], [ -60.421395, -33.531524 ], [ -60.42144, -33.534978 ], [ -60.419181, -33.53729 ], [ -60.417397, -33.541462 ], [ -60.413964, -33.544619 ], [ -60.414968, -33.546848 ], [ -60.417877, -33.54878 ], [ -60.417009, -33.551857 ], [ -60.41888, -33.553189 ], [ -60.418243, -33.5544 ], [ -60.41849, -33.558413 ], [ -60.423575, -33.563229 ], [ -60.426784, -33.564818 ], [ -60.436729, -33.56495 ], [ -60.441325, -33.567607 ], [ -60.443887, -33.571168 ], [ -60.44543, -33.571846 ], [ -60.446382, -33.575073 ], [ -60.448739, -33.578199 ], [ -60.453443, -33.579471 ], [ -60.457498, -33.582466 ], [ -60.458631, -33.588573 ], [ -60.456479, -33.591517 ], [ -60.458143, -33.596847 ], [ -60.456596, -33.599879 ], [ -60.456788, -33.603282 ], [ -60.459207, -33.606393 ], [ -60.458615, -33.607542 ], [ -60.460594, -33.608802 ], [ -60.458287, -33.614707 ], [ -60.458815, -33.621274 ], [ -60.457465, -33.62295 ], [ -60.529185, -33.569922 ], [ -60.539844, -33.579881 ], [ -60.590275, -33.557541 ], [ -60.56998, -33.538634 ], [ -60.56217, -33.543703 ], [ -60.544823, -33.527152 ], [ -60.570951, -33.507527 ], [ -60.53823, -33.477641 ], [ -60.566703, -33.456537 ], [ -60.558961, -33.450867 ], [ -60.550557, -33.446965 ], [ -60.529424, -33.438394 ] ] ] ] } },
{ "type": "Feature", "properties": { "fid": 293, "DISTRITO": "1515", "NOMBRE1": "Villa Mugueta", "riesgo_median": 2.0, "riesgo_ponderado": 2.2886871625230882, "pct_n4_n5": 0.13450808013849827, "riesgo_alto_clase": 3, "ha": 27970.14, "b12_ha": 18860.31, "n3_ha": 9070.65, "n4_ha": 37.62, "n5_ha": 0.0 }, "geometry": { "type": "MultiPolygon", "coordinates": [ [ [ [ -61.132762, -33.2313 ], [ -61.132028, -33.231912 ], [ -61.129038, -33.231259 ], [ -61.127976, -33.232121 ], [ -61.124594, -33.232436 ], [ -61.113567, -33.241258 ], [ -61.108066, -33.242787 ], [ -61.101755, -33.243419 ], [ -61.098358, -33.242988 ], [ -61.096203, -33.243685 ], [ -61.09437, -33.242915 ], [ -61.089732, -33.242935 ], [ -61.086812, -33.241927 ], [ -61.078721, -33.240979 ], [ -61.075306, -33.2416 ], [ -61.067485, -33.239363 ], [ -61.057888, -33.238923 ], [ -61.041345, -33.240925 ], [ -61.033292, -33.243288 ], [ -61.031884, -33.244355 ], [ -61.020473, -33.247218 ], [ -61.011275, -33.246454 ], [ -61.001608, -33.247404 ], [ -60.971589, -33.286169 ], [ -60.966237, -33.285896 ], [ -60.924134, -33.339705 ], [ -60.933739, -33.3569 ], [ -60.940226, -33.36308 ], [ -60.942542, -33.36388 ], [ -60.944569, -33.366005 ], [ -60.948285, -33.366518 ], [ -60.950056, -33.367846 ], [ -60.952091, -33.367617 ], [ -60.95481, -33.368454 ], [ -60.958944, -33.370634 ], [ -60.960381, -33.37042 ], [ -60.966475, -33.374177 ], [ -60.970664, -33.374691 ], [ -60.976768, -33.377988 ], [ -60.977595, -33.378995 ], [ -60.977621, -33.38152 ], [ -60.979804, -33.383592 ], [ -60.980613, -33.385988 ], [ -60.983316, -33.387159 ], [ -60.984934, -33.391118 ], [ -60.989682, -33.394592 ], [ -60.991281, -33.394495 ], [ -60.994159, -33.396865 ], [ -60.996563, -33.39714 ], [ -60.999292, -33.399637 ], [ -61.006295, -33.401847 ], [ -61.006454, -33.402686 ], [ -61.015839, -33.406065 ], [ -61.018985, -33.408101 ], [ -61.020729, -33.407703 ], [ -61.022695, -33.408455 ], [ -61.035624, -33.409761 ], [ -61.045668, -33.413028 ], [ -61.062715, -33.425131 ], [ -61.066807, -33.429356 ], [ -61.129562, -33.349318 ], [ -61.099092, -33.332672 ], [ -61.1686, -33.243859 ], [ -61.166168, -33.242594 ], [ -61.164351, -33.242569 ], [ -61.158445, -33.237389 ], [ -61.157544, -33.235724 ], [ -61.155631, -33.235895 ], [ -61.150595, -33.233176 ], [ -61.147256, -33.232352 ], [ -61.147057, -33.231646 ], [ -61.132762, -33.2313 ] ] ] ] } },
{ "type": "Feature", "properties": { "fid": 294, "DISTRITO": "1623", "NOMBRE1": "Arminda", "riesgo_median": 2.0, "riesgo_ponderado": 2.2167471405753734, "pct_n4_n5": 0.13585709302539059, "riesgo_alto_clase": 3, "ha": 4909.42, "b12_ha": 3787.02, "n3_ha": 1108.53, "n4_ha": 6.66, "n5_ha": 0.0 }, "geometry": { "type": "MultiPolygon", "coordinates": [ [ [ [ -60.96007, -33.273557 ], [ -60.918046, -33.328111 ], [ -60.919917, -33.331159 ], [ -60.920404, -33.334235 ], [ -60.924134, -33.339705 ], [ -60.966237, -33.285896 ], [ -60.971589, -33.286169 ], [ -61.001608, -33.247404 ], [ -60.993587, -33.247347 ], [ -60.982053, -33.245025 ], [ -60.990232, -33.239309 ], [ -60.995772, -33.232406 ], [ -60.981656, -33.192182 ], [ -60.945906, -33.201057 ], [ -60.94542, -33.202857 ], [ -60.944328, -33.203407 ], [ -60.944769, -33.204509 ], [ -60.941966, -33.204567 ], [ -60.940859, -33.208141 ], [ -60.942068, -33.210315 ], [ -60.940912, -33.212747 ], [ -60.942875, -33.216514 ], [ -60.941756, -33.219353 ], [ -60.944007, -33.219476 ], [ -60.94675, -33.222049 ], [ -60.946499, -33.223314 ], [ -60.94731, -33.224148 ], [ -60.948814, -33.223708 ], [ -60.926783, -33.252345 ], [ -60.951535, -33.265822 ], [ -60.949881, -33.268114 ], [ -60.96007, -33.273557 ] ] ] ] } },
{ "type": "Feature", "properties": { "fid": 295, "DISTRITO": "1509", "NOMBRE1": "Carcarana", "riesgo_median": 2.0, "riesgo_ponderado": 2.4058972442255628, "pct_n4_n5": 0.62816832398409483, "riesgo_alto_clase": 4, "ha": 14320.02, "b12_ha": 7964.64, "n3_ha": 6272.73, "n4_ha": 90.0, "n5_ha": 0.0 }, "geometry": { "type": "MultiPolygon", "coordinates": [ [ [ [ -61.091874, -32.81885 ], [ -61.07251, -32.822204 ], [ -61.0956, -32.914373 ], [ -61.04066, -32.924157 ], [ -61.039574, -32.925476 ], [ -61.052159, -32.932266 ], [ -61.050822, -32.933918 ], [ -61.071145, -32.945022 ], [ -61.073427, -32.942081 ], [ -61.108928, -32.961747 ], [ -61.112288, -32.957449 ], [ -61.124255, -32.964061 ], [ -61.127156, -32.960364 ], [ -61.151861, -32.974057 ], [ -61.207194, -32.902721 ], [ -61.204342, -32.898417 ], [ -61.201461, -32.895937 ], [ -61.201085, -32.894427 ], [ -61.19811, -32.891692 ], [ -61.200288, -32.887014 ], [ -61.203082, -32.885299 ], [ -61.203306, -32.883966 ], [ -61.200087, -32.883332 ], [ -61.199265, -32.878016 ], [ -61.197408, -32.877368 ], [ -61.193544, -32.873149 ], [ -61.191349, -32.873157 ], [ -61.191008, -32.871085 ], [ -61.188825, -32.870914 ], [ -61.18966, -32.868808 ], [ -61.188152, -32.86817 ], [ -61.183737, -32.863591 ], [ -61.182324, -32.863195 ], [ -61.182258, -32.861338 ], [ -61.180421, -32.86092 ], [ -61.177995, -32.857258 ], [ -61.17276, -32.854652 ], [ -61.171019, -32.852378 ], [ -61.167372, -32.85109 ], [ -61.160891, -32.845399 ], [ -61.155648, -32.844125 ], [ -61.152274, -32.84212 ], [ -61.149001, -32.841764 ], [ -61.146443, -32.839989 ], [ -61.134733, -32.83754 ], [ -61.128476, -32.83519 ], [ -61.121841, -32.831163 ], [ -61.115554, -32.828813 ], [ -61.109313, -32.827652 ], [ -61.101138, -32.824251 ], [ -61.098922, -32.822155 ], [ -61.095092, -32.821078 ], [ -61.091874, -32.81885 ] ] ] ] } },
{ "type": "Feature", "properties": { "fid": 296, "DISTRITO": "1812", "NOMBRE1": "Chanar Ladeado", "riesgo_median": 2.0, "riesgo_ponderado": 2.4501794882265377, "pct_n4_n5": 3.3132004588365001, "riesgo_alto_clase": 5, "ha": 24242.65, "b12_ha": 13198.14, "n3_ha": 10242.54, "n4_ha": 803.25, "n5_ha": 0.0 }, "geometry": { "type": "MultiPolygon", "coordinates": [ [ [ [ -62.015904, -33.417949 ], [ -62.131036, -33.397768 ], [ -62.107006, -33.364997 ], [ -62.103441, -33.361535 ], [ -62.091631, -33.346007 ], [ -62.076436, -33.324766 ], [ -62.055521, -33.298484 ], [ -62.050861, -33.2901 ], [ -62.020806, -33.250804 ], [ -62.011191, -33.236009 ], [ -62.00423, -33.22856 ], [ -61.969937, -33.182603 ], [ -61.958546, -33.184613 ], [ -61.958043, -33.18244 ], [ -61.878788, -33.195405 ], [ -61.893426, -33.260283 ], [ -61.972877, -33.246284 ], [ -61.992738, -33.32633 ], [ -61.961538, -33.331897 ], [ -61.982087, -33.413609 ], [ -62.013406, -33.408092 ], [ -62.015904, -33.417949 ] ] ] ] } },
{ "type": "Feature", "properties": { "fid": 297, "DISTRITO": "1811", "NOMBRE1": "Berabevu", "riesgo_median": 2.0, "riesgo_ponderado": 2.2350888553133319, "pct_n4_n5": 1.7914957910641052, "riesgo_alto_clase": 4, "ha": 22494.0, "b12_ha": 16480.62, "n3_ha": 5632.38, "n4_ha": 403.38, "n5_ha": 0.0 }, "geometry": { "type": "MultiPolygon", "coordinates": [ [ [ [ -61.825103, -33.355967 ], [ -61.992738, -33.32633 ], [ -61.972877, -33.246284 ], [ -61.893426, -33.260283 ], [ -61.893559, -33.259659 ], [ -61.801857, -33.210633 ], [ -61.757981, -33.268434 ], [ -61.803957, -33.293259 ], [ -61.759687, -33.351371 ], [ -61.805789, -33.37611 ], [ -61.822321, -33.354391 ], [ -61.825103, -33.355967 ] ] ] ] } },
{ "type": "Feature", "properties": { "fid": 298, "DISTRITO": "1810", "NOMBRE1": "Los Quirquinchos", "riesgo_median": 2.0, "riesgo_ponderado": 2.4620886455769067, "pct_n4_n5": 2.0763166811592426, "riesgo_alto_clase": 5, "ha": 22027.0, "b12_ha": 11933.01, "n3_ha": 9655.02, "n4_ha": 457.74, "n5_ha": 0.0 }, "geometry": { "type": "MultiPolygon", "coordinates": [ [ [ [ -61.674395, -33.377681 ], [ -61.766776, -33.42726 ], [ -61.805789, -33.37611 ], [ -61.759687, -33.351371 ], [ -61.803957, -33.293259 ], [ -61.757981, -33.268434 ], [ -61.764868, -33.259475 ], [ -61.668131, -33.207401 ], [ -61.607153, -33.287211 ], [ -61.703733, -33.339354 ], [ -61.674395, -33.377681 ] ] ] ] } },
{ "type": "Feature", "properties": { "fid": 299, "DISTRITO": "1808", "NOMBRE1": "Chabas", "riesgo_median": 2.0, "riesgo_ponderado": 2.2939262970175656, "pct_n4_n5": 0.56805978865473117, "riesgo_alto_clase": 4, "ha": 37280.46, "b12_ha": 25509.51, "n3_ha": 11574.0, "n4_ha": 211.86, "n5_ha": 0.0 }, "geometry": { "type": "MultiPolygon", "coordinates": [ [ [ [ -61.208765, -33.290587 ], [ -61.214695, -33.299298 ], [ -61.22033, -33.305873 ], [ -61.226561, -33.310092 ], [ -61.236745, -33.313796 ], [ -61.243505, -33.315151 ], [ -61.24647, -33.316525 ], [ -61.258676, -33.317903 ], [ -61.268498, -33.320292 ], [ -61.272571, -33.319313 ], [ -61.282634, -33.32093 ], [ -61.297858, -33.320233 ], [ -61.309983, -33.321023 ], [ -61.318638, -33.322366 ], [ -61.313777, -33.329105 ], [ -61.386872, -33.368795 ], [ -61.446503, -33.291733 ], [ -61.497819, -33.319593 ], [ -61.531072, -33.276079 ], [ -61.527599, -33.2742 ], [ -61.533935, -33.265905 ], [ -61.43086, -33.209755 ], [ -61.437411, -33.201163 ], [ -61.386493, -33.173191 ], [ -61.381158, -33.180614 ], [ -61.327526, -33.15121 ], [ -61.285644, -33.205185 ], [ -61.277985, -33.201162 ], [ -61.208765, -33.290587 ] ] ] ] } },
{ "type": "Feature", "properties": { "fid": 300, "DISTRITO": "1703", "NOMBRE1": "Murphy", "riesgo_median": 2.0, "riesgo_ponderado": 2.0852358231236279, "pct_n4_n5": 0.19141943328611388, "riesgo_alto_clase": 3, "ha": 22458.61, "b12_ha": 18676.62, "n3_ha": 3707.64, "n4_ha": 42.93, "n5_ha": 0.0 }, "geometry": { "type": "MultiPolygon", "coordinates": [ [ [ [ -61.909157, -33.578532 ], [ -61.854213, -33.548615 ], [ -61.89125, -33.500726 ], [ -61.79958, -33.450953 ], [ -61.76022, -33.502529 ], [ -61.763819, -33.504449 ], [ -61.745685, -33.527778 ], [ -61.796982, -33.555912 ], [ -61.774582, -33.5853 ], [ -61.832667, -33.616938 ], [ -61.82151, -33.631026 ], [ -61.839674, -33.640799 ], [ -61.831905, -33.650885 ], [ -61.847793, -33.659487 ], [ -61.857671, -33.646923 ], [ -61.904845, -33.672425 ], [ -61.965259, -33.593004 ], [ -61.917873, -33.567181 ], [ -61.909157, -33.578532 ] ] ] ] } },
{ "type": "Feature", "properties": { "fid": 301, "DISTRITO": "1809", "NOMBRE1": "Villada", "riesgo_median": 2.0, "riesgo_ponderado": 2.2841590981673119, "pct_n4_n5": 0.54459578330466551, "riesgo_alto_clase": 4, "ha": 16052.61, "b12_ha": 11287.8, "n3_ha": 4688.01, "n4_ha": 87.48, "n5_ha": 0.0 }, "geometry": { "type": "MultiPolygon", "coordinates": [ [ [ [ -61.516287, -33.405643 ], [ -61.601535, -33.294568 ], [ -61.537894, -33.26053 ], [ -61.527599, -33.2742 ], [ -61.531072, -33.276079 ], [ -61.497819, -33.319593 ], [ -61.446503, -33.291733 ], [ -61.386872, -33.368795 ], [ -61.452361, -33.404482 ], [ -61.470618, -33.380752 ], [ -61.516287, -33.405643 ] ] ] ] } },
{ "type": "Feature", "properties": { "fid": 302, "DISTRITO": "1705", "NOMBRE1": "Cda. de Ucle", "riesgo_median": 2.0, "riesgo_ponderado": 2.285744838117822, "pct_n4_n5": 0.53729349657250258, "riesgo_alto_clase": 4, "ha": 23974.08, "b12_ha": 16492.59, "n3_ha": 7365.42, "n4_ha": 128.88, "n5_ha": 0.0 }, "geometry": { "type": "MultiPolygon", "coordinates": [ [ [ [ -61.568234, -33.437929 ], [ -61.605893, -33.458243 ], [ -61.62007, -33.440167 ], [ -61.716901, -33.492521 ], [ -61.766776, -33.42726 ], [ -61.674395, -33.377681 ], [ -61.703733, -33.339354 ], [ -61.607153, -33.287211 ], [ -61.531299, -33.386142 ], [ -61.58549, -33.415307 ], [ -61.568234, -33.437929 ] ] ] ] } },
{ "type": "Feature", "properties": { "fid": 303, "DISTRITO": "1706", "NOMBRE1": "Firmat", "riesgo_median": 2.0, "riesgo_ponderado": 2.3455990432283329, "pct_n4_n5": 1.4239694450338534, "riesgo_alto_clase": 4, "ha": 23313.43, "b12_ha": 14379.84, "n3_ha": 8616.42, "n4_ha": 332.19, "n5_ha": 0.0 }, "geometry": { "type": "MultiPolygon", "coordinates": [ [ [ [ -61.416341, -33.45078 ], [ -61.392271, -33.481715 ], [ -61.438393, -33.506526 ], [ -61.468313, -33.467998 ], [ -61.486248, -33.477667 ], [ -61.488276, -33.504742 ], [ -61.487061, -33.515521 ], [ -61.50293, -33.523894 ], [ -61.507602, -33.517976 ], [ -61.54461, -33.537782 ], [ -61.605893, -33.458243 ], [ -61.568234, -33.437929 ], [ -61.58549, -33.415307 ], [ -61.531299, -33.386142 ], [ -61.516287, -33.405643 ], [ -61.470618, -33.380752 ], [ -61.452361, -33.404482 ], [ -61.383048, -33.366726 ], [ -61.347072, -33.413142 ], [ -61.416341, -33.45078 ] ] ] ] } },
{ "type": "Feature", "properties": { "fid": 304, "DISTRITO": "1901", "NOMBRE1": "Bombal", "riesgo_median": 2.0, "riesgo_ponderado": 2.1204914674085509, "pct_n4_n5": 0.2042646012218905, "riesgo_alto_clase": 3, "ha": 29238.72, "b12_ha": 23611.5, "n3_ha": 5540.94, "n4_ha": 59.67, "n5_ha": 0.0 }, "geometry": { "type": "MultiPolygon", "coordinates": [ [ [ [ -61.313777, -33.329105 ], [ -61.184765, -33.497046 ], [ -61.322683, -33.571962 ], [ -61.416341, -33.45078 ], [ -61.347072, -33.413142 ], [ -61.383048, -33.366726 ], [ -61.313777, -33.329105 ] ] ] ] } },
{ "type": "Feature", "properties": { "fid": 305, "DISTRITO": "1708", "NOMBRE1": "Carreras", "riesgo_median": 2.0, "riesgo_ponderado": 2.2323076081388233, "pct_n4_n5": 0.2153575283123032, "riesgo_alto_clase": 3, "ha": 18099.04, "b12_ha": 13502.07, "n3_ha": 4554.45, "n4_ha": 38.97, "n5_ha": 0.0 }, "geometry": { "type": "MultiPolygon", "coordinates": [ [ [ [ -61.288587, -33.658147 ], [ -61.404341, -33.719783 ], [ -61.426559, -33.69073 ], [ -61.381994, -33.667442 ], [ -61.420534, -33.63988 ], [ -61.423974, -33.638761 ], [ -61.429947, -33.638621 ], [ -61.409533, -33.627781 ], [ -61.424266, -33.608293 ], [ -61.39657, -33.593302 ], [ -61.412889, -33.574726 ], [ -61.393636, -33.564411 ], [ -61.413488, -33.538685 ], [ -61.408457, -33.537371 ], [ -61.400655, -33.532619 ], [ -61.39689, -33.531862 ], [ -61.35157, -33.534455 ], [ -61.243145, -33.674538 ], [ -61.266322, -33.68702 ], [ -61.288587, -33.658147 ] ] ] ] } },
{ "type": "Feature", "properties": { "fid": 306, "DISTRITO": "1721", "NOMBRE1": "Labordeboy", "riesgo_median": 2.0, "riesgo_ponderado": 2.0244545894132036, "pct_n4_n5": 0.039821372699604625, "riesgo_alto_clase": 2, "ha": 12624.55, "b12_ha": 10874.7, "n3_ha": 1776.78, "n4_ha": 5.04, "n5_ha": 0.0 }, "geometry": { "type": "MultiPolygon", "coordinates": [ [ [ [ -61.38181, -33.748766 ], [ -61.404341, -33.719783 ], [ -61.288587, -33.658147 ], [ -61.266322, -33.68702 ], [ -61.243145, -33.674538 ], [ -61.198325, -33.732372 ], [ -61.291154, -33.782007 ], [ -61.335959, -33.72411 ], [ -61.38181, -33.748766 ] ] ] ] } },
{ "type": "Feature", "properties": { "fid": 307, "DISTRITO": "1720", "NOMBRE1": "Hughes", "riesgo_median": 2.0, "riesgo_ponderado": 2.0026446005440754, "pct_n4_n5": 0.5990133897110641, "riesgo_alto_clase": 4, "ha": 23749.56, "b12_ha": 21401.91, "n3_ha": 2209.86, "n4_ha": 142.29, "n5_ha": 0.0 }, "geometry": { "type": "MultiPolygon", "coordinates": [ [ [ [ -61.474254, -33.798371 ], [ -61.335959, -33.72411 ], [ -61.277456, -33.799189 ], [ -61.300159, -33.811264 ], [ -61.293829, -33.819554 ], [ -61.317611, -33.832157 ], [ -61.290752, -33.866849 ], [ -61.387255, -33.94702 ], [ -61.430149, -33.911363 ], [ -61.399979, -33.894989 ], [ -61.474254, -33.798371 ] ] ] ] } },
{ "type": "Feature", "properties": { "fid": 308, "DISTRITO": "1719", "NOMBRE1": "Villa Ca��s", "riesgo_median": 2.0, "riesgo_ponderado": 2.1611411819448141, "pct_n4_n5": 0.39870902714700057, "riesgo_alto_clase": 3, "ha": 60508.4, "b12_ha": 46681.29, "n3_ha": 13617.72, "n4_ha": 241.38, "n5_ha": 0.0 }, "geometry": { "type": "MultiPolygon", "coordinates": [ [ [ [ -61.698867, -34.181787 ], [ -61.817304, -34.08048 ], [ -61.712956, -33.996282 ], [ -61.712041, -33.997273 ], [ -61.633501, -33.931526 ], [ -61.644404, -33.917283 ], [ -61.551739, -33.867524 ], [ -61.492318, -33.944893 ], [ -61.430149, -33.911363 ], [ -61.368238, -33.962721 ], [ -61.447561, -34.029454 ], [ -61.474157, -34.007459 ], [ -61.586686, -34.101552 ], [ -61.593141, -34.096072 ], [ -61.689964, -34.174611 ], [ -61.689496, -34.175004 ], [ -61.698867, -34.181787 ] ] ] ] } },
{ "type": "Feature", "properties": { "fid": 309, "DISTRITO": "1704", "NOMBRE1": "Chovet", "riesgo_median": 2.0, "riesgo_ponderado": 2.1779771779017745, "pct_n4_n5": 0.57834414115518029, "riesgo_alto_clase": 4, "ha": 35804.51, "b12_ha": 27730.98, "n3_ha": 7869.33, "n4_ha": 207.09, "n5_ha": 0.0 }, "geometry": { "type": "MultiPolygon", "coordinates": [ [ [ [ -61.62007, -33.440167 ], [ -61.530731, -33.556027 ], [ -61.557201, -33.57032 ], [ -61.534581, -33.599211 ], [ -61.569809, -33.618187 ], [ -61.547465, -33.647216 ], [ -61.578141, -33.663879 ], [ -61.589896, -33.648534 ], [ -61.635228, -33.673236 ], [ -61.651134, -33.652875 ], [ -61.657742, -33.660244 ], [ -61.721329, -33.577078 ], [ -61.733538, -33.583715 ], [ -61.767384, -33.53971 ], [ -61.745685, -33.527778 ], [ -61.763819, -33.504449 ], [ -61.76022, -33.502529 ], [ -61.79958, -33.450953 ], [ -61.764466, -33.430312 ], [ -61.716901, -33.492521 ], [ -61.62007, -33.440167 ] ] ] ] } },
{ "type": "Feature", "properties": { "fid": 310, "DISTRITO": "1710", "NOMBRE1": "Elortondo", "riesgo_median": 2.0, "riesgo_ponderado": 2.1844057383102116, "pct_n4_n5": 0.41097643826984231, "riesgo_alto_clase": 3, "ha": 45719.93, "b12_ha": 35214.48, "n3_ha": 10301.04, "n4_ha": 187.83, "n5_ha": 0.0 }, "geometry": { "type": "MultiPolygon", "coordinates": [ [ [ [ -61.645719, -33.776022 ], [ -61.686591, -33.722742 ], [ -61.675319, -33.716628 ], [ -61.678181, -33.71285 ], [ -61.677544, -33.712687 ], [ -61.689825, -33.697299 ], [ -61.691492, -33.696317 ], [ -61.690991, -33.695735 ], [ -61.764137, -33.600222 ], [ -61.721329, -33.577078 ], [ -61.657742, -33.660244 ], [ -61.651134, -33.652875 ], [ -61.635228, -33.673236 ], [ -61.589896, -33.648534 ], [ -61.399979, -33.894989 ], [ -61.492318, -33.944893 ], [ -61.581458, -33.828896 ], [ -61.634378, -33.857258 ], [ -61.681848, -33.795685 ], [ -61.645719, -33.776022 ] ] ] ] } },
{ "type": "Feature", "properties": { "fid": 311, "DISTRITO": "1718", "NOMBRE1": "Santa Isabel", "riesgo_median": 2.0, "riesgo_ponderado": 2.0325424195458632, "pct_n4_n5": 0.20957593508130265, "riesgo_alto_clase": 3, "ha": 37885.42, "b12_ha": 32213.34, "n3_ha": 5626.62, "n4_ha": 79.47, "n5_ha": 0.0 }, "geometry": { "type": "MultiPolygon", "coordinates": [ [ [ [ -61.722962, -33.818027 ], [ -61.681848, -33.795685 ], [ -61.634378, -33.857258 ], [ -61.581458, -33.828896 ], [ -61.551739, -33.867524 ], [ -61.644404, -33.917283 ], [ -61.633501, -33.931526 ], [ -61.712041, -33.997273 ], [ -61.712956, -33.996282 ], [ -61.746415, -34.023183 ], [ -61.785999, -33.989543 ], [ -61.79338, -33.995517 ], [ -61.820628, -33.960073 ], [ -61.81511, -33.957127 ], [ -61.907421, -33.839695 ], [ -61.860101, -33.814476 ], [ -61.813923, -33.873312 ], [ -61.719286, -33.82272 ], [ -61.722962, -33.818027 ] ] ] ] } },
{ "type": "Feature", "properties": { "fid": 312, "DISTRITO": "1711", "NOMBRE1": "Carmen", "riesgo_median": 2.0, "riesgo_ponderado": 2.1102928545525108, "pct_n4_n5": 0.1097488818338561, "riesgo_alto_clase": 3, "ha": 28282.82, "b12_ha": 23054.04, "n3_ha": 5206.77, "n4_ha": 31.05, "n5_ha": 0.0 }, "geometry": { "type": "MultiPolygon", "coordinates": [ [ [ [ -61.765543, -33.763934 ], [ -61.812896, -33.789271 ], [ -61.849298, -33.741285 ], [ -61.864074, -33.723847 ], [ -61.904845, -33.672425 ], [ -61.857671, -33.646923 ], [ -61.847793, -33.659487 ], [ -61.831905, -33.650885 ], [ -61.839674, -33.640799 ], [ -61.82151, -33.631026 ], [ -61.832667, -33.616938 ], [ -61.774582, -33.5853 ], [ -61.796982, -33.555912 ], [ -61.767384, -33.53971 ], [ -61.733538, -33.583715 ], [ -61.764137, -33.600222 ], [ -61.690991, -33.695735 ], [ -61.691492, -33.696317 ], [ -61.689825, -33.697299 ], [ -61.677544, -33.712687 ], [ -61.678181, -33.71285 ], [ -61.675319, -33.716628 ], [ -61.686591, -33.722742 ], [ -61.663136, -33.753326 ], [ -61.70843, -33.77795 ], [ -61.731843, -33.74736 ], [ -61.764574, -33.765169 ], [ -61.765543, -33.763934 ] ] ] ] } },
{ "type": "Feature", "properties": { "fid": 313, "DISTRITO": "1702", "NOMBRE1": "La Chispa", "riesgo_median": 2.0, "riesgo_ponderado": 1.8333333333333333, "pct_n4_n5": 0.075815011372251703, "riesgo_alto_clase": 3, "ha": 16365.18, "b12_ha": 15210.0, "n3_ha": 1159.56, "n4_ha": 12.42, "n5_ha": 0.0 }, "geometry": { "type": "MultiPolygon", "coordinates": [ [ [ [ -62.057484, -33.581918 ], [ -62.041877, -33.520256 ], [ -61.943605, -33.467695 ], [ -61.910348, -33.511225 ], [ -61.89125, -33.500726 ], [ -61.854213, -33.548615 ], [ -61.909157, -33.578532 ], [ -61.917873, -33.567181 ], [ -62.008213, -33.616757 ], [ -62.038244, -33.572965 ], [ -62.057484, -33.581918 ] ] ] ] } },
{ "type": "Feature", "properties": { "fid": 314, "DISTRITO": "1701", "NOMBRE1": "Cafferata", "riesgo_median": 2.0, "riesgo_ponderado": 2.0419709460971349, "pct_n4_n5": 0.56492085586672058, "riesgo_alto_clase": 4, "ha": 30932.15, "b12_ha": 26048.97, "n3_ha": 4746.78, "n4_ha": 174.96, "n5_ha": 0.0 }, "geometry": { "type": "MultiPolygon", "coordinates": [ [ [ [ -62.054778, -33.570852 ], [ -62.236832, -33.538598 ], [ -62.131036, -33.397768 ], [ -62.015904, -33.417949 ], [ -62.013406, -33.408092 ], [ -61.982087, -33.413609 ], [ -61.979371, -33.402809 ], [ -61.927982, -33.411874 ], [ -61.969306, -33.43389 ], [ -61.943605, -33.467695 ], [ -62.041877, -33.520256 ], [ -62.054778, -33.570852 ] ] ] ] } },
{ "type": "Feature", "properties": { "fid": 315, "DISTRITO": "1713", "NOMBRE1": "Venado Tuerto", "riesgo_median": 2.0, "riesgo_ponderado": 2.0913304909050523, "pct_n4_n5": 0.69831798997951466, "riesgo_alto_clase": 4, "ha": 58245.48, "b12_ha": 45366.39, "n3_ha": 12570.66, "n4_ha": 407.43, "n5_ha": 0.0 }, "geometry": { "type": "MultiPolygon", "coordinates": [ [ [ [ -62.109214, -33.783463 ], [ -62.057454, -33.582019 ], [ -62.038244, -33.572965 ], [ -62.008213, -33.616757 ], [ -61.965259, -33.593004 ], [ -61.935468, -33.633016 ], [ -61.864074, -33.723847 ], [ -61.849298, -33.741285 ], [ -61.812896, -33.789271 ], [ -61.907421, -33.839695 ], [ -61.876601, -33.878912 ], [ -61.971607, -33.929116 ], [ -62.03371, -33.850632 ], [ -62.033043, -33.850282 ], [ -62.092007, -33.774296 ], [ -62.109214, -33.783463 ] ] ] ] } },
{ "type": "Feature", "properties": { "fid": 316, "DISTRITO": "1813", "NOMBRE1": "Godeken", "riesgo_median": 2.0, "riesgo_ponderado": 2.1620024070321904, "pct_n4_n5": 1.2602641641656891, "riesgo_alto_clase": 4, "ha": 23621.92, "b12_ha": 17519.13, "n3_ha": 5813.82, "n4_ha": 297.81, "n5_ha": 0.0 }, "geometry": { "type": "MultiPolygon", "coordinates": [ [ [ [ -61.910348, -33.511225 ], [ -61.969306, -33.43389 ], [ -61.927982, -33.411874 ], [ -61.979371, -33.402809 ], [ -61.961538, -33.331897 ], [ -61.825103, -33.355967 ], [ -61.822321, -33.354391 ], [ -61.764466, -33.430312 ], [ -61.801518, -33.45209 ], [ -61.845621, -33.475472 ], [ -61.910348, -33.511225 ] ] ] ] } },
{ "type": "Feature", "properties": { "fid": 317, "DISTRITO": "1717", "NOMBRE1": "Maria Teresa", "riesgo_median": 2.0, "riesgo_ponderado": 1.9777044470414384, "pct_n4_n5": 0.1075920861678672, "riesgo_alto_clase": 3, "ha": 61078.69, "b12_ha": 52439.76, "n3_ha": 8642.07, "n4_ha": 65.79, "n5_ha": 0.0 }, "geometry": { "type": "MultiPolygon", "coordinates": [ [ [ [ -61.772354, -34.118964 ], [ -61.932411, -34.203881 ], [ -62.033447, -34.07264 ], [ -62.05265, -34.082833 ], [ -62.083513, -34.043453 ], [ -62.036061, -34.018559 ], [ -62.066837, -33.979197 ], [ -61.876601, -33.878912 ], [ -61.81511, -33.957127 ], [ -61.820628, -33.960073 ], [ -61.79338, -33.995517 ], [ -61.785999, -33.989543 ], [ -61.746415, -34.023183 ], [ -61.817304, -34.08048 ], [ -61.772354, -34.118964 ] ] ] ] } },
{ "type": "Feature", "properties": { "fid": 318, "DISTRITO": "1715", "NOMBRE1": "Maggiolo", "riesgo_median": 2.0, "riesgo_ponderado": 2.0129578991780646, "pct_n4_n5": 0.16809886723527434, "riesgo_alto_clase": 3, "ha": 67340.52, "b12_ha": 54481.5, "n3_ha": 12811.95, "n4_ha": 113.31, "n5_ha": 0.0 }, "geometry": { "type": "MultiPolygon", "coordinates": [ [ [ [ -62.258149, -33.566701 ], [ -62.227043, -33.572198 ], [ -62.235015, -33.602821 ], [ -62.111234, -33.624565 ], [ -62.127249, -33.68595 ], [ -62.085876, -33.693224 ], [ -62.117301, -33.814974 ], [ -62.199939, -33.800668 ], [ -62.207964, -33.831081 ], [ -62.207283, -33.831194 ], [ -62.208445, -33.832736 ], [ -62.214705, -33.857187 ], [ -62.215388, -33.859265 ], [ -62.217366, -33.861319 ], [ -62.298357, -33.847008 ], [ -62.306347, -33.877535 ], [ -62.471061, -33.847885 ], [ -62.464456, -33.838264 ], [ -62.258149, -33.566701 ] ] ] ] } },
{ "type": "Feature", "properties": { "fid": 319, "DISTRITO": "1714", "NOMBRE1": "San Francisco", "riesgo_median": 2.0, "riesgo_ponderado": 2.3782621254364154, "pct_n4_n5": 2.7227287569386887, "riesgo_alto_clase": 5, "ha": 14355.68, "b12_ha": 8447.04, "n3_ha": 5495.4, "n4_ha": 390.24, "n5_ha": 0.0 }, "geometry": { "type": "MultiPolygon", "coordinates": [ [ [ [ -62.227043, -33.572198 ], [ -62.258149, -33.566701 ], [ -62.236832, -33.538598 ], [ -62.054778, -33.570852 ], [ -62.085876, -33.693224 ], [ -62.127249, -33.68595 ], [ -62.111234, -33.624565 ], [ -62.235015, -33.602821 ], [ -62.227043, -33.572198 ] ] ] ] } },
{ "type": "Feature", "properties": { "fid": 320, "DISTRITO": "1726", "NOMBRE1": "Sancti Spiritu", "riesgo_median": 2.0, "riesgo_ponderado": 2.0186393604319162, "pct_n4_n5": 0.22063022374500343, "riesgo_alto_clase": 3, "ha": 69220.43, "b12_ha": 56186.37, "n3_ha": 13007.43, "n4_ha": 153.0, "n5_ha": 0.0 }, "geometry": { "type": "MultiPolygon", "coordinates": [ [ [ [ -62.471061, -33.847885 ], [ -62.306347, -33.877535 ], [ -62.306847, -33.879402 ], [ -62.263085, -33.887243 ], [ -62.26943, -33.91104 ], [ -62.151211, -33.932245 ], [ -62.147448, -33.928972 ], [ -62.157729, -33.969401 ], [ -62.157176, -33.969502 ], [ -62.157648, -33.97149 ], [ -62.133756, -33.959966 ], [ -62.104421, -33.998889 ], [ -62.162077, -34.028837 ], [ -62.131284, -34.068435 ], [ -62.083461, -34.043521 ], [ -62.05265, -34.082833 ], [ -62.208214, -34.164698 ], [ -62.18893, -34.089889 ], [ -62.251293, -34.078833 ], [ -62.26596, -34.136791 ], [ -62.349063, -34.122011 ], [ -62.318636, -34.003342 ], [ -62.503319, -33.969927 ], [ -62.49843, -33.951275 ], [ -62.5441, -33.943168 ], [ -62.470803, -33.8467 ], [ -62.471061, -33.847885 ] ] ] ] } },
{ "type": "Feature", "properties": { "fid": 321, "DISTRITO": "1716", "NOMBRE1": "San Eduardo", "riesgo_median": 2.0, "riesgo_ponderado": 2.16558341338111, "pct_n4_n5": 0.96359535039340338, "riesgo_alto_clase": 4, "ha": 41687.33, "b12_ha": 30214.53, "n3_ha": 11077.56, "n4_ha": 401.76, "n5_ha": 0.0 }, "geometry": { "type": "MultiPolygon", "coordinates": [ [ [ [ -62.117301, -33.814974 ], [ -62.109214, -33.783463 ], [ -62.092007, -33.774296 ], [ -62.033043, -33.850282 ], [ -62.03371, -33.850632 ], [ -61.971661, -33.929048 ], [ -62.066837, -33.979197 ], [ -62.036061, -34.018559 ], [ -62.131284, -34.068435 ], [ -62.162077, -34.028837 ], [ -62.104421, -33.998889 ], [ -62.133756, -33.959966 ], [ -62.157648, -33.97149 ], [ -62.157176, -33.969502 ], [ -62.157729, -33.969401 ], [ -62.147448, -33.928972 ], [ -62.151211, -33.932245 ], [ -62.26943, -33.91104 ], [ -62.263085, -33.887243 ], [ -62.306847, -33.879402 ], [ -62.298357, -33.847008 ], [ -62.217366, -33.861319 ], [ -62.215388, -33.859265 ], [ -62.214705, -33.857187 ], [ -62.208445, -33.832736 ], [ -62.207283, -33.831194 ], [ -62.207964, -33.831081 ], [ -62.199939, -33.800668 ], [ -62.117301, -33.814974 ] ] ] ] } },
{ "type": "Feature", "properties": { "fid": 322, "DISTRITO": "1707", "NOMBRE1": "Miguel Torres", "riesgo_median": 2.0, "riesgo_ponderado": 2.2162936639951609, "pct_n4_n5": 0.40601844851050961, "riesgo_alto_clase": 3, "ha": 11896.75, "b12_ha": 9058.05, "n3_ha": 2797.02, "n4_ha": 48.33, "n5_ha": 0.0 }, "geometry": { "type": "MultiPolygon", "coordinates": [ [ [ [ -61.392271, -33.481715 ], [ -61.35157, -33.534455 ], [ -61.39689, -33.531862 ], [ -61.400655, -33.532619 ], [ -61.408457, -33.537371 ], [ -61.413488, -33.538685 ], [ -61.393636, -33.564411 ], [ -61.412889, -33.574726 ], [ -61.39657, -33.593302 ], [ -61.43099, -33.611817 ], [ -61.445922, -33.592296 ], [ -61.449031, -33.593981 ], [ -61.486313, -33.545885 ], [ -61.523263, -33.565696 ], [ -61.54461, -33.537782 ], [ -61.507602, -33.517976 ], [ -61.50293, -33.523894 ], [ -61.487061, -33.515521 ], [ -61.488276, -33.504742 ], [ -61.486248, -33.477667 ], [ -61.468313, -33.467998 ], [ -61.438393, -33.506526 ], [ -61.392271, -33.481715 ] ] ] ] } },
{ "type": "Feature", "properties": { "fid": 323, "DISTRITO": "1807", "NOMBRE1": "Bigand", "riesgo_median": 2.0, "riesgo_ponderado": 2.276991538664936, "pct_n4_n5": 0.37318814451575688, "riesgo_alto_clase": 3, "ha": 29891.0, "b12_ha": 20440.62, "n3_ha": 9400.32, "n4_ha": 111.78, "n5_ha": 0.0 }, "geometry": { "type": "MultiPolygon", "coordinates": [ [ [ [ -61.177151, -33.249006 ], [ -61.1686, -33.243859 ], [ -61.166269, -33.246688 ], [ -61.099092, -33.332672 ], [ -61.129562, -33.349318 ], [ -61.074983, -33.419068 ], [ -61.101154, -33.441037 ], [ -61.130969, -33.458351 ], [ -61.168876, -33.474212 ], [ -61.188832, -33.491643 ], [ -61.318897, -33.322534 ], [ -61.309983, -33.321023 ], [ -61.297858, -33.320233 ], [ -61.282634, -33.32093 ], [ -61.272571, -33.319313 ], [ -61.268998, -33.320286 ], [ -61.26689, -33.320104 ], [ -61.258676, -33.317903 ], [ -61.24647, -33.316525 ], [ -61.243505, -33.315151 ], [ -61.233551, -33.312731 ], [ -61.225172, -33.309395 ], [ -61.219599, -33.305169 ], [ -61.206497, -33.287671 ], [ -61.199447, -33.274824 ], [ -61.199056, -33.272502 ], [ -61.194123, -33.266282 ], [ -61.191464, -33.260912 ], [ -61.177151, -33.249006 ] ] ] ] } },
{ "type": "Feature", "properties": { "fid": 324, "DISTRITO": "1712", "NOMBRE1": "Chapuy", "riesgo_median": 2.0, "riesgo_ponderado": 2.1506760868597214, "pct_n4_n5": 0.26494292966024963, "riesgo_alto_clase": 3, "ha": 12119.04, "b12_ha": 9737.73, "n3_ha": 2357.28, "n4_ha": 32.13, "n5_ha": 0.0 }, "geometry": { "type": "MultiPolygon", "coordinates": [ [ [ [ -61.663136, -33.753326 ], [ -61.645719, -33.776022 ], [ -61.722962, -33.818027 ], [ -61.719286, -33.82272 ], [ -61.813923, -33.873312 ], [ -61.860101, -33.814476 ], [ -61.765543, -33.763934 ], [ -61.764574, -33.765169 ], [ -61.731843, -33.74736 ], [ -61.70843, -33.77795 ], [ -61.663136, -33.753326 ] ] ] ] } },
{ "type": "Feature", "properties": { "fid": 325, "DISTRITO": "1906", "NOMBRE1": "Santa Teresa", "riesgo_median": 2.0, "riesgo_ponderado": 2.296503353869118, "pct_n4_n5": 0.23734360586127454, "riesgo_alto_clase": 3, "ha": 19396.59, "b12_ha": 13313.97, "n3_ha": 6054.84, "n4_ha": 46.08, "n5_ha": 0.0 }, "geometry": { "type": "MultiPolygon", "coordinates": [ [ [ [ -60.733701, -33.409637 ], [ -60.717874, -33.421559 ], [ -60.737016, -33.426252 ], [ -60.730929, -33.430913 ], [ -60.774093, -33.471653 ], [ -60.778792, -33.466418 ], [ -60.869784, -33.488446 ], [ -60.870824, -33.458967 ], [ -60.91294, -33.4691 ], [ -60.91216, -33.465891 ], [ -60.91121, -33.465273 ], [ -60.911528, -33.462397 ], [ -60.909155, -33.458625 ], [ -60.906831, -33.451083 ], [ -60.903032, -33.446114 ], [ -60.903241, -33.444738 ], [ -60.901145, -33.443702 ], [ -60.900936, -33.442518 ], [ -60.898583, -33.440212 ], [ -60.899717, -33.438833 ], [ -60.899276, -33.436114 ], [ -60.901136, -33.435438 ], [ -60.903609, -33.43085 ], [ -60.906472, -33.430657 ], [ -60.909201, -33.424001 ], [ -60.910375, -33.42285 ], [ -60.910286, -33.4192 ], [ -60.91145, -33.416573 ], [ -60.910554, -33.411369 ], [ -60.90613, -33.400549 ], [ -60.894111, -33.387252 ], [ -60.894148, -33.384163 ], [ -60.887016, -33.378615 ], [ -60.875595, -33.372315 ], [ -60.864521, -33.367486 ], [ -60.855584, -33.362161 ], [ -60.844036, -33.357289 ], [ -60.841038, -33.35427 ], [ -60.837845, -33.352305 ], [ -60.834973, -33.351538 ], [ -60.834226, -33.349979 ], [ -60.83099, -33.347492 ], [ -60.823828, -33.343399 ], [ -60.818894, -33.342299 ], [ -60.814992, -33.342325 ], [ -60.806628, -33.340028 ], [ -60.799357, -33.339887 ], [ -60.797653, -33.339281 ], [ -60.791967, -33.339327 ], [ -60.787556, -33.341816 ], [ -60.785872, -33.340227 ], [ -60.78345, -33.339062 ], [ -60.781977, -33.339195 ], [ -60.779102, -33.337113 ], [ -60.775576, -33.336793 ], [ -60.770846, -33.334989 ], [ -60.766927, -33.335103 ], [ -60.764149, -33.332854 ], [ -60.76278, -33.332786 ], [ -60.759709, -33.330704 ], [ -60.756253, -33.33008 ], [ -60.751994, -33.327413 ], [ -60.735024, -33.340349 ], [ -60.775753, -33.377477 ], [ -60.765646, -33.385247 ], [ -60.76796, -33.38735 ], [ -60.752013, -33.399675 ], [ -60.746614, -33.394742 ], [ -60.730732, -33.40697 ], [ -60.733701, -33.409637 ] ] ] ] } },
{ "type": "Feature", "properties": { "fid": 326, "DISTRITO": "1614", "NOMBRE1": "Carmen del Sauce", "riesgo_median": 3.0, "riesgo_ponderado": 2.7707430720183113, "pct_n4_n5": 0.59947137524183225, "riesgo_alto_clase": 4, "ha": 6613.91, "b12_ha": 1529.91, "n3_ha": 5036.31, "n4_ha": 39.6, "n5_ha": 0.0 }, "geometry": { "type": "MultiPolygon", "coordinates": [ [ [ [ -60.717158, -33.232933 ], [ -60.722498, -33.254421 ], [ -60.763691, -33.246167 ], [ -60.763948, -33.247134 ], [ -60.76511, -33.246916 ], [ -60.777891, -33.295468 ], [ -60.781777, -33.292208 ], [ -60.781281, -33.288871 ], [ -60.784184, -33.285389 ], [ -60.785066, -33.282201 ], [ -60.787398, -33.281144 ], [ -60.788013, -33.278255 ], [ -60.790829, -33.2769 ], [ -60.791609, -33.274952 ], [ -60.794923, -33.273824 ], [ -60.797706, -33.272192 ], [ -60.797857, -33.271275 ], [ -60.799111, -33.271307 ], [ -60.802887, -33.268456 ], [ -60.804387, -33.268178 ], [ -60.80413, -33.266036 ], [ -60.806335, -33.266965 ], [ -60.814823, -33.265898 ], [ -60.81776, -33.266788 ], [ -60.819871, -33.266577 ], [ -60.82495, -33.269189 ], [ -60.827492, -33.269153 ], [ -60.829028, -33.270393 ], [ -60.830031, -33.270064 ], [ -60.834468, -33.272557 ], [ -60.814006, -33.193411 ], [ -60.816808, -33.192905 ], [ -60.811113, -33.171139 ], [ -60.807319, -33.170585 ], [ -60.783653, -33.175173 ], [ -60.786461, -33.186431 ], [ -60.773929, -33.192685 ], [ -60.751967, -33.196885 ], [ -60.762064, -33.235686 ], [ -60.741564, -33.239344 ], [ -60.738811, -33.228878 ], [ -60.717158, -33.232933 ] ] ] ] } },
{ "type": "Feature", "properties": { "fid": 327, "DISTRITO": "1607", "NOMBRE1": "Soldini", "riesgo_median": 3.0, "riesgo_ponderado": 2.6376527188706715, "pct_n4_n5": 0.99765778312337805, "riesgo_alto_clase": 4, "ha": 7106.34, "b12_ha": 2487.78, "n3_ha": 4549.95, "n4_ha": 70.92, "n5_ha": 0.0 }, "geometry": { "type": "MultiPolygon", "coordinates": [ [ [ [ -60.770492, -33.009129 ], [ -60.721007, -33.007645 ], [ -60.715676, -33.018678 ], [ -60.710837, -33.024277 ], [ -60.708932, -33.024937 ], [ -60.707035, -33.026974 ], [ -60.698489, -33.038959 ], [ -60.705016, -33.043122 ], [ -60.706565, -33.043063 ], [ -60.707505, -33.044132 ], [ -60.711646, -33.045637 ], [ -60.712936, -33.047861 ], [ -60.717697, -33.047277 ], [ -60.72022, -33.049127 ], [ -60.724726, -33.049957 ], [ -60.728212, -33.052788 ], [ -60.730042, -33.053049 ], [ -60.731114, -33.054826 ], [ -60.733372, -33.055457 ], [ -60.739042, -33.058895 ], [ -60.744993, -33.060426 ], [ -60.749881, -33.063147 ], [ -60.75141, -33.063422 ], [ -60.753053, -33.062568 ], [ -60.753809, -33.063864 ], [ -60.760873, -33.065394 ], [ -60.76431, -33.06566 ], [ -60.765305, -33.064921 ], [ -60.771315, -33.068551 ], [ -60.779733, -33.070478 ], [ -60.782984, -33.070594 ], [ -60.786672, -33.068569 ], [ -60.789386, -33.069782 ], [ -60.79236, -33.069389 ], [ -60.795545, -33.07229 ], [ -60.797284, -33.071265 ], [ -60.803352, -33.071107 ], [ -60.804887, -33.068201 ], [ -60.810581, -33.066291 ], [ -60.810656, -33.065138 ], [ -60.81273, -33.063646 ], [ -60.829406, -33.071823 ], [ -60.841077, -33.080959 ], [ -60.864123, -33.081546 ], [ -60.867646, -33.056047 ], [ -60.870789, -33.040496 ], [ -60.823862, -33.039008 ], [ -60.812918, -33.03528 ], [ -60.81897, -33.027114 ], [ -60.770325, -33.025689 ], [ -60.770492, -33.009129 ] ] ] ] } },
{ "type": "Feature", "properties": { "fid": 328, "DISTRITO": "1508", "NOMBRE1": "Luis Palacios", "riesgo_median": 2.0, "riesgo_ponderado": 2.1694075609543964, "pct_n4_n5": 0.28484040240048702, "riesgo_alto_clase": 3, "ha": 24834.59, "b12_ha": 19841.76, "n3_ha": 4922.46, "n4_ha": 70.74, "n5_ha": 0.0 }, "geometry": { "type": "MultiPolygon", "coordinates": [ [ [ [ -60.939924, -32.681114 ], [ -60.887546, -32.748233 ], [ -60.876452, -32.742719 ], [ -60.852621, -32.773509 ], [ -60.856273, -32.776978 ], [ -60.886714, -32.789422 ], [ -60.890393, -32.791723 ], [ -60.842629, -32.820316 ], [ -60.85786, -32.828638 ], [ -60.892901, -32.854116 ], [ -61.091851, -32.818815 ], [ -61.08871, -32.817762 ], [ -61.085526, -32.815106 ], [ -61.081302, -32.814916 ], [ -61.079902, -32.813529 ], [ -61.076415, -32.812045 ], [ -61.073584, -32.809555 ], [ -61.07101, -32.80858 ], [ -61.070081, -32.806729 ], [ -61.067423, -32.806292 ], [ -61.065488, -32.802835 ], [ -61.062789, -32.802723 ], [ -61.061352, -32.80011 ], [ -61.059096, -32.799113 ], [ -61.057701, -32.794078 ], [ -61.052491, -32.788116 ], [ -61.053903, -32.786743 ], [ -61.05402, -32.785074 ], [ -61.05674, -32.78509 ], [ -61.05722, -32.781617 ], [ -61.051811, -32.778326 ], [ -61.050272, -32.772581 ], [ -61.053087, -32.771987 ], [ -61.054685, -32.770041 ], [ -61.053849, -32.769431 ], [ -61.051233, -32.769727 ], [ -61.047456, -32.766808 ], [ -61.046024, -32.76381 ], [ -61.041957, -32.759988 ], [ -61.037864, -32.754076 ], [ -61.034109, -32.752126 ], [ -61.033929, -32.749299 ], [ -61.031515, -32.745147 ], [ -61.029088, -32.743216 ], [ -61.027564, -32.739903 ], [ -61.024929, -32.739431 ], [ -61.019017, -32.729816 ], [ -61.017384, -32.729324 ], [ -61.016217, -32.726451 ], [ -61.017655, -32.724915 ], [ -61.017487, -32.723697 ], [ -61.011347, -32.720501 ], [ -61.013228, -32.718989 ], [ -61.011723, -32.716438 ], [ -61.012228, -32.713727 ], [ -61.006355, -32.7093 ], [ -61.00132, -32.700709 ], [ -60.995409, -32.698027 ], [ -60.995125, -32.694191 ], [ -60.991318, -32.69285 ], [ -60.983362, -32.696088 ], [ -60.980207, -32.693552 ], [ -60.978542, -32.693565 ], [ -60.973736, -32.691191 ], [ -60.96984, -32.686929 ], [ -60.966538, -32.686394 ], [ -60.963899, -32.687507 ], [ -60.961734, -32.685366 ], [ -60.955817, -32.683977 ], [ -60.953848, -32.682582 ], [ -60.945726, -32.682817 ], [ -60.943628, -32.682142 ], [ -60.942562, -32.680928 ], [ -60.939924, -32.681114 ] ] ] ] } },
{ "type": "Feature", "properties": { "fid": 329, "DISTRITO": "1506", "NOMBRE1": "Ricardone", "riesgo_median": 2.0, "riesgo_ponderado": 2.2626739111751957, "pct_n4_n5": 0.66079084823773193, "riesgo_alto_clase": 4, "ha": 9425.04, "b12_ha": 6425.73, "n3_ha": 2937.06, "n4_ha": 62.28, "n5_ha": 0.0 }, "geometry": { "type": "MultiPolygon", "coordinates": [ [ [ [ -60.818616, -32.834688 ], [ -60.890393, -32.791723 ], [ -60.886714, -32.789422 ], [ -60.856273, -32.776978 ], [ -60.845461, -32.766898 ], [ -60.841445, -32.759018 ], [ -60.834504, -32.749875 ], [ -60.801068, -32.723038 ], [ -60.732237, -32.812007 ], [ -60.764036, -32.829503 ], [ -60.762098, -32.831992 ], [ -60.808858, -32.833712 ], [ -60.809078, -32.829422 ], [ -60.818616, -32.834688 ] ] ] ] } },
{ "type": "Feature", "properties": { "fid": 330, "DISTRITO": "1404", "NOMBRE1": "Oliveros", "riesgo_median": 2.0, "riesgo_ponderado": 2.2602032594566142, "pct_n4_n5": 1.0490637388137469, "riesgo_alto_clase": 4, "ha": 16744.38, "b12_ha": 11001.06, "n3_ha": 5578.11, "n4_ha": 175.77, "n5_ha": 0.0 }, "geometry": { "type": "MultiPolygon", "coordinates": [ [ [ [ -60.896687, -32.467468 ], [ -60.867637, -32.451618 ], [ -60.827816, -32.458258 ], [ -60.825711, -32.459372 ], [ -60.826212, -32.459856 ], [ -60.8318, -32.459509 ], [ -60.832598, -32.461034 ], [ -60.835434, -32.462545 ], [ -60.836671, -32.465142 ], [ -60.838251, -32.466418 ], [ -60.845057, -32.467792 ], [ -60.846154, -32.470534 ], [ -60.849705, -32.47167 ], [ -60.852049, -32.47365 ], [ -60.855663, -32.47449 ], [ -60.851278, -32.479958 ], [ -60.851104, -32.480891 ], [ -60.85304, -32.483849 ], [ -60.850094, -32.484668 ], [ -60.850016, -32.487462 ], [ -60.850421, -32.489039 ], [ -60.853544, -32.490305 ], [ -60.85226, -32.49273 ], [ -60.860199, -32.502088 ], [ -60.855865, -32.504467 ], [ -60.851857, -32.510566 ], [ -60.852646, -32.511696 ], [ -60.856139, -32.512569 ], [ -60.856942, -32.515151 ], [ -60.851916, -32.520148 ], [ -60.85126, -32.522426 ], [ -60.850145, -32.523014 ], [ -60.847647, -32.522213 ], [ -60.84694, -32.523142 ], [ -60.848279, -32.529811 ], [ -60.852916, -32.533559 ], [ -60.85218, -32.534672 ], [ -60.849417, -32.535456 ], [ -60.846022, -32.538594 ], [ -60.846749, -32.539777 ], [ -60.849742, -32.540311 ], [ -60.847367, -32.548147 ], [ -60.849755, -32.556979 ], [ -60.847591, -32.561851 ], [ -60.847966, -32.565073 ], [ -60.846114, -32.570128 ], [ -60.843339, -32.569803 ], [ -60.84229, -32.570893 ], [ -60.842338, -32.572635 ], [ -60.844046, -32.575448 ], [ -60.842753, -32.57704 ], [ -60.843316, -32.580734 ], [ -60.842261, -32.58449 ], [ -60.843119, -32.586279 ], [ -60.838128, -32.587797 ], [ -60.838885, -32.588769 ], [ -60.842289, -32.589802 ], [ -60.842391, -32.590699 ], [ -60.839225, -32.595155 ], [ -60.83705, -32.59575 ], [ -60.835296, -32.598111 ], [ -60.833363, -32.597913 ], [ -60.830562, -32.600814 ], [ -60.82921, -32.602855 ], [ -60.829363, -32.605943 ], [ -60.824554, -32.610222 ], [ -60.823637, -32.61264 ], [ -60.824556, -32.614323 ], [ -60.820631, -32.616026 ], [ -60.819144, -32.617547 ], [ -60.816046, -32.625823 ], [ -60.817101, -32.629126 ], [ -60.815874, -32.630553 ], [ -60.815184, -32.634153 ], [ -60.812582, -32.63586 ], [ -60.812416, -32.63758 ], [ -60.817567, -32.637134 ], [ -60.850915, -32.628082 ], [ -60.88221, -32.622425 ], [ -60.871667, -32.580896 ], [ -60.97034, -32.563085 ], [ -60.972119, -32.560829 ], [ -60.967059, -32.540042 ], [ -60.9769, -32.538287 ], [ -60.969206, -32.507293 ], [ -60.973772, -32.506502 ], [ -60.97066, -32.500438 ], [ -60.960901, -32.457117 ], [ -60.896687, -32.467468 ] ] ] ] } },
{ "type": "Feature", "properties": { "fid": 331, "DISTRITO": "1410", "NOMBRE1": "Cda. de Gomez", "riesgo_median": 2.0, "riesgo_ponderado": 2.3543826753516983, "pct_n4_n5": 0.15597309506265061, "riesgo_alto_clase": 3, "ha": 53332.41, "b12_ha": 33217.02, "n3_ha": 20074.32, "n4_ha": 83.25, "n5_ha": 0.0 }, "geometry": { "type": "MultiPolygon", "coordinates": [ [ [ [ -61.515591, -32.753548 ], [ -61.491066, -32.658084 ], [ -61.396691, -32.675233 ], [ -61.420462, -32.769786 ], [ -61.276063, -32.794626 ], [ -61.280688, -32.813254 ], [ -61.299427, -32.820678 ], [ -61.303772, -32.837817 ], [ -61.317063, -32.835546 ], [ -61.328291, -32.88175 ], [ -61.360364, -32.876264 ], [ -61.334185, -32.910274 ], [ -61.373582, -32.931552 ], [ -61.326005, -32.993352 ], [ -61.33921, -33.000143 ], [ -61.347936, -33.000645 ], [ -61.349941, -33.002373 ], [ -61.353718, -33.003139 ], [ -61.355989, -33.001417 ], [ -61.361235, -33.004027 ], [ -61.364748, -33.002436 ], [ -61.365046, -33.003572 ], [ -61.363819, -33.006072 ], [ -61.364661, -33.006843 ], [ -61.367195, -33.003402 ], [ -61.373847, -32.998481 ], [ -61.375871, -32.99921 ], [ -61.378019, -33.001231 ], [ -61.381127, -33.002058 ], [ -61.382513, -33.004977 ], [ -61.385704, -33.002896 ], [ -61.386627, -33.004797 ], [ -61.390355, -33.006451 ], [ -61.397984, -33.006608 ], [ -61.402893, -33.009552 ], [ -61.411062, -33.009541 ], [ -61.413962, -33.011284 ], [ -61.419451, -33.010925 ], [ -61.422472, -33.012209 ], [ -61.425229, -33.015004 ], [ -61.426785, -33.014502 ], [ -61.428399, -33.01163 ], [ -61.42974, -33.011723 ], [ -61.432234, -33.013982 ], [ -61.434279, -33.014043 ], [ -61.434888, -33.009952 ], [ -61.441186, -33.005241 ], [ -61.554694, -32.85686 ], [ -61.518285, -32.849108 ], [ -61.532831, -32.846639 ], [ -61.510867, -32.754377 ], [ -61.515591, -32.753548 ] ] ] ] } },
{ "type": "Feature", "properties": { "fid": 332, "DISTRITO": "1513", "NOMBRE1": "Coronel Arnold", "riesgo_median": 3.0, "riesgo_ponderado": 2.5264272689016694, "pct_n4_n5": 0.58002524898302699, "riesgo_alto_clase": 4, "ha": 12821.75, "b12_ha": 6085.35, "n3_ha": 6672.42, "n4_ha": 74.43, "n5_ha": 0.0 }, "geometry": { "type": "MultiPolygon", "coordinates": [ [ [ [ -60.942355, -33.155457 ], [ -60.954023, -33.154856 ], [ -60.959036, -33.152464 ], [ -60.962925, -33.151777 ], [ -60.968471, -33.149477 ], [ -60.971454, -33.149955 ], [ -60.97378, -33.148895 ], [ -60.980654, -33.14888 ], [ -60.985082, -33.144996 ], [ -60.998911, -33.137957 ], [ -61.006279, -33.130314 ], [ -61.011317, -33.126928 ], [ -61.01366, -33.123513 ], [ -61.019407, -33.118073 ], [ -61.026825, -33.114779 ], [ -61.03685, -33.10399 ], [ -61.054735, -33.09537 ], [ -61.062078, -33.090157 ], [ -61.05425, -33.082663 ], [ -61.062283, -33.072371 ], [ -61.048159, -33.063321 ], [ -60.991257, -33.033296 ], [ -60.960652, -33.074045 ], [ -60.914094, -33.049298 ], [ -60.901577, -33.06683 ], [ -60.91682, -33.075277 ], [ -60.905302, -33.090721 ], [ -60.91225, -33.094607 ], [ -60.90019, -33.111008 ], [ -60.893057, -33.107233 ], [ -60.880257, -33.123835 ], [ -60.9036, -33.133626 ], [ -60.906687, -33.135427 ], [ -60.908639, -33.137833 ], [ -60.921773, -33.143947 ], [ -60.936662, -33.154263 ], [ -60.942355, -33.155457 ] ] ] ] } },
{ "type": "Feature", "properties": { "fid": 333, "DISTRITO": "1620", "NOMBRE1": "Coronel Bogado", "riesgo_median": 3.0, "riesgo_ponderado": 2.5051445369916707, "pct_n4_n5": 0.32998234978129076, "riesgo_alto_clase": 3, "ha": 15240.82, "b12_ha": 7499.61, "n3_ha": 7696.35, "n4_ha": 50.31, "n5_ha": 0.0 }, "geometry": { "type": "MultiPolygon", "coordinates": [ [ [ [ -60.702343, -33.31421 ], [ -60.622145, -33.270945 ], [ -60.621513, -33.272357 ], [ -60.561531, -33.240355 ], [ -60.48263, -33.300003 ], [ -60.483044, -33.300981 ], [ -60.481876, -33.302546 ], [ -60.482117, -33.303738 ], [ -60.483754, -33.304458 ], [ -60.485407, -33.307466 ], [ -60.488085, -33.309795 ], [ -60.488773, -33.312247 ], [ -60.491484, -33.315085 ], [ -60.496378, -33.316041 ], [ -60.498617, -33.317756 ], [ -60.501745, -33.31741 ], [ -60.50356, -33.31881 ], [ -60.50658, -33.31644 ], [ -60.508892, -33.315686 ], [ -60.51114, -33.317392 ], [ -60.513184, -33.317815 ], [ -60.51384, -33.319422 ], [ -60.511089, -33.322274 ], [ -60.5119, -33.324151 ], [ -60.514273, -33.326086 ], [ -60.518441, -33.327654 ], [ -60.524072, -33.328471 ], [ -60.528114, -33.333544 ], [ -60.530963, -33.334985 ], [ -60.531248, -33.336505 ], [ -60.53354, -33.3391 ], [ -60.539857, -33.34236 ], [ -60.540462, -33.34349 ], [ -60.541955, -33.343525 ], [ -60.544376, -33.345928 ], [ -60.552063, -33.34852 ], [ -60.557322, -33.35241 ], [ -60.565426, -33.354385 ], [ -60.566209, -33.355416 ], [ -60.567641, -33.355125 ], [ -60.574952, -33.35807 ], [ -60.579352, -33.361815 ], [ -60.582205, -33.361982 ], [ -60.583867, -33.360642 ], [ -60.585209, -33.36104 ], [ -60.587636, -33.360424 ], [ -60.596578, -33.362092 ], [ -60.609206, -33.361039 ], [ -60.612413, -33.359404 ], [ -60.615662, -33.359501 ], [ -60.618335, -33.358595 ], [ -60.62077, -33.357494 ], [ -60.623788, -33.353799 ], [ -60.633319, -33.348681 ], [ -60.635084, -33.346887 ], [ -60.63884, -33.345584 ], [ -60.641463, -33.347083 ], [ -60.646793, -33.346715 ], [ -60.655564, -33.339624 ], [ -60.658491, -33.338375 ], [ -60.660888, -33.338605 ], [ -60.661227, -33.339307 ], [ -60.666526, -33.338788 ], [ -60.674042, -33.337434 ], [ -60.677681, -33.335343 ], [ -60.682588, -33.335398 ], [ -60.687198, -33.331045 ], [ -60.690783, -33.330067 ], [ -60.69748, -33.32607 ], [ -60.70123, -33.325361 ], [ -60.701563, -33.324054 ], [ -60.703431, -33.322715 ], [ -60.70454, -33.319032 ], [ -60.702343, -33.31421 ] ] ] ] } },
{ "type": "Feature", "properties": { "fid": 334, "DISTRITO": "1512", "NOMBRE1": "Pujato", "riesgo_median": 2.0, "riesgo_ponderado": 2.4469596049132583, "pct_n4_n5": 1.4552361656325186, "riesgo_alto_clase": 4, "ha": 17772.62, "b12_ha": 9520.56, "n3_ha": 7989.12, "n4_ha": 258.57, "n5_ha": 0.0 }, "geometry": { "type": "MultiPolygon", "coordinates": [ [ [ [ -61.04066, -32.924157 ], [ -61.008583, -32.929874 ], [ -60.967761, -32.982706 ], [ -60.97499, -32.98655 ], [ -60.968176, -32.995264 ], [ -60.958283, -32.991256 ], [ -60.938332, -33.017826 ], [ -60.97332, -33.01747 ], [ -60.969836, -33.021942 ], [ -61.048159, -33.063321 ], [ -61.062283, -33.072371 ], [ -61.05425, -33.082663 ], [ -61.061945, -33.090031 ], [ -61.151861, -32.974057 ], [ -61.127156, -32.960364 ], [ -61.124255, -32.964061 ], [ -61.112288, -32.957449 ], [ -61.108928, -32.961747 ], [ -61.073427, -32.942081 ], [ -61.071145, -32.945022 ], [ -61.050822, -32.933918 ], [ -61.052159, -32.932266 ], [ -61.039574, -32.925476 ], [ -61.04066, -32.924157 ] ] ] ] } },
{ "type": "Feature", "properties": { "fid": 335, "DISTRITO": "1605", "NOMBRE1": "Zavalla", "riesgo_median": 2.0, "riesgo_ponderado": 2.214222428714979, "pct_n4_n5": 0.14910697885490162, "riesgo_alto_clase": 3, "ha": 16661.87, "b12_ha": 12144.06, "n3_ha": 4490.28, "n4_ha": 24.84, "n5_ha": 0.0 }, "geometry": { "type": "MultiPolygon", "coordinates": [ [ [ [ -61.008583, -32.929874 ], [ -60.911859, -32.947169 ], [ -60.909424, -32.968572 ], [ -60.839433, -32.966525 ], [ -60.845508, -32.983058 ], [ -60.845319, -32.987129 ], [ -60.836342, -33.011098 ], [ -60.829936, -33.010898 ], [ -60.824475, -33.022013 ], [ -60.873946, -33.023735 ], [ -60.873925, -33.026566 ], [ -60.868281, -33.052149 ], [ -60.864123, -33.081546 ], [ -60.831636, -33.080605 ], [ -60.836608, -33.086335 ], [ -60.840505, -33.089122 ], [ -60.843657, -33.093489 ], [ -60.849709, -33.096159 ], [ -60.85286, -33.098975 ], [ -60.858605, -33.100687 ], [ -60.860908, -33.103598 ], [ -60.861774, -33.106539 ], [ -60.868336, -33.111551 ], [ -60.880257, -33.123835 ], [ -60.893057, -33.107233 ], [ -60.90019, -33.111008 ], [ -60.91225, -33.094607 ], [ -60.905302, -33.090721 ], [ -60.91682, -33.075277 ], [ -60.901577, -33.06683 ], [ -60.914094, -33.049298 ], [ -60.960652, -33.074045 ], [ -60.991257, -33.033296 ], [ -60.969836, -33.021942 ], [ -60.97332, -33.01747 ], [ -60.938332, -33.017826 ], [ -60.958283, -32.991256 ], [ -60.968176, -32.995264 ], [ -60.97499, -32.98655 ], [ -60.967761, -32.982706 ], [ -61.008583, -32.929874 ] ] ] ] } },
{ "type": "Feature", "properties": { "fid": 336, "DISTRITO": "1403", "NOMBRE1": "Carrizales", "riesgo_median": 2.0, "riesgo_ponderado": 2.1763443476145379, "pct_n4_n5": 0.24110936373193848, "riesgo_alto_clase": 3, "ha": 20702.61, "b12_ha": 16443.27, "n3_ha": 4223.52, "n4_ha": 49.95, "n5_ha": 0.0 }, "geometry": { "type": "MultiPolygon", "coordinates": [ [ [ [ -60.968887, -32.455784 ], [ -60.960901, -32.457117 ], [ -60.97066, -32.500438 ], [ -60.973772, -32.506502 ], [ -60.969206, -32.507293 ], [ -60.976673, -32.538328 ], [ -60.997125, -32.549889 ], [ -60.989583, -32.559551 ], [ -60.998888, -32.562952 ], [ -61.006805, -32.562077 ], [ -61.004717, -32.564774 ], [ -61.015822, -32.570892 ], [ -61.017064, -32.569299 ], [ -61.020805, -32.571241 ], [ -61.020275, -32.572011 ], [ -61.022153, -32.572716 ], [ -61.021706, -32.573295 ], [ -61.030009, -32.577571 ], [ -61.024045, -32.585154 ], [ -61.027095, -32.586882 ], [ -61.028473, -32.585129 ], [ -61.035852, -32.588562 ], [ -61.037269, -32.587996 ], [ -61.049994, -32.593218 ], [ -61.044221, -32.600594 ], [ -61.047099, -32.601994 ], [ -61.047974, -32.600884 ], [ -61.057994, -32.607033 ], [ -61.061976, -32.602279 ], [ -61.066094, -32.601432 ], [ -61.064992, -32.602747 ], [ -61.067856, -32.605373 ], [ -61.092002, -32.575031 ], [ -61.086756, -32.570679 ], [ -61.09564, -32.568853 ], [ -61.090228, -32.549854 ], [ -61.12913, -32.541846 ], [ -61.119146, -32.535888 ], [ -61.132862, -32.533127 ], [ -61.11956, -32.525484 ], [ -61.124812, -32.518853 ], [ -61.122725, -32.511767 ], [ -61.125088, -32.511327 ], [ -61.108524, -32.507882 ], [ -61.098632, -32.508728 ], [ -61.10246, -32.502689 ], [ -61.10369, -32.505733 ], [ -61.150819, -32.496787 ], [ -61.136156, -32.437399 ], [ -61.106609, -32.441798 ], [ -61.016821, -32.452583 ], [ -61.01401, -32.451613 ], [ -60.975525, -32.459303 ], [ -60.968887, -32.455784 ] ] ] ] } },
{ "type": "Feature", "properties": { "fid": 337, "DISTRITO": "1408", "NOMBRE1": "Salto Grande", "riesgo_median": 2.0, "riesgo_ponderado": 2.3706080784232824, "pct_n4_n5": 0.70217260915575019, "riesgo_alto_clase": 4, "ha": 23534.28, "b12_ha": 14434.2, "n3_ha": 8958.69, "n4_ha": 165.42, "n5_ha": 0.0 }, "geometry": { "type": "MultiPolygon", "coordinates": [ [ [ [ -61.057994, -32.607033 ], [ -61.054761, -32.605003 ], [ -61.051788, -32.608551 ], [ -61.050494, -32.607797 ], [ -61.038907, -32.622625 ], [ -61.041229, -32.623258 ], [ -61.004897, -32.66963 ], [ -61.011039, -32.671225 ], [ -61.008883, -32.674094 ], [ -61.012021, -32.675657 ], [ -61.014773, -32.672117 ], [ -61.018414, -32.674097 ], [ -61.019334, -32.672917 ], [ -61.033787, -32.680795 ], [ -61.036998, -32.676682 ], [ -61.048202, -32.682991 ], [ -61.047291, -32.68416 ], [ -61.049581, -32.685413 ], [ -61.037213, -32.700998 ], [ -61.049959, -32.70821 ], [ -61.054507, -32.714701 ], [ -61.070022, -32.723111 ], [ -61.07157, -32.721108 ], [ -61.073026, -32.721908 ], [ -61.070218, -32.725543 ], [ -61.079421, -32.731161 ], [ -61.07895, -32.731757 ], [ -61.08083, -32.732825 ], [ -61.080468, -32.733321 ], [ -61.089842, -32.738293 ], [ -61.081539, -32.749226 ], [ -61.098907, -32.759116 ], [ -61.098444, -32.759704 ], [ -61.106628, -32.76419 ], [ -61.107284, -32.76336 ], [ -61.131658, -32.776905 ], [ -61.131138, -32.777584 ], [ -61.141068, -32.78298 ], [ -61.148708, -32.77295 ], [ -61.163254, -32.781245 ], [ -61.158344, -32.787569 ], [ -61.174369, -32.796519 ], [ -61.234344, -32.719287 ], [ -61.182101, -32.691716 ], [ -61.133327, -32.644889 ], [ -61.127667, -32.638978 ], [ -61.125438, -32.635385 ], [ -61.127916, -32.633632 ], [ -61.140965, -32.615681 ], [ -61.092002, -32.575031 ], [ -61.067856, -32.605373 ], [ -61.064992, -32.602747 ], [ -61.066094, -32.601432 ], [ -61.061976, -32.602279 ], [ -61.057994, -32.607033 ] ] ] ] } },
{ "type": "Feature", "properties": { "fid": 338, "DISTRITO": "1407", "NOMBRE1": "Lucio V. Lopez", "riesgo_median": 2.0, "riesgo_ponderado": 2.4188723857420316, "pct_n4_n5": 0.91293782077144658, "riesgo_alto_clase": 4, "ha": 9600.15, "b12_ha": 5549.85, "n3_ha": 3954.69, "n4_ha": 87.57, "n5_ha": 0.0 }, "geometry": { "type": "MultiPolygon", "coordinates": [ [ [ [ -60.984934, -32.695542 ], [ -60.991318, -32.69285 ], [ -60.995125, -32.694191 ], [ -60.995409, -32.698027 ], [ -61.00132, -32.700709 ], [ -61.006355, -32.7093 ], [ -61.012228, -32.713727 ], [ -61.011723, -32.716438 ], [ -61.013228, -32.718989 ], [ -61.011347, -32.720501 ], [ -61.017487, -32.723697 ], [ -61.017655, -32.724915 ], [ -61.016217, -32.726451 ], [ -61.017384, -32.729324 ], [ -61.019017, -32.729816 ], [ -61.024929, -32.739431 ], [ -61.027564, -32.739903 ], [ -61.029088, -32.743216 ], [ -61.031515, -32.745147 ], [ -61.033929, -32.749299 ], [ -61.034109, -32.752126 ], [ -61.037864, -32.754076 ], [ -61.041957, -32.759988 ], [ -61.046024, -32.76381 ], [ -61.047456, -32.766808 ], [ -61.051233, -32.769727 ], [ -61.053849, -32.769431 ], [ -61.054685, -32.770041 ], [ -61.053087, -32.771987 ], [ -61.050272, -32.772581 ], [ -61.051811, -32.778326 ], [ -61.05722, -32.781617 ], [ -61.05674, -32.78509 ], [ -61.05402, -32.785074 ], [ -61.053903, -32.786743 ], [ -61.052491, -32.788116 ], [ -61.057701, -32.794078 ], [ -61.059096, -32.799113 ], [ -61.061352, -32.80011 ], [ -61.062789, -32.802723 ], [ -61.065488, -32.802835 ], [ -61.067423, -32.806292 ], [ -61.070081, -32.806729 ], [ -61.07101, -32.80858 ], [ -61.073584, -32.809555 ], [ -61.076415, -32.812045 ], [ -61.079902, -32.813529 ], [ -61.081302, -32.814916 ], [ -61.085526, -32.815106 ], [ -61.08871, -32.817762 ], [ -61.091777, -32.818699 ], [ -61.147671, -32.808864 ], [ -61.166552, -32.806619 ], [ -61.174369, -32.796519 ], [ -61.158344, -32.787569 ], [ -61.163254, -32.781245 ], [ -61.148708, -32.77295 ], [ -61.141068, -32.78298 ], [ -61.131138, -32.777584 ], [ -61.131658, -32.776905 ], [ -61.107284, -32.76336 ], [ -61.106628, -32.76419 ], [ -61.098444, -32.759704 ], [ -61.098907, -32.759116 ], [ -61.081539, -32.749226 ], [ -61.089842, -32.738293 ], [ -61.080468, -32.733321 ], [ -61.08083, -32.732825 ], [ -61.07895, -32.731757 ], [ -61.079421, -32.731161 ], [ -61.070218, -32.725543 ], [ -61.073026, -32.721908 ], [ -61.07157, -32.721108 ], [ -61.070022, -32.723111 ], [ -61.054507, -32.714701 ], [ -61.049959, -32.70821 ], [ -61.037213, -32.700998 ], [ -61.049581, -32.685413 ], [ -61.047291, -32.68416 ], [ -61.048202, -32.682991 ], [ -61.036998, -32.676682 ], [ -61.033787, -32.680795 ], [ -61.019334, -32.672917 ], [ -61.018414, -32.674097 ], [ -61.014773, -32.672117 ], [ -61.012021, -32.675657 ], [ -61.008883, -32.674094 ], [ -61.011039, -32.671225 ], [ -61.004897, -32.66963 ], [ -60.984934, -32.695542 ] ] ] ] } },
{ "type": "Feature", "properties": { "fid": 339, "DISTRITO": "1501", "NOMBRE1": "Timbues", "riesgo_median": 2.0, "riesgo_ponderado": 1.959653084758793, "pct_n4_n5": 0.12588891024408991, "riesgo_alto_clase": 3, "ha": 18763.97, "b12_ha": 16468.29, "n3_ha": 2238.93, "n4_ha": 23.58, "n5_ha": 0.0 }, "geometry": { "type": "MultiPolygon", "coordinates": [ [ [ [ -60.792435, -32.49908 ], [ -60.776286, -32.497111 ], [ -60.77571, -32.500577 ], [ -60.773288, -32.505822 ], [ -60.768083, -32.513974 ], [ -60.750589, -32.548728 ], [ -60.746624, -32.557577 ], [ -60.743988, -32.567804 ], [ -60.744478, -32.581579 ], [ -60.751873, -32.609238 ], [ -60.749858, -32.624597 ], [ -60.746577, -32.636397 ], [ -60.765851, -32.633419 ], [ -60.78104, -32.699348 ], [ -60.825242, -32.69198 ], [ -60.851298, -32.658026 ], [ -60.847415, -32.653206 ], [ -60.841517, -32.650161 ], [ -60.840053, -32.647999 ], [ -60.837404, -32.648943 ], [ -60.83542, -32.647445 ], [ -60.830701, -32.645951 ], [ -60.828645, -32.646445 ], [ -60.827636, -32.645747 ], [ -60.827587, -32.644136 ], [ -60.822112, -32.642495 ], [ -60.81785, -32.638926 ], [ -60.815465, -32.639652 ], [ -60.812218, -32.636945 ], [ -60.812582, -32.63586 ], [ -60.815184, -32.634153 ], [ -60.815874, -32.630553 ], [ -60.817101, -32.629126 ], [ -60.816046, -32.625823 ], [ -60.819144, -32.617547 ], [ -60.820631, -32.616026 ], [ -60.824556, -32.614323 ], [ -60.823637, -32.61264 ], [ -60.824554, -32.610222 ], [ -60.829363, -32.605943 ], [ -60.82921, -32.602855 ], [ -60.830562, -32.600814 ], [ -60.833363, -32.597913 ], [ -60.835296, -32.598111 ], [ -60.83705, -32.59575 ], [ -60.839225, -32.595155 ], [ -60.842391, -32.590699 ], [ -60.842289, -32.589802 ], [ -60.838885, -32.588769 ], [ -60.838128, -32.587797 ], [ -60.843119, -32.586279 ], [ -60.842261, -32.58449 ], [ -60.843316, -32.580734 ], [ -60.842753, -32.57704 ], [ -60.844046, -32.575448 ], [ -60.842338, -32.572635 ], [ -60.84229, -32.570893 ], [ -60.843339, -32.569803 ], [ -60.846114, -32.570128 ], [ -60.847966, -32.565073 ], [ -60.847591, -32.561851 ], [ -60.849755, -32.556979 ], [ -60.847367, -32.548147 ], [ -60.849742, -32.540311 ], [ -60.846749, -32.539777 ], [ -60.846022, -32.538594 ], [ -60.849417, -32.535456 ], [ -60.85218, -32.534672 ], [ -60.852916, -32.533559 ], [ -60.848279, -32.529811 ], [ -60.84694, -32.523142 ], [ -60.847647, -32.522213 ], [ -60.850145, -32.523014 ], [ -60.85126, -32.522426 ], [ -60.851916, -32.520148 ], [ -60.856942, -32.515151 ], [ -60.856139, -32.512569 ], [ -60.852646, -32.511696 ], [ -60.851857, -32.510566 ], [ -60.855865, -32.504467 ], [ -60.860199, -32.502088 ], [ -60.85226, -32.49273 ], [ -60.853544, -32.490305 ], [ -60.850421, -32.489039 ], [ -60.850016, -32.487462 ], [ -60.850094, -32.484668 ], [ -60.85304, -32.483849 ], [ -60.851104, -32.480891 ], [ -60.851278, -32.479958 ], [ -60.855663, -32.47449 ], [ -60.852049, -32.47365 ], [ -60.849705, -32.47167 ], [ -60.846154, -32.470534 ], [ -60.845057, -32.467792 ], [ -60.838251, -32.466418 ], [ -60.836671, -32.465142 ], [ -60.835434, -32.462545 ], [ -60.832598, -32.461034 ], [ -60.8318, -32.459509 ], [ -60.825924, -32.459814 ], [ -60.828863, -32.457224 ], [ -60.82897, -32.455876 ], [ -60.826217, -32.456047 ], [ -60.822286, -32.458539 ], [ -60.821118, -32.45847 ], [ -60.822476, -32.456351 ], [ -60.821896, -32.455084 ], [ -60.815938, -32.450535 ], [ -60.81513, -32.450515 ], [ -60.815599, -32.452749 ], [ -60.813868, -32.453396 ], [ -60.813111, -32.452485 ], [ -60.813739, -32.449024 ], [ -60.803593, -32.442155 ], [ -60.802034, -32.441958 ], [ -60.79889, -32.444957 ], [ -60.794382, -32.453351 ], [ -60.796529, -32.460644 ], [ -60.801329, -32.469568 ], [ -60.800835, -32.474981 ], [ -60.796463, -32.483258 ], [ -60.795283, -32.487463 ], [ -60.794969, -32.497472 ], [ -60.792435, -32.49908 ] ] ] ] } },
{ "type": "Feature", "properties": { "fid": 340, "DISTRITO": "1502", "NOMBRE1": "Puerto San Martin", "riesgo_median": 1.0, "riesgo_ponderado": 1.5824086125879679, "pct_n4_n5": 0.12574731408149306, "riesgo_alto_clase": 3, "ha": 4091.42, "b12_ha": 3651.12, "n3_ha": 423.36, "n4_ha": 5.13, "n5_ha": 0.0 }, "geometry": { "type": "MultiPolygon", "coordinates": [ [ [ [ -60.785221, -32.717136 ], [ -60.765851, -32.633419 ], [ -60.746577, -32.636397 ], [ -60.744291, -32.644309 ], [ -60.732908, -32.654912 ], [ -60.727856, -32.661855 ], [ -60.725353, -32.668289 ], [ -60.725012, -32.673507 ], [ -60.723211, -32.676876 ], [ -60.720453, -32.694368 ], [ -60.720518, -32.702516 ], [ -60.722595, -32.706455 ], [ -60.722911, -32.709416 ], [ -60.722206, -32.71263 ], [ -60.722487, -32.719586 ], [ -60.7303, -32.720502 ], [ -60.733298, -32.720225 ], [ -60.735834, -32.719634 ], [ -60.738195, -32.718057 ], [ -60.745903, -32.716122 ], [ -60.753168, -32.715999 ], [ -60.765219, -32.717179 ], [ -60.778991, -32.716266 ], [ -60.785221, -32.717136 ] ] ] ] } },
{ "type": "Feature", "properties": { "fid": 341, "DISTRITO": "1503", "NOMBRE1": "San Lorenzo", "riesgo_median": 1.0, "riesgo_ponderado": 1.4033186589908568, "pct_n4_n5": 0.0072565429829229361, "riesgo_alto_clase": 2, "ha": 3740.43, "b12_ha": 3340.89, "n3_ha": 379.62, "n4_ha": 0.27, "n5_ha": 0.0 }, "geometry": { "type": "MultiPolygon", "coordinates": [ [ [ [ -60.730078, -32.720489 ], [ -60.722487, -32.719586 ], [ -60.723659, -32.740147 ], [ -60.722319, -32.75262 ], [ -60.716001, -32.773028 ], [ -60.711793, -32.781066 ], [ -60.762837, -32.772525 ], [ -60.801068, -32.723038 ], [ -60.788937, -32.717512 ], [ -60.778991, -32.716266 ], [ -60.765219, -32.717179 ], [ -60.753168, -32.715999 ], [ -60.745903, -32.716122 ], [ -60.738195, -32.718057 ], [ -60.735834, -32.719634 ], [ -60.733298, -32.720225 ], [ -60.730078, -32.720489 ] ] ] ] } },
{ "type": "Feature", "properties": { "fid": 342, "DISTRITO": "1504", "NOMBRE1": "Fray Luis Beltran", "riesgo_median": 1.0, "riesgo_ponderado": 1.2491319444444444, "pct_n4_n5": 0.0, "riesgo_alto_clase": 1, "ha": 827.0, "b12_ha": 813.15, "n3_ha": 16.29, "n4_ha": 0.0, "n5_ha": 0.0 }, "geometry": { "type": "MultiPolygon", "coordinates": [ [ [ [ -60.743684, -32.797242 ], [ -60.762837, -32.772525 ], [ -60.711793, -32.781066 ], [ -60.704649, -32.791732 ], [ -60.724131, -32.789134 ], [ -60.723273, -32.78948 ], [ -60.723458, -32.791752 ], [ -60.720528, -32.801121 ], [ -60.743684, -32.797242 ] ] ] ] } },
{ "type": "Feature", "properties": { "fid": 343, "DISTRITO": "1505", "NOMBRE1": "Capitan Bermudez", "riesgo_median": 1.0, "riesgo_ponderado": 1.41648734301029, "pct_n4_n5": 0.59861496928674829, "riesgo_alto_clase": 4, "ha": 3039.6, "b12_ha": 2090.25, "n3_ha": 196.29, "n4_ha": 13.77, "n5_ha": 0.0 }, "geometry": { "type": "MultiPolygon", "coordinates": [ [ [ [ -60.78153, -32.8387 ], [ -60.781807, -32.832691 ], [ -60.762098, -32.831992 ], [ -60.764036, -32.829503 ], [ -60.732237, -32.812007 ], [ -60.743684, -32.797242 ], [ -60.720528, -32.801121 ], [ -60.723458, -32.791752 ], [ -60.723273, -32.78948 ], [ -60.724131, -32.789134 ], [ -60.704649, -32.791732 ], [ -60.695837, -32.802769 ], [ -60.688544, -32.808735 ], [ -60.666332, -32.821908 ], [ -60.659878, -32.831673 ], [ -60.659724, -32.83392 ], [ -60.724846, -32.836435 ], [ -60.724817, -32.837497 ], [ -60.741218, -32.838297 ], [ -60.741274, -32.837086 ], [ -60.78153, -32.8387 ] ] ] ] } },
{ "type": "Feature", "properties": { "fid": 344, "DISTRITO": "1601", "NOMBRE1": "Ibarlucea", "riesgo_median": 2.0, "riesgo_ponderado": 2.0488784913208087, "pct_n4_n5": 0.060718622758768478, "riesgo_alto_clase": 3, "ha": 5045.65, "b12_ha": 4060.26, "n3_ha": 976.32, "n4_ha": 3.06, "n5_ha": 0.0 }, "geometry": { "type": "MultiPolygon", "coordinates": [ [ [ [ -60.873815, -32.840376 ], [ -60.85786, -32.828638 ], [ -60.842629, -32.820316 ], [ -60.818616, -32.834688 ], [ -60.809078, -32.829422 ], [ -60.808858, -32.833712 ], [ -60.781807, -32.832787 ], [ -60.78153, -32.8387 ], [ -60.756845, -32.837799 ], [ -60.754844, -32.841576 ], [ -60.752741, -32.8415 ], [ -60.752066, -32.852136 ], [ -60.736827, -32.851565 ], [ -60.734295, -32.866104 ], [ -60.723605, -32.865745 ], [ -60.723162, -32.86879 ], [ -60.731211, -32.86902 ], [ -60.730983, -32.870579 ], [ -60.734931, -32.870718 ], [ -60.734863, -32.872503 ], [ -60.781938, -32.874434 ], [ -60.782065, -32.872897 ], [ -60.798463, -32.873217 ], [ -60.798525, -32.869388 ], [ -60.834157, -32.870688 ], [ -60.845613, -32.877042 ], [ -60.855756, -32.863913 ], [ -60.855058, -32.860983 ], [ -60.858421, -32.86039 ], [ -60.873815, -32.840376 ] ] ] ] } },
{ "type": "Feature", "properties": { "fid": 345, "DISTRITO": "1602", "NOMBRE1": "Granadero Baigorria", "riesgo_median": 1.0, "riesgo_ponderado": 1.2418473310256877, "pct_n4_n5": 0.0, "riesgo_alto_clase": 1, "ha": 2660.97, "b12_ha": 1916.19, "n3_ha": 59.85, "n4_ha": 0.0, "n5_ha": 0.0 }, "geometry": { "type": "MultiPolygon", "coordinates": [ [ [ [ -60.754844, -32.841576 ], [ -60.756845, -32.837799 ], [ -60.741274, -32.837086 ], [ -60.741218, -32.838297 ], [ -60.724817, -32.837497 ], [ -60.724846, -32.836435 ], [ -60.659724, -32.83392 ], [ -60.659464, -32.837711 ], [ -60.660692, -32.843378 ], [ -60.674299, -32.860046 ], [ -60.684137, -32.870151 ], [ -60.734863, -32.872503 ], [ -60.734931, -32.870718 ], [ -60.730983, -32.870579 ], [ -60.731211, -32.86902 ], [ -60.723162, -32.86879 ], [ -60.723605, -32.865745 ], [ -60.734295, -32.866104 ], [ -60.736827, -32.851565 ], [ -60.752066, -32.852136 ], [ -60.752741, -32.8415 ], [ -60.754844, -32.841576 ] ] ] ] } },
{ "type": "Feature", "properties": { "fid": 346, "DISTRITO": "1603", "NOMBRE1": "Rosario", "riesgo_median": 1.0, "riesgo_ponderado": 1.3612021963016741, "pct_n4_n5": 0.099525929629878912, "riesgo_alto_clase": 3, "ha": 19467.0, "b12_ha": 18143.46, "n3_ha": 556.65, "n4_ha": 18.63, "n5_ha": 0.0 }, "geometry": { "type": "MultiPolygon", "coordinates": [ [ [ [ -60.781938, -32.874434 ], [ -60.684137, -32.870151 ], [ -60.683676, -32.881859 ], [ -60.682475, -32.888852 ], [ -60.677951, -32.898575 ], [ -60.666926, -32.911881 ], [ -60.656721, -32.921614 ], [ -60.646941, -32.928265 ], [ -60.611508, -32.948096 ], [ -60.599456, -32.957526 ], [ -60.593595, -32.965052 ], [ -60.592414, -32.969792 ], [ -60.595057, -32.977018 ], [ -60.597131, -32.989197 ], [ -60.599438, -32.994684 ], [ -60.613537, -32.998785 ], [ -60.614757, -33.000056 ], [ -60.619334, -33.002074 ], [ -60.621629, -33.004289 ], [ -60.626846, -33.003792 ], [ -60.629921, -33.007827 ], [ -60.633955, -33.010849 ], [ -60.635643, -33.014299 ], [ -60.638056, -33.015783 ], [ -60.637414, -33.01671 ], [ -60.637909, -33.018227 ], [ -60.639775, -33.017792 ], [ -60.64384, -33.018845 ], [ -60.655644, -33.026176 ], [ -60.659078, -33.02583 ], [ -60.659725, -33.025199 ], [ -60.664915, -33.026758 ], [ -60.668318, -33.02583 ], [ -60.674339, -33.028574 ], [ -60.676188, -33.028591 ], [ -60.677888, -33.027653 ], [ -60.678519, -33.028882 ], [ -60.683442, -33.02926 ], [ -60.68339, -33.031235 ], [ -60.686843, -33.033141 ], [ -60.688097, -33.033 ], [ -60.688099, -33.034012 ], [ -60.690355, -33.035001 ], [ -60.692239, -33.037901 ], [ -60.69473, -33.0377 ], [ -60.698489, -33.038959 ], [ -60.707035, -33.026974 ], [ -60.708932, -33.024937 ], [ -60.710837, -33.024277 ], [ -60.715676, -33.018678 ], [ -60.721007, -33.007645 ], [ -60.726765, -33.007816 ], [ -60.735812, -32.983723 ], [ -60.736168, -32.979715 ], [ -60.732678, -32.964383 ], [ -60.760864, -32.965341 ], [ -60.761824, -32.948772 ], [ -60.783394, -32.949023 ], [ -60.781465, -32.946573 ], [ -60.776142, -32.943052 ], [ -60.774529, -32.939228 ], [ -60.768896, -32.936515 ], [ -60.76889, -32.933812 ], [ -60.766278, -32.931214 ], [ -60.765944, -32.927009 ], [ -60.763772, -32.925993 ], [ -60.762163, -32.924055 ], [ -60.776085, -32.922694 ], [ -60.787031, -32.910148 ], [ -60.796825, -32.897015 ], [ -60.770346, -32.896045 ], [ -60.771001, -32.885318 ], [ -60.781195, -32.885717 ], [ -60.781938, -32.874434 ] ] ] ] } },
{ "type": "Feature", "properties": { "fid": 347, "DISTRITO": "1608", "NOMBRE1": "Gobernador Galvez", "riesgo_median": 1.0, "riesgo_ponderado": 1.187273850498632, "pct_n4_n5": 0.0, "riesgo_alto_clase": 1, "ha": 3119.28, "b12_ha": 3051.0, "n3_ha": 8.37, "n4_ha": 0.0, "n5_ha": 0.0 }, "geometry": { "type": "MultiPolygon", "coordinates": [ [ [ [ -60.563879, -33.040826 ], [ -60.610796, -33.041776 ], [ -60.608429, -33.044608 ], [ -60.687313, -33.047013 ], [ -60.681828, -33.029359 ], [ -60.679772, -33.028557 ], [ -60.678519, -33.028882 ], [ -60.678107, -33.027671 ], [ -60.674339, -33.028574 ], [ -60.668318, -33.02583 ], [ -60.664915, -33.026758 ], [ -60.659725, -33.025199 ], [ -60.659078, -33.02583 ], [ -60.655644, -33.026176 ], [ -60.64384, -33.018845 ], [ -60.639775, -33.017792 ], [ -60.637909, -33.018227 ], [ -60.637414, -33.01671 ], [ -60.638056, -33.015783 ], [ -60.635643, -33.014299 ], [ -60.633955, -33.010849 ], [ -60.629921, -33.007827 ], [ -60.626846, -33.003792 ], [ -60.621629, -33.004289 ], [ -60.619334, -33.002074 ], [ -60.614757, -33.000056 ], [ -60.613537, -32.998785 ], [ -60.599438, -32.994684 ], [ -60.60204, -33.002872 ], [ -60.600994, -33.008682 ], [ -60.598919, -33.01281 ], [ -60.588518, -33.024783 ], [ -60.581322, -33.030309 ], [ -60.569293, -33.036578 ], [ -60.563879, -33.040826 ] ] ] ] } },
{ "type": "Feature", "properties": { "fid": 348, "DISTRITO": "1617", "NOMBRE1": "General Lagos", "riesgo_median": 2.0, "riesgo_ponderado": 2.0213399400399732, "pct_n4_n5": 0.0, "riesgo_alto_clase": 1, "ha": 4454.67, "b12_ha": 3570.84, "n3_ha": 752.04, "n4_ha": 0.0, "n5_ha": 0.0 }, "geometry": { "type": "MultiPolygon", "coordinates": [ [ [ [ -60.62262, -33.103707 ], [ -60.523081, -33.089932 ], [ -60.513228, -33.113326 ], [ -60.505032, -33.122175 ], [ -60.541279, -33.127278 ], [ -60.540091, -33.128705 ], [ -60.631625, -33.141019 ], [ -60.633819, -33.123067 ], [ -60.635956, -33.116338 ], [ -60.634905, -33.098897 ], [ -60.627079, -33.097799 ], [ -60.62262, -33.103707 ] ] ] ] } },
{ "type": "Feature", "properties": { "fid": 349, "DISTRITO": "1609", "NOMBRE1": "Alvear", "riesgo_median": 2.0, "riesgo_ponderado": 1.99037452131356, "pct_n4_n5": 0.085756952966746985, "riesgo_alto_clase": 3, "ha": 6203.07, "b12_ha": 4612.95, "n3_ha": 1468.8, "n4_ha": 5.22, "n5_ha": 0.0 }, "geometry": { "type": "MultiPolygon", "coordinates": [ [ [ [ -60.610796, -33.041776 ], [ -60.563879, -33.040826 ], [ -60.559624, -33.044165 ], [ -60.554009, -33.050316 ], [ -60.57324, -33.053792 ], [ -60.581978, -33.056779 ], [ -60.587857, -33.067707 ], [ -60.592893, -33.073813 ], [ -60.607129, -33.087399 ], [ -60.610709, -33.08956 ], [ -60.618182, -33.096569 ], [ -60.640974, -33.099727 ], [ -60.639907, -33.10096 ], [ -60.652286, -33.102718 ], [ -60.65341, -33.097522 ], [ -60.66325, -33.09885 ], [ -60.662274, -33.102573 ], [ -60.705464, -33.108375 ], [ -60.687313, -33.047013 ], [ -60.608429, -33.044608 ], [ -60.610796, -33.041776 ] ] ] ] } },
{ "type": "Feature", "properties": { "fid": 350, "DISTRITO": "1625", "NOMBRE1": "Pueblo Esther", "riesgo_median": 1.0, "riesgo_ponderado": 1.4941732540135277, "pct_n4_n5": 0.0, "riesgo_alto_clase": 1, "ha": 2836.53, "b12_ha": 2093.49, "n3_ha": 115.29, "n4_ha": 0.0, "n5_ha": 0.0 }, "geometry": { "type": "MultiPolygon", "coordinates": [ [ [ [ -60.523081, -33.089932 ], [ -60.62262, -33.103707 ], [ -60.627079, -33.097799 ], [ -60.618182, -33.096569 ], [ -60.610709, -33.08956 ], [ -60.607129, -33.087399 ], [ -60.589322, -33.069846 ], [ -60.581978, -33.056779 ], [ -60.57324, -33.053792 ], [ -60.554009, -33.050316 ], [ -60.547178, -33.057797 ], [ -60.541347, -33.066227 ], [ -60.533853, -33.073616 ], [ -60.526407, -33.082661 ], [ -60.523081, -33.089932 ] ] ] ] } },
{ "type": "Feature", "properties": { "fid": 351, "DISTRITO": "1618", "NOMBRE1": "Arroyo Seco", "riesgo_median": 2.0, "riesgo_ponderado": 2.2537477067908229, "pct_n4_n5": 0.096479238691098326, "riesgo_alto_clase": 3, "ha": 12683.44, "b12_ha": 8027.1, "n3_ha": 4274.55, "n4_ha": 11.88, "n5_ha": 0.0 }, "geometry": { "type": "MultiPolygon", "coordinates": [ [ [ [ -60.541279, -33.127278 ], [ -60.505032, -33.122175 ], [ -60.483422, -33.138229 ], [ -60.472466, -33.14485 ], [ -60.467735, -33.14691 ], [ -60.453235, -33.149556 ], [ -60.425459, -33.151194 ], [ -60.422849, -33.152773 ], [ -60.47836, -33.18256 ], [ -60.477682, -33.183132 ], [ -60.565572, -33.229942 ], [ -60.57226, -33.226346 ], [ -60.573248, -33.226897 ], [ -60.578251, -33.224054 ], [ -60.567033, -33.218023 ], [ -60.568555, -33.217181 ], [ -60.574496, -33.22026 ], [ -60.575806, -33.219631 ], [ -60.574768, -33.219123 ], [ -60.581399, -33.215797 ], [ -60.586887, -33.218758 ], [ -60.597567, -33.213661 ], [ -60.585861, -33.207591 ], [ -60.594507, -33.202601 ], [ -60.598545, -33.204804 ], [ -60.610113, -33.189448 ], [ -60.599027, -33.183455 ], [ -60.602424, -33.17951 ], [ -60.630059, -33.194414 ], [ -60.631625, -33.141019 ], [ -60.540091, -33.128705 ], [ -60.541279, -33.127278 ] ] ] ] } },
{ "type": "Feature", "properties": { "fid": 352, "DISTRITO": "1616", "NOMBRE1": "Villa Amelia", "riesgo_median": 2.0, "riesgo_ponderado": 2.3169378420934241, "pct_n4_n5": 0.049272164440493156, "riesgo_alto_clase": 2, "ha": 8400.81, "b12_ha": 5398.29, "n3_ha": 2999.88, "n4_ha": 4.14, "n5_ha": 0.0 }, "geometry": { "type": "MultiPolygon", "coordinates": [ [ [ [ -60.717843, -33.15284 ], [ -60.705464, -33.108375 ], [ -60.662274, -33.102573 ], [ -60.66325, -33.09885 ], [ -60.65341, -33.097522 ], [ -60.652286, -33.102718 ], [ -60.639907, -33.10096 ], [ -60.640974, -33.099727 ], [ -60.634905, -33.098897 ], [ -60.635956, -33.116338 ], [ -60.633819, -33.123067 ], [ -60.631741, -33.137807 ], [ -60.630059, -33.194414 ], [ -60.693484, -33.228376 ], [ -60.709507, -33.151695 ], [ -60.717843, -33.15284 ] ] ] ] } },
{ "type": "Feature", "properties": { "fid": 353, "DISTRITO": "1619", "NOMBRE1": "Fighiera", "riesgo_median": 2.0, "riesgo_ponderado": 2.2725960257055706, "pct_n4_n5": 0.74184855035981878, "riesgo_alto_clase": 4, "ha": 13791.44, "b12_ha": 8427.78, "n3_ha": 3638.16, "n4_ha": 90.18, "n5_ha": 0.0 }, "geometry": { "type": "MultiPolygon", "coordinates": [ [ [ [ -60.47836, -33.18256 ], [ -60.422849, -33.152773 ], [ -60.39343, -33.170739 ], [ -60.38332, -33.178496 ], [ -60.373301, -33.180801 ], [ -60.364473, -33.181317 ], [ -60.353091, -33.179769 ], [ -60.342448, -33.17628 ], [ -60.345211, -33.184394 ], [ -60.345021, -33.191714 ], [ -60.343786, -33.194646 ], [ -60.338091, -33.200664 ], [ -60.336036, -33.210431 ], [ -60.334619, -33.212767 ], [ -60.333172, -33.213287 ], [ -60.333286, -33.214571 ], [ -60.337737, -33.217487 ], [ -60.338912, -33.21756 ], [ -60.344186, -33.215229 ], [ -60.345581, -33.213819 ], [ -60.346697, -33.210626 ], [ -60.36397, -33.209762 ], [ -60.367115, -33.208855 ], [ -60.369432, -33.207138 ], [ -60.373327, -33.20662 ], [ -60.375395, -33.207226 ], [ -60.377431, -33.205004 ], [ -60.379035, -33.206496 ], [ -60.381598, -33.207387 ], [ -60.384136, -33.206793 ], [ -60.385664, -33.207487 ], [ -60.390245, -33.205261 ], [ -60.391719, -33.20199 ], [ -60.394324, -33.200173 ], [ -60.396593, -33.200499 ], [ -60.399686, -33.202693 ], [ -60.402574, -33.202747 ], [ -60.408175, -33.208616 ], [ -60.410534, -33.213117 ], [ -60.41442, -33.217118 ], [ -60.41479, -33.221848 ], [ -60.417208, -33.224111 ], [ -60.421117, -33.224319 ], [ -60.42554, -33.226217 ], [ -60.42889, -33.229417 ], [ -60.430013, -33.231854 ], [ -60.431976, -33.232811 ], [ -60.434346, -33.232626 ], [ -60.434351, -33.235557 ], [ -60.435368, -33.23716 ], [ -60.439293, -33.239256 ], [ -60.441065, -33.241828 ], [ -60.444698, -33.243066 ], [ -60.443792, -33.244736 ], [ -60.445043, -33.247381 ], [ -60.448988, -33.248609 ], [ -60.450213, -33.2508 ], [ -60.453173, -33.250606 ], [ -60.454317, -33.253416 ], [ -60.459123, -33.257362 ], [ -60.458604, -33.258152 ], [ -60.459597, -33.260584 ], [ -60.462027, -33.262931 ], [ -60.45986, -33.265315 ], [ -60.462439, -33.266802 ], [ -60.460233, -33.270009 ], [ -60.46022, -33.271749 ], [ -60.47042, -33.27773 ], [ -60.470954, -33.280622 ], [ -60.473829, -33.284605 ], [ -60.474106, -33.287098 ], [ -60.473227, -33.288495 ], [ -60.475518, -33.289739 ], [ -60.475908, -33.292899 ], [ -60.479974, -33.295946 ], [ -60.48241, -33.300176 ], [ -60.561531, -33.240355 ], [ -60.553758, -33.236195 ], [ -60.554797, -33.234798 ], [ -60.557652, -33.236315 ], [ -60.567701, -33.231 ], [ -60.477682, -33.183132 ], [ -60.47836, -33.18256 ] ] ] ] } },
{ "type": "Feature", "properties": { "fid": 354, "DISTRITO": "1918", "NOMBRE1": "Villa Constitucion", "riesgo_median": 2.0, "riesgo_ponderado": 1.8766766620346669, "pct_n4_n5": 0.0043882103415490382, "riesgo_alto_clase": 2, "ha": 8558.26, "b12_ha": 5181.12, "n3_ha": 971.46, "n4_ha": 0.27, "n5_ha": 0.0 }, "geometry": { "type": "MultiPolygon", "coordinates": [ [ [ [ -60.345211, -33.184394 ], [ -60.342448, -33.17628 ], [ -60.33453, -33.174857 ], [ -60.31842, -33.176577 ], [ -60.3082, -33.18046 ], [ -60.299387, -33.185262 ], [ -60.288279, -33.193573 ], [ -60.283897, -33.200748 ], [ -60.286575, -33.211436 ], [ -60.296113, -33.228731 ], [ -60.297839, -33.238286 ], [ -60.293732, -33.243006 ], [ -60.281659, -33.250758 ], [ -60.265452, -33.257298 ], [ -60.259241, -33.260612 ], [ -60.256025, -33.269421 ], [ -60.252303, -33.275178 ], [ -60.252897, -33.275614 ], [ -60.258878, -33.271717 ], [ -60.264025, -33.269498 ], [ -60.269286, -33.264735 ], [ -60.271504, -33.263649 ], [ -60.2729, -33.263862 ], [ -60.273242, -33.265182 ], [ -60.272325, -33.266231 ], [ -60.269911, -33.265417 ], [ -60.268898, -33.265933 ], [ -60.270717, -33.267543 ], [ -60.270714, -33.269837 ], [ -60.270035, -33.270272 ], [ -60.268297, -33.26891 ], [ -60.265441, -33.270518 ], [ -60.266181, -33.274833 ], [ -60.264957, -33.276472 ], [ -60.265507, -33.276914 ], [ -60.267795, -33.276397 ], [ -60.268489, -33.277465 ], [ -60.26746, -33.279892 ], [ -60.265184, -33.280224 ], [ -60.264623, -33.281296 ], [ -60.268955, -33.284888 ], [ -60.270988, -33.287604 ], [ -60.276065, -33.290609 ], [ -60.277258, -33.297276 ], [ -60.280399, -33.299747 ], [ -60.280497, -33.303676 ], [ -60.281957, -33.306003 ], [ -60.283412, -33.306204 ], [ -60.283286, -33.307494 ], [ -60.28429, -33.308776 ], [ -60.330736, -33.274346 ], [ -60.345342, -33.287725 ], [ -60.374159, -33.267118 ], [ -60.360948, -33.252743 ], [ -60.365439, -33.250419 ], [ -60.362242, -33.247374 ], [ -60.365999, -33.244502 ], [ -60.364956, -33.243501 ], [ -60.367001, -33.241971 ], [ -60.365687, -33.240704 ], [ -60.368543, -33.238599 ], [ -60.369376, -33.239003 ], [ -60.370749, -33.237955 ], [ -60.361254, -33.228822 ], [ -60.365023, -33.226008 ], [ -60.356466, -33.21789 ], [ -60.366252, -33.210295 ], [ -60.365327, -33.209447 ], [ -60.357319, -33.210408 ], [ -60.354707, -33.209906 ], [ -60.349813, -33.210807 ], [ -60.346697, -33.210626 ], [ -60.345581, -33.213819 ], [ -60.344186, -33.215229 ], [ -60.338912, -33.21756 ], [ -60.337737, -33.217487 ], [ -60.333286, -33.214571 ], [ -60.333172, -33.213287 ], [ -60.334619, -33.212767 ], [ -60.336036, -33.210431 ], [ -60.338091, -33.200664 ], [ -60.344497, -33.193441 ], [ -60.345211, -33.184394 ] ] ] ] } },
{ "type": "Feature", "properties": { "fid": 355, "DISTRITO": "1117", "NOMBRE1": "Gaboto", "riesgo_median": 2.0, "riesgo_ponderado": 2.2546092412009369, "pct_n4_n5": 0.1419908426828842, "riesgo_alto_clase": 3, "ha": 20606.6, "b12_ha": 14630.31, "n3_ha": 5940.36, "n4_ha": 29.25, "n5_ha": 0.0 }, "geometry": { "type": "MultiPolygon", "coordinates": [ [ [ [ -60.867618, -32.451608 ], [ -60.85822, -32.446498 ], [ -60.867081, -32.434837 ], [ -60.891061, -32.447702 ], [ -60.899504, -32.410068 ], [ -60.899568, -32.404794 ], [ -60.900881, -32.400037 ], [ -60.908651, -32.384344 ], [ -60.9034, -32.382601 ], [ -60.895962, -32.377815 ], [ -60.892375, -32.368201 ], [ -60.887975, -32.360912 ], [ -60.885714, -32.359126 ], [ -60.884301, -32.355296 ], [ -60.880215, -32.349681 ], [ -60.877776, -32.341065 ], [ -60.877745, -32.337857 ], [ -60.875137, -32.334947 ], [ -60.870215, -32.331593 ], [ -60.876338, -32.326867 ], [ -60.871233, -32.324419 ], [ -60.856061, -32.331664 ], [ -60.842437, -32.335285 ], [ -60.83527, -32.341633 ], [ -60.831512, -32.34191 ], [ -60.827032, -32.339167 ], [ -60.825997, -32.339415 ], [ -60.816084, -32.347959 ], [ -60.814073, -32.350957 ], [ -60.812347, -32.351834 ], [ -60.801838, -32.350862 ], [ -60.795686, -32.346792 ], [ -60.795745, -32.351 ], [ -60.793777, -32.352894 ], [ -60.791782, -32.353443 ], [ -60.786893, -32.352427 ], [ -60.780778, -32.350075 ], [ -60.776388, -32.344224 ], [ -60.772679, -32.342366 ], [ -60.772523, -32.340329 ], [ -60.769795, -32.339758 ], [ -60.768657, -32.341685 ], [ -60.767217, -32.342054 ], [ -60.76796, -32.349269 ], [ -60.766056, -32.35521 ], [ -60.756584, -32.368103 ], [ -60.746416, -32.378871 ], [ -60.734957, -32.384513 ], [ -60.727706, -32.385769 ], [ -60.716134, -32.386524 ], [ -60.716798, -32.402624 ], [ -60.720752, -32.427786 ], [ -60.720482, -32.443732 ], [ -60.722157, -32.450934 ], [ -60.72548, -32.454764 ], [ -60.730969, -32.466827 ], [ -60.738979, -32.47403 ], [ -60.74373, -32.477203 ], [ -60.756612, -32.483161 ], [ -60.775179, -32.493599 ], [ -60.776286, -32.497111 ], [ -60.792435, -32.49908 ], [ -60.794969, -32.497472 ], [ -60.795283, -32.487463 ], [ -60.796463, -32.483258 ], [ -60.800835, -32.474981 ], [ -60.801329, -32.469568 ], [ -60.796529, -32.460644 ], [ -60.794382, -32.453351 ], [ -60.796287, -32.448862 ], [ -60.801695, -32.442126 ], [ -60.803593, -32.442155 ], [ -60.813739, -32.449024 ], [ -60.813111, -32.452485 ], [ -60.813868, -32.453396 ], [ -60.815599, -32.452749 ], [ -60.81513, -32.450515 ], [ -60.815938, -32.450535 ], [ -60.821896, -32.455084 ], [ -60.822476, -32.456351 ], [ -60.820904, -32.458039 ], [ -60.821629, -32.458721 ], [ -60.827173, -32.455888 ], [ -60.829184, -32.456358 ], [ -60.827816, -32.458258 ], [ -60.867618, -32.451608 ] ] ] ] } },
{ "type": "Feature", "properties": { "fid": 356, "DISTRITO": "0313", "NOMBRE1": "El Sombrerito", "riesgo_median": 3.0, "riesgo_ponderado": 3.0535005804949953, "pct_n4_n5": 8.0393432113765844, "riesgo_alto_clase": 5, "ha": 48649.22, "b12_ha": 1298.79, "n3_ha": 43113.6, "n4_ha": 3882.6, "n5_ha": 0.0 }, "geometry": { "type": "MultiPolygon", "coordinates": [ [ [ [ -59.255358, -28.561403 ], [ -59.09265, -28.56249 ], [ -59.098895, -28.587337 ], [ -59.112065, -28.6077 ], [ -59.113972, -28.61214 ], [ -59.114579, -28.616048 ], [ -59.112012, -28.624382 ], [ -59.094931, -28.659002 ], [ -59.087276, -28.676581 ], [ -59.086863, -28.680243 ], [ -59.087515, -28.684375 ], [ -59.092456, -28.696142 ], [ -59.26445, -28.694142 ], [ -59.263822, -28.693023 ], [ -59.266878, -28.690408 ], [ -59.266945, -28.688526 ], [ -59.266047, -28.687865 ], [ -59.261175, -28.687892 ], [ -59.258522, -28.689159 ], [ -59.256764, -28.688365 ], [ -59.256431, -28.687035 ], [ -59.257292, -28.686159 ], [ -59.259803, -28.686216 ], [ -59.260265, -28.685157 ], [ -59.358288, -28.685271 ], [ -59.359446, -28.68806 ], [ -59.359076, -28.68881 ], [ -59.35605, -28.688568 ], [ -59.354889, -28.690303 ], [ -59.35695, -28.693615 ], [ -59.355891, -28.695866 ], [ -59.358191, -28.697971 ], [ -59.359358, -28.701252 ], [ -59.360929, -28.701995 ], [ -59.365839, -28.700768 ], [ -59.367101, -28.702425 ], [ -59.411583, -28.697465 ], [ -59.412817, -28.706359 ], [ -59.443462, -28.703019 ], [ -59.442064, -28.69408 ], [ -59.472557, -28.690566 ], [ -59.471149, -28.681629 ], [ -59.481293, -28.680466 ], [ -59.479913, -28.671499 ], [ -59.490023, -28.670338 ], [ -59.488686, -28.661424 ], [ -59.507123, -28.659229 ], [ -59.497976, -28.596484 ], [ -59.51025, -28.595036 ], [ -59.50715, -28.57236 ], [ -59.475484, -28.572383 ], [ -59.475348, -28.596866 ], [ -59.357387, -28.596471 ], [ -59.357535, -28.59492 ], [ -59.346553, -28.594509 ], [ -59.254859, -28.593547 ], [ -59.255358, -28.561403 ] ] ] ] } },
{ "type": "Feature", "properties": { "fid": 357, "DISTRITO": "0327", "NOMBRE1": "Guadalupe Norte", "riesgo_median": 3.0, "riesgo_ponderado": 2.5411162856927469, "pct_n4_n5": 1.6676857614313119, "riesgo_alto_clase": 4, "ha": 43173.94, "b12_ha": 20387.43, "n3_ha": 21875.13, "n4_ha": 716.76, "n5_ha": 0.0 }, "geometry": { "type": "MultiPolygon", "coordinates": [ [ [ [ -59.564919, -28.891424 ], [ -59.562369, -28.891715 ], [ -59.557445, -28.889579 ], [ -59.555569, -28.890751 ], [ -59.55382, -28.890873 ], [ -59.553305, -28.891856 ], [ -59.547904, -28.891727 ], [ -59.54741, -28.893524 ], [ -59.546271, -28.892899 ], [ -59.546024, -28.89369 ], [ -59.543932, -28.894282 ], [ -59.538614, -28.893644 ], [ -59.540259, -28.895319 ], [ -59.538529, -28.896233 ], [ -59.537243, -28.895994 ], [ -59.536148, -28.890852 ], [ -59.535509, -28.890565 ], [ -59.534189, -28.89238 ], [ -59.534788, -28.894288 ], [ -59.532941, -28.894324 ], [ -59.530689, -28.892668 ], [ -59.52927, -28.894954 ], [ -59.529751, -28.896047 ], [ -59.531812, -28.897017 ], [ -59.532577, -28.899824 ], [ -59.534444, -28.901857 ], [ -59.467072, -28.909324 ], [ -59.466344, -28.910842 ], [ -59.46701, -28.912558 ], [ -59.466667, -28.914693 ], [ -59.470137, -28.915992 ], [ -59.471432, -28.917457 ], [ -59.471001, -28.918429 ], [ -59.40637, -28.919132 ], [ -59.406354, -28.924807 ], [ -59.35275, -28.924754 ], [ -59.355291, -28.928088 ], [ -59.360247, -28.930884 ], [ -59.195983, -28.933861 ], [ -59.191423, -28.93622 ], [ -59.177587, -28.941196 ], [ -59.181457, -28.947436 ], [ -59.19063, -28.954028 ], [ -59.193531, -28.95697 ], [ -59.195856, -28.962256 ], [ -59.197777, -28.969641 ], [ -59.199006, -28.980065 ], [ -59.199177, -28.993535 ], [ -59.193786, -29.014643 ], [ -59.193, -29.02203 ], [ -59.39682, -29.017345 ], [ -59.621249, -28.99361 ], [ -59.612867, -28.938936 ], [ -59.632211, -28.93672 ], [ -59.628253, -28.90957 ], [ -59.597741, -28.912933 ], [ -59.596452, -28.904032 ], [ -59.576164, -28.906324 ], [ -59.57355, -28.888354 ], [ -59.569984, -28.888843 ], [ -59.56784, -28.890092 ], [ -59.566254, -28.889716 ], [ -59.564919, -28.891424 ] ] ] ] } },
{ "type": "Feature", "properties": { "fid": 358, "DISTRITO": "0401", "NOMBRE1": "Romang", "riesgo_median": 2.0, "riesgo_ponderado": 2.2579117824898858, "pct_n4_n5": 0.10043000651367741, "riesgo_alto_clase": 3, "ha": 69837.28, "b12_ha": 49555.35, "n3_ha": 19736.73, "n4_ha": 69.66, "n5_ha": 0.0 }, "geometry": { "type": "MultiPolygon", "coordinates": [ [ [ [ -60.069384, -29.370728 ], [ -59.778843, -29.415175 ], [ -59.779478, -29.416632 ], [ -59.776533, -29.419114 ], [ -59.777252, -29.422727 ], [ -59.77597, -29.423567 ], [ -59.774227, -29.422187 ], [ -59.772885, -29.423681 ], [ -59.77448, -29.427452 ], [ -59.772175, -29.429795 ], [ -59.771646, -29.432191 ], [ -59.770223, -29.433147 ], [ -59.768595, -29.431919 ], [ -59.768908, -29.435261 ], [ -59.765938, -29.435588 ], [ -59.76704, -29.437528 ], [ -59.769894, -29.43687 ], [ -59.770762, -29.439065 ], [ -59.767354, -29.441239 ], [ -59.76837, -29.442567 ], [ -59.765982, -29.442996 ], [ -59.763512, -29.441207 ], [ -59.762049, -29.444163 ], [ -59.760188, -29.443267 ], [ -59.758696, -29.444603 ], [ -59.756149, -29.444547 ], [ -59.754298, -29.445538 ], [ -59.755127, -29.449542 ], [ -59.751321, -29.45171 ], [ -59.751021, -29.452754 ], [ -59.751793, -29.453748 ], [ -59.750718, -29.454791 ], [ -59.749048, -29.454814 ], [ -59.74482, -29.452507 ], [ -59.743666, -29.453032 ], [ -59.743154, -29.454501 ], [ -59.740362, -29.455299 ], [ -59.74071, -29.456479 ], [ -59.742898, -29.455731 ], [ -59.743461, -29.456707 ], [ -59.741035, -29.459044 ], [ -59.737762, -29.460816 ], [ -59.737309, -29.462456 ], [ -59.738348, -29.464288 ], [ -59.737059, -29.46473 ], [ -59.735344, -29.463837 ], [ -59.735652, -29.465513 ], [ -59.73066, -29.463691 ], [ -59.729761, -29.463929 ], [ -59.730578, -29.465264 ], [ -59.729755, -29.46639 ], [ -59.728003, -29.464575 ], [ -59.727102, -29.466009 ], [ -59.725625, -29.463647 ], [ -59.724959, -29.464329 ], [ -59.725854, -29.465288 ], [ -59.724878, -29.465355 ], [ -59.724493, -29.463984 ], [ -59.725948, -29.461468 ], [ -59.72255, -29.460357 ], [ -59.721037, -29.460759 ], [ -59.719641, -29.464838 ], [ -59.71762, -29.466563 ], [ -59.719801, -29.467524 ], [ -59.71879, -29.468882 ], [ -59.719031, -29.47055 ], [ -59.717516, -29.471835 ], [ -59.716425, -29.471428 ], [ -59.71559, -29.46966 ], [ -59.714999, -29.470873 ], [ -59.715206, -29.47183 ], [ -59.718434, -29.473749 ], [ -59.718725, -29.47478 ], [ -59.718363, -29.476728 ], [ -59.717058, -29.478013 ], [ -59.716672, -29.480844 ], [ -59.718181, -29.48184 ], [ -59.718129, -29.485628 ], [ -59.719781, -29.487858 ], [ -59.716264, -29.487714 ], [ -59.714777, -29.486492 ], [ -59.714929, -29.485448 ], [ -59.712248, -29.484616 ], [ -59.710057, -29.486264 ], [ -59.706329, -29.486387 ], [ -59.705888, -29.484254 ], [ -59.708231, -29.481866 ], [ -59.70699, -29.481428 ], [ -59.707099, -29.47786 ], [ -59.704563, -29.478507 ], [ -59.704163, -29.47942 ], [ -59.705003, -29.481206 ], [ -59.701249, -29.481763 ], [ -59.701006, -29.479892 ], [ -59.699369, -29.479105 ], [ -59.697927, -29.479362 ], [ -59.698527, -29.478189 ], [ -59.695998, -29.476312 ], [ -59.693458, -29.478438 ], [ -59.692923, -29.474608 ], [ -59.692378, -29.474085 ], [ -59.689941, -29.474601 ], [ -59.688855, -29.472554 ], [ -59.688156, -29.473379 ], [ -59.685175, -29.473328 ], [ -59.683925, -29.475849 ], [ -59.682187, -29.475671 ], [ -59.681198, -29.474232 ], [ -59.679353, -29.476273 ], [ -59.67816, -29.476357 ], [ -59.674115, -29.474868 ], [ -59.674317, -29.473998 ], [ -59.673423, -29.473735 ], [ -59.672437, -29.471383 ], [ -59.670866, -29.473033 ], [ -59.668837, -29.470504 ], [ -59.667907, -29.466455 ], [ -59.668753, -29.465848 ], [ -59.668708, -29.464499 ], [ -59.666527, -29.463014 ], [ -59.664538, -29.463488 ], [ -59.662703, -29.462308 ], [ -59.661907, -29.462915 ], [ -59.659935, -29.462412 ], [ -59.660439, -29.460194 ], [ -59.658202, -29.460754 ], [ -59.656467, -29.459705 ], [ -59.656772, -29.457618 ], [ -59.658765, -29.455665 ], [ -59.658129, -29.452878 ], [ -59.659322, -29.452533 ], [ -59.660709, -29.453755 ], [ -59.661905, -29.452757 ], [ -59.662023, -29.447014 ], [ -59.661279, -29.446577 ], [ -59.654706, -29.451346 ], [ -59.647548, -29.452807 ], [ -59.643297, -29.451606 ], [ -59.565485, -29.479633 ], [ -59.56581, -29.487186 ], [ -59.568948, -29.493361 ], [ -59.572171, -29.494957 ], [ -59.581449, -29.495956 ], [ -59.585181, -29.497283 ], [ -59.598072, -29.508123 ], [ -59.60272, -29.514462 ], [ -59.602982, -29.517186 ], [ -59.601775, -29.519548 ], [ -59.578443, -29.54071 ], [ -59.576494, -29.54402 ], [ -59.579103, -29.547728 ], [ -59.592709, -29.557727 ], [ -59.601171, -29.572407 ], [ -59.608571, -29.589725 ], [ -59.609676, -29.607052 ], [ -59.61214, -29.613658 ], [ -59.621688, -29.624456 ], [ -59.777262, -29.6024 ], [ -59.77641, -29.596214 ], [ -59.778549, -29.595675 ], [ -59.779574, -29.593774 ], [ -59.781401, -29.593307 ], [ -59.782935, -29.5919 ], [ -59.783821, -29.592042 ], [ -59.783756, -29.593898 ], [ -59.785798, -29.594172 ], [ -59.787076, -29.592658 ], [ -59.784544, -29.590017 ], [ -59.787288, -29.585783 ], [ -59.790059, -29.583532 ], [ -59.793632, -29.582739 ], [ -59.796566, -29.581038 ], [ -59.797376, -29.579207 ], [ -59.803969, -29.578688 ], [ -59.807538, -29.579927 ], [ -59.810663, -29.577864 ], [ -59.812758, -29.577467 ], [ -59.813428, -29.57829 ], [ -59.817905, -29.574737 ], [ -59.816324, -29.57296 ], [ -59.816711, -29.571924 ], [ -59.81605, -29.57095 ], [ -59.816794, -29.569244 ], [ -59.816066, -29.567656 ], [ -59.819469, -29.562284 ], [ -59.817784, -29.55708 ], [ -59.816957, -29.556093 ], [ -59.815894, -29.556203 ], [ -59.81613, -29.554547 ], [ -59.814687, -29.553224 ], [ -59.814627, -29.551234 ], [ -59.816004, -29.547813 ], [ -59.814521, -29.545374 ], [ -59.813862, -29.53942 ], [ -59.815873, -29.538362 ], [ -59.815577, -29.53758 ], [ -59.816767, -29.537377 ], [ -59.816557, -29.535851 ], [ -59.818821, -29.535483 ], [ -59.819397, -29.534423 ], [ -59.818846, -29.533492 ], [ -59.820122, -29.533233 ], [ -59.822177, -29.530725 ], [ -59.821881, -29.529887 ], [ -59.822968, -29.528121 ], [ -59.821605, -29.523748 ], [ -59.822774, -29.519263 ], [ -59.867864, -29.512571 ], [ -59.867779, -29.508498 ], [ -59.869006, -29.509394 ], [ -59.972413, -29.494231 ], [ -59.97328, -29.499188 ], [ -60.06467, -29.485244 ], [ -60.063792, -29.47585 ], [ -60.0989, -29.470464 ], [ -60.101913, -29.468895 ], [ -60.101808, -29.468283 ], [ -60.099675, -29.46856 ], [ -60.098345, -29.467489 ], [ -60.100076, -29.467228 ], [ -60.100739, -29.466124 ], [ -60.099425, -29.462557 ], [ -60.101975, -29.460687 ], [ -60.101099, -29.459156 ], [ -60.101972, -29.457869 ], [ -60.099909, -29.45735 ], [ -60.100465, -29.454164 ], [ -60.098298, -29.454258 ], [ -60.101407, -29.451714 ], [ -60.100076, -29.449974 ], [ -60.101626, -29.447782 ], [ -60.099949, -29.444187 ], [ -60.10032, -29.44093 ], [ -60.099388, -29.439086 ], [ -60.10133, -29.438446 ], [ -60.101491, -29.437382 ], [ -60.098292, -29.436037 ], [ -60.0991, -29.434618 ], [ -60.100961, -29.434191 ], [ -60.099159, -29.432508 ], [ -60.10021, -29.43116 ], [ -60.098509, -29.430806 ], [ -60.098144, -29.429601 ], [ -60.096281, -29.42868 ], [ -60.096279, -29.426269 ], [ -60.094456, -29.424426 ], [ -60.095932, -29.423396 ], [ -60.092996, -29.421324 ], [ -60.090601, -29.420723 ], [ -60.088379, -29.417834 ], [ -60.086652, -29.416971 ], [ -60.086952, -29.415519 ], [ -60.085348, -29.414953 ], [ -60.084885, -29.413386 ], [ -60.081585, -29.411659 ], [ -60.080781, -29.408459 ], [ -60.082323, -29.407405 ], [ -60.078254, -29.405531 ], [ -60.077578, -29.401671 ], [ -60.081994, -29.397018 ], [ -60.082175, -29.394659 ], [ -60.083703, -29.393131 ], [ -60.081852, -29.391349 ], [ -60.084816, -29.388855 ], [ -60.084875, -29.386255 ], [ -60.080921, -29.379416 ], [ -60.075876, -29.379641 ], [ -60.073002, -29.378347 ], [ -60.073308, -29.376016 ], [ -60.068841, -29.375606 ], [ -60.072621, -29.373267 ], [ -60.070829, -29.371841 ], [ -60.068461, -29.372334 ], [ -60.068551, -29.371636 ], [ -60.069545, -29.371461 ], [ -60.069384, -29.370728 ] ] ] ] } },
{ "type": "Feature", "properties": { "fid": 359, "DISTRITO": "0403", "NOMBRE1": "Alejandra", "riesgo_median": 2.0, "riesgo_ponderado": 2.2389124813037058, "pct_n4_n5": 0.032347204680129769, "riesgo_alto_clase": 2, "ha": 254425.42, "b12_ha": 188696.88, "n3_ha": 64967.85, "n4_ha": 82.08, "n5_ha": 0.0 }, "geometry": { "type": "MultiPolygon", "coordinates": [ [ [ [ -59.994897, -29.679214 ], [ -59.959608, -29.684197 ], [ -59.948395, -29.629991 ], [ -59.857887, -29.643418 ], [ -59.871257, -29.589086 ], [ -59.621688, -29.624456 ], [ -59.624846, -29.633096 ], [ -59.629297, -29.651328 ], [ -59.632182, -29.666175 ], [ -59.633744, -29.680214 ], [ -59.631527, -29.685016 ], [ -59.621296, -29.694774 ], [ -59.619928, -29.698837 ], [ -59.6216, -29.703191 ], [ -59.62757, -29.713584 ], [ -59.630818, -29.721603 ], [ -59.634223, -29.731415 ], [ -59.635621, -29.738902 ], [ -59.634486, -29.744532 ], [ -59.628698, -29.755797 ], [ -59.627136, -29.760376 ], [ -59.625728, -29.773822 ], [ -59.626606, -29.785268 ], [ -59.628687, -29.7924 ], [ -59.63192, -29.797313 ], [ -59.636726, -29.801752 ], [ -59.6509, -29.812299 ], [ -59.656327, -29.819024 ], [ -59.666682, -29.858177 ], [ -59.66952, -29.872413 ], [ -59.668428, -29.875294 ], [ -59.666019, -29.878228 ], [ -59.657339, -29.88417 ], [ -59.649888, -29.887227 ], [ -59.633221, -29.891511 ], [ -59.614981, -29.898225 ], [ -59.606922, -29.902894 ], [ -59.601008, -29.909036 ], [ -59.596782, -29.916744 ], [ -59.594065, -29.926655 ], [ -59.591411, -29.942758 ], [ -59.591222, -29.959686 ], [ -59.590088, -29.966827 ], [ -59.588345, -29.971003 ], [ -59.576535, -29.991173 ], [ -59.578629, -30.001153 ], [ -59.575937, -30.00384 ], [ -59.566641, -30.007366 ], [ -59.563841, -30.009161 ], [ -59.562968, -30.011523 ], [ -59.562648, -30.018708 ], [ -59.56464, -30.032249 ], [ -59.569498, -30.044048 ], [ -59.576663, -30.053551 ], [ -59.595578, -30.073201 ], [ -59.603078, -30.082403 ], [ -59.612001, -30.098234 ], [ -59.61916, -30.114739 ], [ -59.624077, -30.132719 ], [ -59.623921, -30.155762 ], [ -59.625112, -30.16433 ], [ -59.631945, -30.182272 ], [ -59.641448, -30.199787 ], [ -59.644292, -30.207603 ], [ -59.643528, -30.214114 ], [ -59.638374, -30.225752 ], [ -59.960873, -30.175147 ], [ -59.962242, -30.17605 ], [ -59.965671, -30.173867 ], [ -59.96664, -30.173994 ], [ -59.968142, -30.176692 ], [ -59.969354, -30.174838 ], [ -59.970954, -30.173995 ], [ -59.971777, -30.175344 ], [ -59.973135, -30.175302 ], [ -59.974152, -30.17623 ], [ -59.974297, -30.176778 ], [ -59.971583, -30.177494 ], [ -59.972455, -30.179095 ], [ -59.974103, -30.178464 ], [ -59.974103, -30.180318 ], [ -59.973133, -30.181329 ], [ -59.970565, -30.180688 ], [ -59.969304, -30.18288 ], [ -59.968335, -30.182374 ], [ -59.967656, -30.18309 ], [ -59.967609, -30.18094 ], [ -59.966785, -30.180729 ], [ -59.965863, -30.183216 ], [ -59.967995, -30.184565 ], [ -59.968722, -30.186799 ], [ -59.967703, -30.18819 ], [ -59.966928, -30.187515 ], [ -59.966152, -30.188948 ], [ -59.963111, -30.1895 ], [ -59.965626, -30.19213 ], [ -59.964947, -30.193482 ], [ -59.967095, -30.193163 ], [ -59.96947, -30.191099 ], [ -59.97169, -30.193818 ], [ -59.972708, -30.192344 ], [ -59.974206, -30.192811 ], [ -59.971859, -30.195907 ], [ -59.978275, -30.195441 ], [ -59.979349, -30.194557 ], [ -59.982756, -30.196519 ], [ -59.982728, -30.197232 ], [ -59.979534, -30.198189 ], [ -59.978799, -30.200278 ], [ -59.977188, -30.199319 ], [ -59.975435, -30.199688 ], [ -59.975435, -30.202538 ], [ -59.972218, -30.201887 ], [ -59.973405, -30.203607 ], [ -59.976712, -30.205107 ], [ -59.976712, -30.202527 ], [ -59.978804, -30.202601 ], [ -59.981262, -30.204665 ], [ -59.980358, -30.205673 ], [ -59.977559, -30.206188 ], [ -59.977638, -30.207426 ], [ -59.979871, -30.209146 ], [ -59.983546, -30.208803 ], [ -59.984705, -30.209368 ], [ -59.984506, -30.211039 ], [ -59.98233, -30.212317 ], [ -59.982386, -30.213963 ], [ -59.980096, -30.212439 ], [ -59.977778, -30.212193 ], [ -59.97693, -30.21293 ], [ -59.977213, -30.214478 ], [ -59.97987, -30.215683 ], [ -59.982725, -30.215536 ], [ -59.982677, -30.218841 ], [ -59.984002, -30.218793 ], [ -59.986512, -30.217235 ], [ -59.987422, -30.218745 ], [ -59.98676, -30.219608 ], [ -59.987505, -30.220112 ], [ -59.989408, -30.218242 ], [ -59.990843, -30.218386 ], [ -59.989904, -30.221743 ], [ -59.992415, -30.221335 ], [ -59.994194, -30.224393 ], [ -59.99789, -30.224873 ], [ -59.99687, -30.227079 ], [ -60.001725, -30.22588 ], [ -60.002277, -30.226839 ], [ -60.001146, -30.228398 ], [ -59.997889, -30.227975 ], [ -59.997241, -30.228648 ], [ -60.000571, -30.231182 ], [ -60.003181, -30.231292 ], [ -60.00643, -30.227224 ], [ -60.008734, -30.228319 ], [ -60.007168, -30.225566 ], [ -60.009052, -30.224774 ], [ -60.013426, -30.225979 ], [ -60.012814, -30.227903 ], [ -60.010582, -30.228925 ], [ -60.010672, -30.22952 ], [ -60.013778, -30.230336 ], [ -60.017288, -30.22996 ], [ -60.018188, -30.23057 ], [ -60.01547, -30.233809 ], [ -60.017019, -30.234622 ], [ -60.081274, -30.222243 ], [ -60.081611, -30.223564 ], [ -60.086783, -30.22257 ], [ -60.096278, -30.258541 ], [ -60.169754, -30.245798 ], [ -60.173963, -30.2435 ], [ -60.174986, -30.241839 ], [ -60.174642, -30.240353 ], [ -60.171847, -30.23939 ], [ -60.168863, -30.236818 ], [ -60.164842, -30.236188 ], [ -60.163541, -30.23513 ], [ -60.162735, -30.232916 ], [ -60.160703, -30.231824 ], [ -60.158952, -30.229215 ], [ -60.159642, -30.228543 ], [ -60.160739, -30.22893 ], [ -60.160532, -30.22653 ], [ -60.161505, -30.225787 ], [ -60.164108, -30.228537 ], [ -60.165204, -30.22843 ], [ -60.165927, -30.225125 ], [ -60.164385, -30.225233 ], [ -60.164305, -30.225975 ], [ -60.16333, -30.225658 ], [ -60.161661, -30.223436 ], [ -60.162756, -30.222729 ], [ -60.164871, -30.224527 ], [ -60.1632, -30.221678 ], [ -60.16523, -30.221358 ], [ -60.167587, -30.22252 ], [ -60.167666, -30.221425 ], [ -60.166, -30.219636 ], [ -60.167786, -30.218998 ], [ -60.167419, -30.217975 ], [ -60.162667, -30.214778 ], [ -60.163071, -30.213931 ], [ -60.165222, -30.213434 ], [ -60.162864, -30.211142 ], [ -60.160915, -30.210933 ], [ -60.160755, -30.212698 ], [ -60.158848, -30.213336 ], [ -60.159333, -30.2121 ], [ -60.158682, -30.211218 ], [ -60.156173, -30.21105 ], [ -60.154708, -30.209251 ], [ -60.151216, -30.208796 ], [ -60.152919, -30.206923 ], [ -60.149913, -30.206044 ], [ -60.151707, -30.204261 ], [ -60.147925, -30.200038 ], [ -60.14845, -30.198307 ], [ -60.145803, -30.192711 ], [ -60.146167, -30.192004 ], [ -60.146899, -30.192357 ], [ -60.14913, -30.191436 ], [ -60.146856, -30.191015 ], [ -60.146164, -30.18971 ], [ -60.146447, -30.18918 ], [ -60.148477, -30.189531 ], [ -60.147379, -30.187591 ], [ -60.149895, -30.187764 ], [ -60.150014, -30.185505 ], [ -60.147371, -30.182825 ], [ -60.145719, -30.185065 ], [ -60.143364, -30.184396 ], [ -60.143443, -30.183302 ], [ -60.145593, -30.1827 ], [ -60.144902, -30.181853 ], [ -60.142548, -30.181263 ], [ -60.144291, -30.17992 ], [ -60.145019, -30.177942 ], [ -60.143842, -30.177767 ], [ -60.143317, -30.179603 ], [ -60.141817, -30.18077 ], [ -60.142788, -30.177594 ], [ -60.142178, -30.176677 ], [ -60.140679, -30.178408 ], [ -60.139056, -30.178727 ], [ -60.140879, -30.176184 ], [ -60.139297, -30.177139 ], [ -60.137833, -30.174775 ], [ -60.136211, -30.175695 ], [ -60.135034, -30.175519 ], [ -60.135642, -30.175272 ], [ -60.13487, -30.174602 ], [ -60.131908, -30.174817 ], [ -60.134178, -30.17312 ], [ -60.131337, -30.173088 ], [ -60.130044, -30.171374 ], [ -60.133049, -30.166203 ], [ -60.127525, -30.165372 ], [ -60.127671, -30.163807 ], [ -60.129687, -30.164355 ], [ -60.13023, -30.163431 ], [ -60.128069, -30.16139 ], [ -60.124297, -30.161432 ], [ -60.124666, -30.160705 ], [ -60.126994, -30.160073 ], [ -60.123141, -30.158365 ], [ -60.12625, -30.15724 ], [ -60.126545, -30.15643 ], [ -60.124885, -30.155848 ], [ -60.122925, -30.151158 ], [ -60.121907, -30.150615 ], [ -60.120813, -30.151092 ], [ -60.118567, -30.148612 ], [ -60.120766, -30.147689 ], [ -60.119441, -30.146562 ], [ -60.121199, -30.145133 ], [ -60.118732, -30.14336 ], [ -60.119831, -30.142586 ], [ -60.122708, -30.142326 ], [ -60.122405, -30.140711 ], [ -60.123537, -30.140527 ], [ -60.122736, -30.13904 ], [ -60.120526, -30.138809 ], [ -60.122227, -30.136865 ], [ -60.119001, -30.135231 ], [ -60.118719, -30.133769 ], [ -60.122355, -30.134105 ], [ -60.126819, -30.131347 ], [ -60.126381, -30.133387 ], [ -60.126746, -30.13465 ], [ -60.127566, -30.134684 ], [ -60.13077, -30.130794 ], [ -60.134985, -30.127842 ], [ -60.153579, -30.123938 ], [ -60.155101, -30.122406 ], [ -60.159595, -30.121483 ], [ -60.159515, -30.120089 ], [ -60.157519, -30.119334 ], [ -60.157948, -30.118051 ], [ -60.157322, -30.117644 ], [ -60.156229, -30.118495 ], [ -60.152349, -30.117868 ], [ -60.148518, -30.118643 ], [ -60.143351, -30.118274 ], [ -60.142537, -30.116782 ], [ -60.142798, -30.114998 ], [ -60.142174, -30.115951 ], [ -60.14104, -30.11585 ], [ -60.137686, -30.113409 ], [ -60.13527, -30.112874 ], [ -60.131005, -30.113411 ], [ -60.130705, -30.114919 ], [ -60.128302, -30.115858 ], [ -60.127282, -30.115933 ], [ -60.125035, -30.114066 ], [ -60.12333, -30.11747 ], [ -60.119172, -30.119611 ], [ -60.117215, -30.121911 ], [ -60.11662, -30.121542 ], [ -60.116013, -30.1183 ], [ -60.116784, -30.116516 ], [ -60.114144, -30.111935 ], [ -60.117284, -30.108311 ], [ -60.11428, -30.104562 ], [ -60.114348, -30.103615 ], [ -60.115706, -30.102828 ], [ -60.122639, -30.102827 ], [ -60.122896, -30.101867 ], [ -60.120946, -30.100475 ], [ -60.120377, -30.098617 ], [ -60.120322, -30.097562 ], [ -60.121801, -30.096818 ], [ -60.12315, -30.096771 ], [ -60.12311, -30.098045 ], [ -60.123807, -30.098352 ], [ -60.125098, -30.097781 ], [ -60.126892, -30.09831 ], [ -60.12905, -30.096958 ], [ -60.128548, -30.094925 ], [ -60.126892, -30.093877 ], [ -60.125097, -30.090958 ], [ -60.129069, -30.088006 ], [ -60.128097, -30.086799 ], [ -60.122642, -30.084546 ], [ -60.12133, -30.083197 ], [ -60.120603, -30.080317 ], [ -60.118642, -30.079572 ], [ -60.120715, -30.077587 ], [ -60.120052, -30.076497 ], [ -60.117686, -30.07763 ], [ -60.117011, -30.076226 ], [ -60.113751, -30.075362 ], [ -60.111974, -30.076772 ], [ -60.109216, -30.074563 ], [ -60.107349, -30.076703 ], [ -60.106653, -30.075295 ], [ -60.103948, -30.073804 ], [ -60.106365, -30.071417 ], [ -60.10606, -30.069934 ], [ -60.102959, -30.071502 ], [ -60.100267, -30.071348 ], [ -60.097748, -30.070107 ], [ -60.098688, -30.069691 ], [ -60.100916, -30.070758 ], [ -60.102716, -30.070481 ], [ -60.102831, -30.069588 ], [ -60.100579, -30.070059 ], [ -60.099764, -30.068889 ], [ -60.100342, -30.068058 ], [ -60.103311, -30.06742 ], [ -60.100803, -30.066956 ], [ -60.101379, -30.065392 ], [ -60.097223, -30.064379 ], [ -60.097657, -30.062908 ], [ -60.101244, -30.061656 ], [ -60.096572, -30.06129 ], [ -60.096745, -30.060171 ], [ -60.099102, -30.059756 ], [ -60.099236, -30.058975 ], [ -60.095601, -30.058119 ], [ -60.095017, -30.057339 ], [ -60.095408, -30.051545 ], [ -60.097423, -30.04846 ], [ -60.097245, -30.045945 ], [ -60.099038, -30.043953 ], [ -60.099181, -30.041282 ], [ -60.096364, -30.040049 ], [ -60.093371, -30.037219 ], [ -60.086791, -30.034749 ], [ -60.085626, -30.030554 ], [ -60.079722, -30.029478 ], [ -60.076194, -30.02715 ], [ -60.067435, -30.02828 ], [ -60.064847, -30.029952 ], [ -60.060607, -30.031275 ], [ -60.059445, -30.030304 ], [ -60.057559, -30.030395 ], [ -60.05488, -30.029154 ], [ -60.050059, -30.029427 ], [ -60.045586, -30.027599 ], [ -60.045081, -30.025543 ], [ -60.04365, -30.02403 ], [ -60.044256, -30.022872 ], [ -60.043388, -30.02134 ], [ -60.044146, -30.020051 ], [ -60.042818, -30.019093 ], [ -60.045472, -30.015753 ], [ -60.04434, -30.009763 ], [ -60.042459, -30.008436 ], [ -60.041679, -30.008964 ], [ -60.040726, -30.008493 ], [ -60.037412, -30.010576 ], [ -60.03239, -30.009376 ], [ -60.035202, -30.008612 ], [ -60.03498, -30.006263 ], [ -60.032417, -30.003426 ], [ -60.034392, -30.00186 ], [ -60.032564, -29.999067 ], [ -60.034002, -29.997657 ], [ -60.032343, -29.995342 ], [ -60.033907, -29.992148 ], [ -60.035702, -29.991929 ], [ -60.03552, -29.98822 ], [ -60.032955, -29.986275 ], [ -60.028911, -29.986652 ], [ -60.026861, -29.988208 ], [ -60.024407, -29.98813 ], [ -60.024271, -29.987239 ], [ -60.02747, -29.984023 ], [ -60.026902, -29.983469 ], [ -60.023971, -29.985093 ], [ -60.022746, -29.983995 ], [ -60.023018, -29.981303 ], [ -60.017307, -29.975725 ], [ -60.017716, -29.974696 ], [ -60.019374, -29.974517 ], [ -60.019825, -29.97352 ], [ -60.021574, -29.972768 ], [ -60.021642, -29.971026 ], [ -60.023268, -29.96939 ], [ -60.02245, -29.967411 ], [ -60.026281, -29.966596 ], [ -60.02778, -29.964319 ], [ -60.027757, -29.96238 ], [ -60.026508, -29.961594 ], [ -60.02242, -29.963535 ], [ -60.021284, -29.963416 ], [ -60.020025, -29.961818 ], [ -60.021297, -29.959838 ], [ -60.023379, -29.959966 ], [ -60.024945, -29.958145 ], [ -60.024241, -29.957116 ], [ -60.020085, -29.958403 ], [ -60.018188, -29.957691 ], [ -60.020668, -29.9518 ], [ -60.018873, -29.951463 ], [ -60.015289, -29.953673 ], [ -60.013291, -29.953851 ], [ -60.012746, -29.952961 ], [ -60.015153, -29.951674 ], [ -60.014948, -29.950843 ], [ -60.016541, -29.948365 ], [ -60.016707, -29.947497 ], [ -60.015087, -29.945685 ], [ -60.014756, -29.946701 ], [ -60.012899, -29.946814 ], [ -60.011571, -29.946236 ], [ -60.010948, -29.944933 ], [ -60.010117, -29.945005 ], [ -60.008291, -29.945331 ], [ -60.005841, -29.947322 ], [ -60.004222, -29.943702 ], [ -59.999449, -29.94432 ], [ -60.002109, -29.941603 ], [ -60.000781, -29.940879 ], [ -59.997044, -29.940662 ], [ -59.996546, -29.939902 ], [ -59.997097, -29.937823 ], [ -59.998467, -29.937498 ], [ -59.997802, -29.936195 ], [ -59.998218, -29.934964 ], [ -59.993983, -29.93652 ], [ -59.991949, -29.934168 ], [ -59.992614, -29.931851 ], [ -59.98892, -29.928775 ], [ -59.987639, -29.930371 ], [ -59.983161, -29.930585 ], [ -59.983202, -29.932142 ], [ -59.980553, -29.930476 ], [ -59.979432, -29.930513 ], [ -59.978975, -29.931092 ], [ -59.980137, -29.931852 ], [ -59.978642, -29.934168 ], [ -59.977937, -29.933516 ], [ -59.979432, -29.932033 ], [ -59.975414, -29.931127 ], [ -59.976161, -29.934312 ], [ -59.973296, -29.934674 ], [ -59.971801, -29.936374 ], [ -59.970599, -29.933189 ], [ -59.969735, -29.933735 ], [ -59.970275, -29.935292 ], [ -59.968904, -29.936232 ], [ -59.968199, -29.934024 ], [ -59.965666, -29.936666 ], [ -59.965044, -29.934856 ], [ -59.964214, -29.935724 ], [ -59.961516, -29.934131 ], [ -59.960602, -29.936085 ], [ -59.959233, -29.935035 ], [ -59.95915, -29.934456 ], [ -59.960395, -29.934058 ], [ -59.958943, -29.933153 ], [ -59.959109, -29.932176 ], [ -59.9594, -29.931706 ], [ -59.96077, -29.932647 ], [ -59.961766, -29.931453 ], [ -59.96326, -29.932467 ], [ -59.96297, -29.931164 ], [ -59.964507, -29.931352 ], [ -59.964715, -29.928602 ], [ -59.961104, -29.930121 ], [ -59.958696, -29.929541 ], [ -59.961644, -29.927081 ], [ -59.960109, -29.926718 ], [ -59.959114, -29.923714 ], [ -59.956956, -29.922953 ], [ -59.958083, -29.920289 ], [ -59.957385, -29.920154 ], [ -59.956999, -29.917891 ], [ -59.953131, -29.915399 ], [ -59.94949, -29.915567 ], [ -59.950114, -29.913127 ], [ -59.946015, -29.913471 ], [ -59.946412, -29.912087 ], [ -59.944165, -29.911625 ], [ -59.94139, -29.909318 ], [ -59.937555, -29.910238 ], [ -59.933453, -29.914388 ], [ -59.930279, -29.916001 ], [ -59.926445, -29.915076 ], [ -59.924729, -29.9115 ], [ -59.921954, -29.909884 ], [ -59.92169, -29.908961 ], [ -59.922616, -29.907578 ], [ -59.925658, -29.907003 ], [ -59.925923, -29.906196 ], [ -59.923358, -29.902224 ], [ -59.91983, -29.899992 ], [ -59.920264, -29.898328 ], [ -59.918681, -29.896913 ], [ -59.919079, -29.894055 ], [ -59.916151, -29.892352 ], [ -59.917608, -29.888893 ], [ -59.916022, -29.887624 ], [ -59.91642, -29.88624 ], [ -59.915611, -29.884646 ], [ -59.916555, -29.883242 ], [ -59.914971, -29.880358 ], [ -59.913945, -29.878603 ], [ -59.911249, -29.878538 ], [ -59.907793, -29.871933 ], [ -59.904451, -29.868582 ], [ -59.906042, -29.867578 ], [ -59.904836, -29.866142 ], [ -59.904919, -29.865021 ], [ -59.902404, -29.862928 ], [ -59.89995, -29.862217 ], [ -59.89784, -29.858295 ], [ -59.896122, -29.857947 ], [ -59.894403, -29.859214 ], [ -59.893612, -29.857945 ], [ -59.893483, -29.854255 ], [ -59.894544, -29.851373 ], [ -59.889485, -29.834254 ], [ -59.885625, -29.832565 ], [ -59.878452, -29.834003 ], [ -59.875147, -29.833887 ], [ -59.874587, -29.833147 ], [ -59.877641, -29.820036 ], [ -59.875993, -29.814256 ], [ -59.876822, -29.813052 ], [ -59.884548, -29.809688 ], [ -59.885651, -29.809689 ], [ -59.886477, -29.811135 ], [ -59.888683, -29.811748 ], [ -59.890846, -29.810987 ], [ -59.892547, -29.809213 ], [ -59.891553, -29.807657 ], [ -59.888964, -29.807043 ], [ -59.888996, -29.806291 ], [ -59.902833, -29.803385 ], [ -59.910757, -29.800077 ], [ -59.926474, -29.802254 ], [ -59.933168, -29.802093 ], [ -59.939148, -29.802837 ], [ -59.947985, -29.800338 ], [ -59.95074, -29.804432 ], [ -59.952119, -29.804433 ], [ -59.954618, -29.802817 ], [ -59.956158, -29.806778 ], [ -59.959563, -29.809492 ], [ -59.964024, -29.811029 ], [ -59.966963, -29.811136 ], [ -59.967318, -29.812237 ], [ -59.96616, -29.813654 ], [ -59.97055, -29.812727 ], [ -59.969843, -29.811221 ], [ -59.971251, -29.810069 ], [ -59.970149, -29.807291 ], [ -59.971454, -29.805484 ], [ -59.973374, -29.805481 ], [ -59.97407, -29.803338 ], [ -59.97324, -29.8017 ], [ -59.973581, -29.797781 ], [ -59.978244, -29.796831 ], [ -59.977989, -29.796101 ], [ -59.976695, -29.796656 ], [ -59.975984, -29.794879 ], [ -59.97712, -29.793963 ], [ -59.976531, -29.792777 ], [ -59.977861, -29.792919 ], [ -59.978474, -29.792277 ], [ -59.977126, -29.789065 ], [ -59.980191, -29.788423 ], [ -59.978597, -29.787138 ], [ -59.979947, -29.784782 ], [ -59.981908, -29.782855 ], [ -59.984238, -29.782749 ], [ -59.984851, -29.781143 ], [ -59.986077, -29.78307 ], [ -59.986813, -29.780822 ], [ -59.988652, -29.780179 ], [ -59.989308, -29.778925 ], [ -59.990736, -29.780501 ], [ -59.990981, -29.779109 ], [ -59.993065, -29.779216 ], [ -59.994659, -29.775683 ], [ -59.992443, -29.774455 ], [ -59.992503, -29.773789 ], [ -59.99564, -29.774933 ], [ -59.996866, -29.773863 ], [ -59.997846, -29.774291 ], [ -59.998569, -29.773054 ], [ -59.996743, -29.771507 ], [ -59.99515, -29.771721 ], [ -59.996376, -29.769901 ], [ -59.994929, -29.768817 ], [ -59.996008, -29.768723 ], [ -59.996131, -29.767331 ], [ -59.995434, -29.766365 ], [ -59.994414, -29.766368 ], [ -59.994506, -29.76526 ], [ -59.993679, -29.764654 ], [ -59.995338, -29.762823 ], [ -59.996131, -29.764547 ], [ -59.996866, -29.764119 ], [ -59.995641, -29.75898 ], [ -59.996866, -29.758552 ], [ -59.996744, -29.757481 ], [ -59.99846, -29.756731 ], [ -59.99846, -29.755982 ], [ -59.994602, -29.753629 ], [ -59.997164, -29.753694 ], [ -59.99631, -29.751875 ], [ -59.998076, -29.750312 ], [ -59.996308, -29.750679 ], [ -59.995799, -29.750194 ], [ -59.997042, -29.747786 ], [ -59.998681, -29.74758 ], [ -59.999859, -29.749043 ], [ -60.001989, -29.747871 ], [ -60.00215, -29.74649 ], [ -60.001401, -29.745816 ], [ -60.002577, -29.743247 ], [ -60.001304, -29.74184 ], [ -60.002136, -29.740678 ], [ -59.999825, -29.737789 ], [ -60.001916, -29.734428 ], [ -60.001591, -29.733594 ], [ -60.002868, -29.733753 ], [ -60.003699, -29.732932 ], [ -60.004335, -29.72837 ], [ -60.006025, -29.728097 ], [ -60.005519, -29.724686 ], [ -60.006831, -29.725422 ], [ -60.00714, -29.724606 ], [ -60.005749, -29.718328 ], [ -60.003251, -29.716049 ], [ -60.001957, -29.716971 ], [ -60.002193, -29.715932 ], [ -60.001107, -29.714016 ], [ -59.999346, -29.712349 ], [ -59.997877, -29.712094 ], [ -60.000226, -29.71094 ], [ -60.000364, -29.709405 ], [ -59.99597, -29.707992 ], [ -59.994102, -29.705367 ], [ -59.993749, -29.703642 ], [ -59.995971, -29.702097 ], [ -59.995325, -29.701358 ], [ -59.997751, -29.701363 ], [ -59.998612, -29.700687 ], [ -59.998284, -29.700033 ], [ -59.996268, -29.699912 ], [ -59.995146, -29.698983 ], [ -59.995677, -29.69825 ], [ -59.99641, -29.699661 ], [ -59.998269, -29.699157 ], [ -59.999368, -29.696834 ], [ -59.997878, -29.696072 ], [ -59.997292, -29.694662 ], [ -59.995621, -29.695627 ], [ -59.995383, -29.695047 ], [ -59.998318, -29.693253 ], [ -59.998172, -29.691587 ], [ -59.997585, -29.691073 ], [ -59.995895, -29.691611 ], [ -59.996683, -29.688943 ], [ -59.993476, -29.688126 ], [ -59.993476, -29.687613 ], [ -59.99553, -29.688382 ], [ -59.996558, -29.687742 ], [ -59.993917, -29.685819 ], [ -59.993183, -29.684025 ], [ -59.993477, -29.682102 ], [ -59.995531, -29.681846 ], [ -59.994897, -29.679214 ] ] ] ] } },
{ "type": "Feature", "properties": { "fid": 360, "DISTRITO": "1709", "NOMBRE1": "Melincu�", "riesgo_median": 2.0, "riesgo_ponderado": 2.2777997096700995, "pct_n4_n5": 0.18402066502332901, "riesgo_alto_clase": 3, "ha": 28939.61, "b12_ha": 20771.46, "n3_ha": 8128.53, "n4_ha": 53.28, "n5_ha": 0.0 }, "geometry": { "type": "MultiPolygon", "coordinates": [ [ [ [ -61.426559, -33.69073 ], [ -61.38181, -33.748766 ], [ -61.474254, -33.798371 ], [ -61.578141, -33.663879 ], [ -61.547465, -33.647216 ], [ -61.569809, -33.618187 ], [ -61.534581, -33.599211 ], [ -61.557201, -33.57032 ], [ -61.530731, -33.556027 ], [ -61.523263, -33.565696 ], [ -61.486313, -33.545885 ], [ -61.449031, -33.593981 ], [ -61.445922, -33.592296 ], [ -61.43099, -33.611817 ], [ -61.424266, -33.608293 ], [ -61.409533, -33.627781 ], [ -61.429784, -33.638908 ], [ -61.425355, -33.638611 ], [ -61.420534, -33.63988 ], [ -61.381994, -33.667442 ], [ -61.426559, -33.69073 ] ] ] ] } },
{ "type": "Feature", "properties": { "fid": 361, "DISTRITO": "0328", "NOMBRE1": "Nicanor Molina", "riesgo_median": 2.0, "riesgo_ponderado": 2.1964773293472843, "pct_n4_n5": 0.092675635276532137, "riesgo_alto_clase": 3, "ha": 18054.72, "b12_ha": 13561.83, "n3_ha": 4484.43, "n4_ha": 16.74, "n5_ha": 0.0 }, "geometry": { "type": "MultiPolygon", "coordinates": [ [ [ [ -59.915518, -29.091162 ], [ -59.917049, -29.088397 ], [ -59.915054, -29.086387 ], [ -59.805699, -29.103211 ], [ -59.813061, -29.092204 ], [ -59.80798, -29.06757 ], [ -59.780792, -29.071787 ], [ -59.781631, -29.074136 ], [ -59.782963, -29.074126 ], [ -59.783343, -29.072973 ], [ -59.784671, -29.073817 ], [ -59.784463, -29.07468 ], [ -59.782876, -29.074897 ], [ -59.783038, -29.076449 ], [ -59.78607, -29.077987 ], [ -59.785535, -29.078819 ], [ -59.782824, -29.078858 ], [ -59.784935, -29.080007 ], [ -59.784053, -29.08083 ], [ -59.782574, -29.080355 ], [ -59.781794, -29.081032 ], [ -59.782307, -29.082822 ], [ -59.780123, -29.083017 ], [ -59.780283, -29.084221 ], [ -59.77882, -29.085682 ], [ -59.778201, -29.085924 ], [ -59.77738, -29.085063 ], [ -59.776552, -29.085548 ], [ -59.776903, -29.089758 ], [ -59.778478, -29.089845 ], [ -59.778094, -29.091964 ], [ -59.775901, -29.091717 ], [ -59.774251, -29.09286 ], [ -59.772222, -29.091043 ], [ -59.770549, -29.091438 ], [ -59.770138, -29.094345 ], [ -59.77203, -29.093922 ], [ -59.769988, -29.097024 ], [ -59.769992, -29.0988 ], [ -59.769286, -29.098786 ], [ -59.768329, -29.0971 ], [ -59.76768, -29.099692 ], [ -59.765737, -29.100293 ], [ -59.768024, -29.101508 ], [ -59.76736, -29.102863 ], [ -59.762891, -29.104291 ], [ -59.759522, -29.103587 ], [ -59.759097, -29.104171 ], [ -59.760415, -29.106887 ], [ -59.759034, -29.107348 ], [ -59.758753, -29.109198 ], [ -59.757148, -29.108467 ], [ -59.75758, -29.110942 ], [ -59.755764, -29.110475 ], [ -59.755914, -29.111374 ], [ -59.754518, -29.111783 ], [ -59.753114, -29.114685 ], [ -59.752475, -29.114572 ], [ -59.752272, -29.11242 ], [ -59.751445, -29.112214 ], [ -59.749974, -29.113381 ], [ -59.748346, -29.113225 ], [ -59.747857, -29.114652 ], [ -59.744577, -29.113852 ], [ -59.742761, -29.115065 ], [ -59.74049, -29.114109 ], [ -59.738072, -29.115275 ], [ -59.733459, -29.112881 ], [ -59.735737, -29.12952 ], [ -59.737595, -29.12929 ], [ -59.742429, -29.162393 ], [ -59.748732, -29.161822 ], [ -59.750272, -29.171847 ], [ -59.751077, -29.172015 ], [ -59.754315, -29.197912 ], [ -59.784878, -29.193298 ], [ -59.790333, -29.220489 ], [ -59.811259, -29.217189 ], [ -59.803828, -29.225167 ], [ -59.821939, -29.239005 ], [ -59.824254, -29.23669 ], [ -59.822982, -29.236108 ], [ -59.823549, -29.235198 ], [ -59.825859, -29.236236 ], [ -59.825579, -29.234249 ], [ -59.827259, -29.23567 ], [ -59.829052, -29.235589 ], [ -59.8283, -29.233849 ], [ -59.832074, -29.23344 ], [ -59.832075, -29.23286 ], [ -59.830707, -29.232941 ], [ -59.83, -29.232236 ], [ -59.830379, -29.231699 ], [ -59.83151, -29.232031 ], [ -59.832219, -29.23108 ], [ -59.830996, -29.229381 ], [ -59.831798, -29.229133 ], [ -59.832551, -29.230087 ], [ -59.833779, -29.229108 ], [ -59.833971, -29.227079 ], [ -59.833075, -29.226457 ], [ -59.832991, -29.225084 ], [ -59.834251, -29.225296 ], [ -59.834698, -29.227194 ], [ -59.836323, -29.22522 ], [ -59.836535, -29.223507 ], [ -59.835456, -29.222688 ], [ -59.836418, -29.221925 ], [ -59.835399, -29.220685 ], [ -59.837081, -29.22045 ], [ -59.836659, -29.218429 ], [ -59.8381, -29.218853 ], [ -59.838042, -29.217588 ], [ -59.839334, -29.216825 ], [ -59.839486, -29.215586 ], [ -59.840865, -29.216142 ], [ -59.840237, -29.215113 ], [ -59.84072, -29.2134 ], [ -59.84189, -29.213296 ], [ -59.842168, -29.210938 ], [ -59.844405, -29.20988 ], [ -59.844106, -29.208076 ], [ -59.845194, -29.207016 ], [ -59.84302, -29.206961 ], [ -59.842659, -29.206271 ], [ -59.844229, -29.206061 ], [ -59.843989, -29.205265 ], [ -59.845759, -29.204842 ], [ -59.847045, -29.203197 ], [ -59.847194, -29.202548 ], [ -59.845911, -29.202546 ], [ -59.847103, -29.199708 ], [ -59.844999, -29.197597 ], [ -59.845736, -29.196393 ], [ -59.846029, -29.197039 ], [ -59.847107, -29.196868 ], [ -59.846324, -29.195877 ], [ -59.847403, -29.195621 ], [ -59.847798, -29.193427 ], [ -59.846868, -29.192995 ], [ -59.846771, -29.192006 ], [ -59.849573, -29.190321 ], [ -59.849815, -29.189001 ], [ -59.850535, -29.190005 ], [ -59.852579, -29.189321 ], [ -59.852979, -29.187396 ], [ -59.854443, -29.188479 ], [ -59.857872, -29.188163 ], [ -59.857258, -29.186689 ], [ -59.858987, -29.184951 ], [ -59.857668, -29.184746 ], [ -59.857581, -29.183932 ], [ -59.858598, -29.182181 ], [ -59.856944, -29.181614 ], [ -59.864971, -29.180471 ], [ -59.865804, -29.178707 ], [ -59.865126, -29.177645 ], [ -59.866814, -29.177661 ], [ -59.866953, -29.177016 ], [ -59.866357, -29.17617 ], [ -59.865165, -29.176088 ], [ -59.865166, -29.175363 ], [ -59.866497, -29.174679 ], [ -59.867552, -29.175083 ], [ -59.868425, -29.174238 ], [ -59.869388, -29.174561 ], [ -59.869068, -29.173473 ], [ -59.870031, -29.173353 ], [ -59.870217, -29.171862 ], [ -59.872833, -29.170857 ], [ -59.87279, -29.168319 ], [ -59.876505, -29.169289 ], [ -59.877104, -29.167275 ], [ -59.878894, -29.16631 ], [ -59.878254, -29.164738 ], [ -59.879769, -29.163369 ], [ -59.877041, -29.160492 ], [ -59.877979, -29.159718 ], [ -59.877155, -29.157441 ], [ -59.876108, -29.156956 ], [ -59.876772, -29.154826 ], [ -59.877545, -29.154391 ], [ -59.87997, -29.155022 ], [ -59.881626, -29.152845 ], [ -59.881794, -29.15115 ], [ -59.882656, -29.150541 ], [ -59.884826, -29.151055 ], [ -59.886206, -29.149604 ], [ -59.887805, -29.149266 ], [ -59.887916, -29.148588 ], [ -59.886208, -29.148005 ], [ -59.885604, -29.146068 ], [ -59.887776, -29.145412 ], [ -59.887983, -29.144036 ], [ -59.889487, -29.143056 ], [ -59.892829, -29.142926 ], [ -59.892885, -29.141957 ], [ -59.889873, -29.138876 ], [ -59.891474, -29.137036 ], [ -59.891282, -29.135826 ], [ -59.892192, -29.136044 ], [ -59.892854, -29.135004 ], [ -59.892001, -29.133526 ], [ -59.892482, -29.132395 ], [ -59.893634, -29.132854 ], [ -59.893363, -29.134197 ], [ -59.894892, -29.13404 ], [ -59.895927, -29.132737 ], [ -59.896505, -29.133682 ], [ -59.898941, -29.133332 ], [ -59.900292, -29.131357 ], [ -59.899772, -29.128055 ], [ -59.902274, -29.127802 ], [ -59.905152, -29.129069 ], [ -59.905424, -29.126145 ], [ -59.908014, -29.126341 ], [ -59.908214, -29.124882 ], [ -59.910453, -29.124826 ], [ -59.912704, -29.122377 ], [ -59.912648, -29.121622 ], [ -59.910637, -29.120953 ], [ -59.910098, -29.119531 ], [ -59.910279, -29.118819 ], [ -59.912617, -29.118821 ], [ -59.912979, -29.116687 ], [ -59.911003, -29.113604 ], [ -59.911633, -29.112735 ], [ -59.91469, -29.114001 ], [ -59.915679, -29.113607 ], [ -59.915862, -29.110209 ], [ -59.914245, -29.108706 ], [ -59.915235, -29.106968 ], [ -59.917844, -29.106021 ], [ -59.916676, -29.105151 ], [ -59.918925, -29.103098 ], [ -59.917487, -29.102544 ], [ -59.917311, -29.098197 ], [ -59.915422, -29.097958 ], [ -59.915424, -29.095825 ], [ -59.917134, -29.093929 ], [ -59.915518, -29.091162 ] ] ] ] } },
{ "type": "Feature", "properties": { "fid": 362, "DISTRITO": "0326", "NOMBRE1": "La Sarita", "riesgo_median": 2.0, "riesgo_ponderado": 2.0816774756913063, "pct_n4_n5": 0.052817578964271167, "riesgo_alto_clase": 3, "ha": 67827.81, "b12_ha": 56914.38, "n3_ha": 10868.13, "n4_ha": 35.82, "n5_ha": 0.0 }, "geometry": { "type": "MultiPolygon", "coordinates": [ [ [ [ -59.805699, -29.103211 ], [ -59.961355, -29.079397 ], [ -59.961499, -29.08015 ], [ -60.005391, -29.074036 ], [ -60.000686, -29.044419 ], [ -59.990206, -29.04591 ], [ -59.988037, -29.032504 ], [ -60.001051, -29.030544 ], [ -59.999783, -29.017586 ], [ -60.042004, -29.011698 ], [ -60.019742, -28.886103 ], [ -59.977949, -28.891686 ], [ -59.961803, -28.80748 ], [ -59.762255, -28.83843 ], [ -59.762346, -28.838924 ], [ -59.765492, -28.838726 ], [ -59.766609, -28.840001 ], [ -59.763986, -28.842019 ], [ -59.762906, -28.84336 ], [ -59.763154, -28.844243 ], [ -59.765106, -28.84439 ], [ -59.768088, -28.843226 ], [ -59.76947, -28.84362 ], [ -59.768124, -28.845431 ], [ -59.764688, -28.845542 ], [ -59.762312, -28.847776 ], [ -59.765929, -28.849625 ], [ -59.766832, -28.849555 ], [ -59.76842, -28.847615 ], [ -59.769925, -28.848782 ], [ -59.769583, -28.850055 ], [ -59.766964, -28.851182 ], [ -59.766742, -28.852644 ], [ -59.768262, -28.856578 ], [ -59.770497, -28.856522 ], [ -59.772784, -28.85803 ], [ -59.772852, -28.859267 ], [ -59.770813, -28.86293 ], [ -59.773889, -28.863685 ], [ -59.776209, -28.862532 ], [ -59.777159, -28.862953 ], [ -59.777642, -28.866107 ], [ -59.779505, -28.868487 ], [ -59.780824, -28.8689 ], [ -59.783586, -28.867492 ], [ -59.783611, -28.866197 ], [ -59.787044, -28.86553 ], [ -59.788092, -28.865794 ], [ -59.787463, -28.867936 ], [ -59.788423, -28.868847 ], [ -59.787964, -28.870197 ], [ -59.788918, -28.87104 ], [ -59.792361, -28.868606 ], [ -59.792979, -28.868905 ], [ -59.793813, -28.87327 ], [ -59.79101, -28.877394 ], [ -59.791208, -28.878098 ], [ -59.794828, -28.879917 ], [ -59.793059, -28.881057 ], [ -59.79431, -28.881581 ], [ -59.795801, -28.881207 ], [ -59.796319, -28.881926 ], [ -59.795347, -28.882705 ], [ -59.791708, -28.881611 ], [ -59.791086, -28.882066 ], [ -59.79377, -28.884796 ], [ -59.796805, -28.884191 ], [ -59.79744, -28.885324 ], [ -59.79604, -28.88631 ], [ -59.793132, -28.886459 ], [ -59.790875, -28.884683 ], [ -59.789093, -28.885972 ], [ -59.789798, -28.889708 ], [ -59.791831, -28.892041 ], [ -59.793676, -28.892669 ], [ -59.791941, -28.894089 ], [ -59.788402, -28.894331 ], [ -59.788377, -28.895965 ], [ -59.791876, -28.897771 ], [ -59.792448, -28.898847 ], [ -59.790964, -28.900778 ], [ -59.791537, -28.901707 ], [ -59.793155, -28.901486 ], [ -59.793919, -28.902351 ], [ -59.791627, -28.902989 ], [ -59.790087, -28.905036 ], [ -59.788242, -28.903498 ], [ -59.787182, -28.903292 ], [ -59.786395, -28.904068 ], [ -59.785537, -28.907181 ], [ -59.788707, -28.90596 ], [ -59.78961, -28.906928 ], [ -59.7881, -28.908312 ], [ -59.784156, -28.908609 ], [ -59.784998, -28.912092 ], [ -59.781968, -28.911979 ], [ -59.779148, -28.91082 ], [ -59.778633, -28.911701 ], [ -59.779826, -28.913351 ], [ -59.778716, -28.91383 ], [ -59.778698, -28.914657 ], [ -59.776966, -28.914727 ], [ -59.775247, -28.913689 ], [ -59.774136, -28.91148 ], [ -59.773496, -28.912678 ], [ -59.774474, -28.916004 ], [ -59.771088, -28.913172 ], [ -59.771335, -28.911186 ], [ -59.76989, -28.911269 ], [ -59.769511, -28.910521 ], [ -59.766186, -28.913618 ], [ -59.765703, -28.916074 ], [ -59.764891, -28.915676 ], [ -59.764017, -28.91274 ], [ -59.762947, -28.912309 ], [ -59.761828, -28.913557 ], [ -59.762005, -28.914983 ], [ -59.763568, -28.916437 ], [ -59.763397, -28.919425 ], [ -59.762864, -28.919893 ], [ -59.76106, -28.918658 ], [ -59.760982, -28.917367 ], [ -59.759073, -28.915253 ], [ -59.758681, -28.917179 ], [ -59.759817, -28.918658 ], [ -59.758935, -28.923355 ], [ -59.76297, -28.923394 ], [ -59.763373, -28.924291 ], [ -59.761445, -28.926103 ], [ -59.762038, -28.927238 ], [ -59.754614, -28.930236 ], [ -59.753989, -28.933763 ], [ -59.752866, -28.935154 ], [ -59.750953, -28.935005 ], [ -59.751427, -28.933159 ], [ -59.750217, -28.933523 ], [ -59.750493, -28.935363 ], [ -59.751888, -28.936226 ], [ -59.750466, -28.941386 ], [ -59.752093, -28.942232 ], [ -59.752662, -28.94379 ], [ -59.752216, -28.945391 ], [ -59.749739, -28.947423 ], [ -59.75263, -28.948177 ], [ -59.754867, -28.954403 ], [ -59.757412, -28.958728 ], [ -59.755279, -28.961426 ], [ -59.756013, -28.96294 ], [ -59.755197, -28.963075 ], [ -59.754083, -28.961938 ], [ -59.754963, -28.964487 ], [ -59.754334, -28.964986 ], [ -59.752263, -28.962909 ], [ -59.751126, -28.962913 ], [ -59.750941, -28.962132 ], [ -59.750061, -28.963396 ], [ -59.748926, -28.962951 ], [ -59.748117, -28.961054 ], [ -59.746846, -28.967724 ], [ -59.748034, -28.969052 ], [ -59.75033, -28.969333 ], [ -59.751316, -28.970317 ], [ -59.750124, -28.971574 ], [ -59.748583, -28.970982 ], [ -59.748345, -28.970008 ], [ -59.747487, -28.970104 ], [ -59.747273, -28.970897 ], [ -59.748277, -28.971702 ], [ -59.747486, -28.972465 ], [ -59.744664, -28.969564 ], [ -59.743399, -28.96979 ], [ -59.742133, -28.97183 ], [ -59.742998, -28.975117 ], [ -59.742582, -28.977009 ], [ -59.740766, -28.976981 ], [ -59.740555, -28.977764 ], [ -59.743028, -28.979771 ], [ -59.741454, -28.981795 ], [ -59.741957, -28.98264 ], [ -59.743516, -28.982725 ], [ -59.74472, -28.981241 ], [ -59.745699, -28.981717 ], [ -59.745645, -28.984504 ], [ -59.748175, -28.987944 ], [ -59.748874, -28.991114 ], [ -59.75144, -28.992563 ], [ -59.749054, -28.996402 ], [ -59.750454, -28.997319 ], [ -59.752169, -28.996761 ], [ -59.753648, -29.000835 ], [ -59.750673, -29.004909 ], [ -59.749389, -29.004956 ], [ -59.748854, -29.003664 ], [ -59.747825, -29.004025 ], [ -59.748314, -29.007381 ], [ -59.747492, -29.008504 ], [ -59.748211, -29.011157 ], [ -59.750483, -29.009677 ], [ -59.753299, -29.010864 ], [ -59.754729, -29.009508 ], [ -59.75621, -29.011962 ], [ -59.756148, -29.009488 ], [ -59.757061, -29.009374 ], [ -59.757546, -29.010733 ], [ -59.758821, -29.009781 ], [ -59.759546, -29.013153 ], [ -59.758852, -29.014736 ], [ -59.759792, -29.014865 ], [ -59.761875, -29.013605 ], [ -59.761529, -29.011078 ], [ -59.762135, -29.009827 ], [ -59.764865, -29.010202 ], [ -59.765989, -29.011396 ], [ -59.766994, -29.010854 ], [ -59.767957, -29.012615 ], [ -59.770581, -29.011315 ], [ -59.770791, -29.015105 ], [ -59.77209, -29.017455 ], [ -59.769798, -29.02144 ], [ -59.770356, -29.021785 ], [ -59.772094, -29.020628 ], [ -59.773083, -29.021013 ], [ -59.773101, -29.022299 ], [ -59.774014, -29.022479 ], [ -59.775272, -29.025919 ], [ -59.774179, -29.026441 ], [ -59.773879, -29.027543 ], [ -59.777301, -29.028643 ], [ -59.776351, -29.030226 ], [ -59.777413, -29.033692 ], [ -59.776411, -29.034391 ], [ -59.778153, -29.035417 ], [ -59.777416, -29.037063 ], [ -59.77589, -29.037348 ], [ -59.774204, -29.036631 ], [ -59.774085, -29.037603 ], [ -59.776924, -29.039585 ], [ -59.780182, -29.040608 ], [ -59.779414, -29.042668 ], [ -59.779873, -29.044412 ], [ -59.784715, -29.04703 ], [ -59.783768, -29.04823 ], [ -59.784221, -29.049631 ], [ -59.78587, -29.050108 ], [ -59.787397, -29.049266 ], [ -59.785434, -29.05132 ], [ -59.782352, -29.052042 ], [ -59.783794, -29.054271 ], [ -59.783308, -29.055526 ], [ -59.784527, -29.056361 ], [ -59.782869, -29.058154 ], [ -59.784569, -29.057428 ], [ -59.785556, -29.057929 ], [ -59.782746, -29.059665 ], [ -59.780767, -29.057711 ], [ -59.781751, -29.060255 ], [ -59.77924, -29.061187 ], [ -59.779298, -29.062944 ], [ -59.782044, -29.063834 ], [ -59.782056, -29.064811 ], [ -59.783522, -29.066025 ], [ -59.782611, -29.066637 ], [ -59.780014, -29.066429 ], [ -59.782312, -29.068011 ], [ -59.779578, -29.068866 ], [ -59.780792, -29.071787 ], [ -59.80798, -29.06757 ], [ -59.813061, -29.092204 ], [ -59.805699, -29.103211 ] ] ] ] } },
{ "type": "Feature", "properties": { "fid": 363, "DISTRITO": "0408", "NOMBRE1": "Colonia Teresa", "riesgo_median": 2.0, "riesgo_ponderado": 2.2956862937347742, "pct_n4_n5": 0.00018855259486081049, "riesgo_alto_clase": 2, "ha": 49381.88, "b12_ha": 32749.83, "n3_ha": 14982.12, "n4_ha": 0.09, "n5_ha": 0.0 }, "geometry": { "type": "MultiPolygon", "coordinates": [ [ [ [ -59.638365, -30.225769 ], [ -59.637174, -30.230257 ], [ -59.638232, -30.236494 ], [ -59.657783, -30.289572 ], [ -59.660232, -30.293788 ], [ -59.712564, -30.293914 ], [ -59.732504, -30.280946 ], [ -59.735208, -30.282911 ], [ -59.739749, -30.282796 ], [ -59.74142, -30.284678 ], [ -59.746513, -30.287477 ], [ -59.749762, -30.290794 ], [ -59.757163, -30.302626 ], [ -59.760835, -30.304401 ], [ -59.760534, -30.305649 ], [ -59.762365, -30.30918 ], [ -59.769019, -30.312554 ], [ -59.777929, -30.321615 ], [ -59.779954, -30.32467 ], [ -59.781288, -30.327993 ], [ -59.781, -30.332074 ], [ -59.775747, -30.337932 ], [ -59.774123, -30.342532 ], [ -59.776441, -30.342799 ], [ -59.77692, -30.344486 ], [ -59.778349, -30.344788 ], [ -59.777741, -30.345864 ], [ -59.774814, -30.346758 ], [ -59.77828, -30.346876 ], [ -59.780843, -30.349486 ], [ -59.781006, -30.351652 ], [ -59.783006, -30.354268 ], [ -59.785543, -30.353 ], [ -59.787546, -30.350044 ], [ -59.788464, -30.349911 ], [ -59.789958, -30.35166 ], [ -59.790998, -30.35147 ], [ -59.791809, -30.348183 ], [ -59.794525, -30.345907 ], [ -59.795678, -30.346481 ], [ -59.796336, -30.3499 ], [ -59.800804, -30.350448 ], [ -59.80369, -30.349189 ], [ -59.804972, -30.349431 ], [ -59.807101, -30.353518 ], [ -59.809194, -30.353074 ], [ -59.809552, -30.351147 ], [ -59.810935, -30.35 ], [ -59.814918, -30.349743 ], [ -59.817978, -30.356848 ], [ -59.826588, -30.353138 ], [ -59.826891, -30.355323 ], [ -59.828046, -30.35551 ], [ -59.82848, -30.353168 ], [ -59.830279, -30.351417 ], [ -59.830256, -30.348468 ], [ -59.833262, -30.342433 ], [ -59.837443, -30.339378 ], [ -59.838069, -30.33669 ], [ -59.840139, -30.333536 ], [ -59.840237, -30.331447 ], [ -59.838353, -30.330783 ], [ -59.838012, -30.329192 ], [ -59.840467, -30.329327 ], [ -59.845355, -30.326725 ], [ -59.846009, -30.328083 ], [ -59.844803, -30.329746 ], [ -59.845544, -30.329881 ], [ -59.847095, -30.327035 ], [ -59.851207, -30.326442 ], [ -59.851793, -30.327067 ], [ -59.850088, -30.328569 ], [ -59.854381, -30.327576 ], [ -59.85616, -30.329686 ], [ -59.857014, -30.327295 ], [ -59.85901, -30.327058 ], [ -59.861218, -30.328042 ], [ -59.862438, -30.325824 ], [ -59.864754, -30.326736 ], [ -59.864076, -30.328207 ], [ -59.864505, -30.330579 ], [ -59.866145, -30.330416 ], [ -59.867383, -30.331347 ], [ -59.866902, -30.331882 ], [ -59.864886, -30.331101 ], [ -59.864175, -30.332641 ], [ -59.863228, -30.331408 ], [ -59.861853, -30.331194 ], [ -59.8632, -30.334385 ], [ -59.865815, -30.333248 ], [ -59.866815, -30.3343 ], [ -59.86659, -30.336057 ], [ -59.867978, -30.336295 ], [ -59.868411, -30.335721 ], [ -59.867184, -30.333524 ], [ -59.867913, -30.332153 ], [ -59.869871, -30.332641 ], [ -59.869059, -30.330451 ], [ -59.871582, -30.331858 ], [ -59.872624, -30.330548 ], [ -59.8754, -30.332254 ], [ -59.873483, -30.332763 ], [ -59.873322, -30.335318 ], [ -59.875543, -30.334223 ], [ -59.877105, -30.335379 ], [ -59.877856, -30.333989 ], [ -59.879577, -30.335291 ], [ -59.877666, -30.336179 ], [ -59.878139, -30.337537 ], [ -59.877192, -30.338532 ], [ -59.878685, -30.338713 ], [ -59.879185, -30.337149 ], [ -59.880096, -30.336962 ], [ -59.881041, -30.338579 ], [ -59.880058, -30.340102 ], [ -59.881436, -30.340487 ], [ -59.881529, -30.33822 ], [ -59.882636, -30.337988 ], [ -59.883051, -30.339143 ], [ -59.882386, -30.340822 ], [ -59.881191, -30.341398 ], [ -59.881068, -30.343153 ], [ -59.882064, -30.343283 ], [ -59.882697, -30.341767 ], [ -59.884601, -30.340934 ], [ -59.885499, -30.343088 ], [ -59.884239, -30.342089 ], [ -59.883407, -30.342458 ], [ -59.882976, -30.344567 ], [ -59.884222, -30.345477 ], [ -59.883701, -30.347125 ], [ -59.881408, -30.345016 ], [ -59.879894, -30.345539 ], [ -59.882862, -30.347913 ], [ -59.884462, -30.348142 ], [ -59.88471, -30.350046 ], [ -59.882883, -30.349472 ], [ -59.884708, -30.350837 ], [ -59.885781, -30.351007 ], [ -59.886447, -30.349235 ], [ -59.887862, -30.34984 ], [ -59.886427, -30.351744 ], [ -59.885083, -30.35139 ], [ -59.883747, -30.352949 ], [ -59.885571, -30.352221 ], [ -59.889087, -30.352347 ], [ -59.888975, -30.353742 ], [ -59.887103, -30.353904 ], [ -59.889128, -30.355345 ], [ -59.890058, -30.354188 ], [ -59.892624, -30.353742 ], [ -59.892731, -30.355328 ], [ -59.89561, -30.355869 ], [ -59.89414, -30.356907 ], [ -59.894517, -30.358258 ], [ -59.896188, -30.357163 ], [ -59.897589, -30.354222 ], [ -59.8984, -30.354851 ], [ -59.898384, -30.356524 ], [ -59.900021, -30.354403 ], [ -59.901429, -30.353925 ], [ -59.902645, -30.356052 ], [ -59.903955, -30.356142 ], [ -59.905788, -30.358366 ], [ -59.905425, -30.359533 ], [ -59.903024, -30.358685 ], [ -59.903065, -30.359758 ], [ -59.908458, -30.361471 ], [ -59.911676, -30.35841 ], [ -59.912759, -30.352842 ], [ -59.914132, -30.352329 ], [ -59.916483, -30.352833 ], [ -59.917473, -30.35008 ], [ -59.919525, -30.351049 ], [ -59.922158, -30.350016 ], [ -59.925217, -30.35198 ], [ -59.926411, -30.351868 ], [ -59.929768, -30.350325 ], [ -59.9311, -30.348739 ], [ -59.932832, -30.350124 ], [ -59.93274, -30.345058 ], [ -59.936216, -30.347074 ], [ -59.937847, -30.346822 ], [ -59.936162, -30.342168 ], [ -59.932869, -30.339078 ], [ -59.934268, -30.335363 ], [ -59.932654, -30.33277 ], [ -59.93912, -30.330284 ], [ -59.944886, -30.331364 ], [ -59.945775, -30.333079 ], [ -59.946817, -30.333467 ], [ -59.949859, -30.330421 ], [ -59.948934, -30.329489 ], [ -59.942648, -30.328047 ], [ -59.943356, -30.324389 ], [ -59.941641, -30.320075 ], [ -59.94153, -30.317587 ], [ -60.086302, -30.294872 ], [ -60.085864, -30.293853 ], [ -60.087206, -30.29119 ], [ -60.090512, -30.290861 ], [ -60.092502, -30.291513 ], [ -60.094328, -30.289831 ], [ -60.093171, -30.288851 ], [ -60.092698, -30.285372 ], [ -60.089431, -30.2858 ], [ -60.08916, -30.283675 ], [ -60.087224, -30.282859 ], [ -60.081957, -30.284264 ], [ -60.08107, -30.285198 ], [ -60.080911, -30.28744 ], [ -60.079782, -30.288328 ], [ -60.077376, -30.287349 ], [ -60.074043, -30.287444 ], [ -60.073126, -30.283802 ], [ -60.07119, -30.283056 ], [ -60.070061, -30.283383 ], [ -60.068893, -30.284313 ], [ -60.069755, -30.28836 ], [ -60.068765, -30.289423 ], [ -60.06698, -30.289596 ], [ -60.06754, -30.286668 ], [ -60.066911, -30.284802 ], [ -60.065985, -30.283281 ], [ -60.063935, -30.282306 ], [ -60.061887, -30.282881 ], [ -60.05929, -30.285202 ], [ -60.057476, -30.290427 ], [ -60.055163, -30.290112 ], [ -60.053509, -30.28796 ], [ -60.051527, -30.288449 ], [ -60.050107, -30.289975 ], [ -60.048311, -30.289931 ], [ -60.047793, -30.288651 ], [ -60.049708, -30.285464 ], [ -60.049608, -30.284345 ], [ -60.048418, -30.283484 ], [ -60.04594, -30.284375 ], [ -60.04399, -30.28406 ], [ -60.042501, -30.278779 ], [ -60.042005, -30.278148 ], [ -60.04084, -30.278679 ], [ -60.041114, -30.276701 ], [ -60.039013, -30.274025 ], [ -60.0397, -30.273428 ], [ -60.04233, -30.274058 ], [ -60.043958, -30.273 ], [ -60.04213, -30.27012 ], [ -60.042724, -30.269187 ], [ -60.048701, -30.270584 ], [ -60.049658, -30.27023 ], [ -60.049389, -30.269376 ], [ -60.047517, -30.26891 ], [ -60.046487, -30.267777 ], [ -60.047284, -30.266365 ], [ -60.049793, -30.266553 ], [ -60.048808, -30.264595 ], [ -60.0493, -30.263889 ], [ -60.05197, -30.264808 ], [ -60.053623, -30.264442 ], [ -60.051779, -30.261922 ], [ -60.04786, -30.261574 ], [ -60.046913, -30.26088 ], [ -60.04777, -30.258901 ], [ -60.050638, -30.258283 ], [ -60.049986, -30.255392 ], [ -60.046792, -30.254957 ], [ -60.046304, -30.255625 ], [ -60.048006, -30.257475 ], [ -60.04527, -30.259082 ], [ -60.042504, -30.255935 ], [ -60.044919, -30.255024 ], [ -60.045265, -30.253693 ], [ -60.040756, -30.25382 ], [ -60.040495, -30.253142 ], [ -60.042171, -30.251057 ], [ -60.044252, -30.251282 ], [ -60.044599, -30.252437 ], [ -60.045393, -30.251666 ], [ -60.047085, -30.252178 ], [ -60.04634, -30.248391 ], [ -60.045289, -30.248168 ], [ -60.043546, -30.249684 ], [ -60.041905, -30.249684 ], [ -60.040777, -30.248749 ], [ -60.040962, -30.247222 ], [ -60.043475, -30.247779 ], [ -60.043987, -30.246731 ], [ -60.042115, -30.24495 ], [ -60.039936, -30.245463 ], [ -60.038654, -30.244305 ], [ -60.037218, -30.244305 ], [ -60.03814, -30.241186 ], [ -60.037165, -30.239849 ], [ -60.036089, -30.24054 ], [ -60.037038, -30.241632 ], [ -60.036628, -30.242367 ], [ -60.034115, -30.241588 ], [ -60.032116, -30.241923 ], [ -60.032475, -30.243772 ], [ -60.030861, -30.245733 ], [ -60.02845, -30.24375 ], [ -60.028322, -30.242592 ], [ -60.03009, -30.240742 ], [ -60.029519, -30.240032 ], [ -60.026603, -30.240599 ], [ -60.02425, -30.238583 ], [ -60.022386, -30.238328 ], [ -60.019347, -30.239805 ], [ -60.018268, -30.238811 ], [ -60.015719, -30.238243 ], [ -60.015392, -30.237107 ], [ -60.01683, -30.236454 ], [ -60.018366, -30.237277 ], [ -60.020612, -30.234354 ], [ -60.016497, -30.234607 ], [ -60.015488, -30.234075 ], [ -60.018314, -30.230914 ], [ -60.017288, -30.22996 ], [ -60.013778, -30.230336 ], [ -60.010672, -30.22952 ], [ -60.010582, -30.228925 ], [ -60.012814, -30.227903 ], [ -60.013138, -30.225728 ], [ -60.008151, -30.224868 ], [ -60.007186, -30.225769 ], [ -60.008734, -30.228319 ], [ -60.00643, -30.227224 ], [ -60.003181, -30.231292 ], [ -60.000571, -30.231182 ], [ -59.997241, -30.228648 ], [ -59.997889, -30.227975 ], [ -60.001146, -30.228398 ], [ -60.002277, -30.226839 ], [ -60.001725, -30.22588 ], [ -59.99687, -30.227079 ], [ -59.99789, -30.224873 ], [ -59.994194, -30.224393 ], [ -59.992415, -30.221335 ], [ -59.989904, -30.221743 ], [ -59.989574, -30.221071 ], [ -59.99087, -30.219129 ], [ -59.990429, -30.218122 ], [ -59.987201, -30.220064 ], [ -59.987422, -30.218745 ], [ -59.986512, -30.217235 ], [ -59.984002, -30.218793 ], [ -59.982677, -30.218841 ], [ -59.982725, -30.215536 ], [ -59.980746, -30.215806 ], [ -59.977637, -30.214945 ], [ -59.97693, -30.21293 ], [ -59.977778, -30.212193 ], [ -59.980096, -30.212439 ], [ -59.982386, -30.213963 ], [ -59.98233, -30.212317 ], [ -59.984506, -30.211039 ], [ -59.984705, -30.209368 ], [ -59.983546, -30.208803 ], [ -59.979871, -30.209146 ], [ -59.977638, -30.207426 ], [ -59.977559, -30.206188 ], [ -59.980358, -30.205673 ], [ -59.981262, -30.204665 ], [ -59.978804, -30.202601 ], [ -59.976712, -30.202527 ], [ -59.976712, -30.205107 ], [ -59.973405, -30.203607 ], [ -59.972218, -30.201887 ], [ -59.975435, -30.202538 ], [ -59.975435, -30.199688 ], [ -59.977188, -30.199319 ], [ -59.978799, -30.200278 ], [ -59.979534, -30.198189 ], [ -59.982728, -30.197232 ], [ -59.982756, -30.196519 ], [ -59.979349, -30.194557 ], [ -59.978275, -30.195441 ], [ -59.971859, -30.195907 ], [ -59.974206, -30.192811 ], [ -59.972708, -30.192344 ], [ -59.97169, -30.193818 ], [ -59.96947, -30.191099 ], [ -59.967095, -30.193163 ], [ -59.964947, -30.193482 ], [ -59.965626, -30.19213 ], [ -59.963111, -30.1895 ], [ -59.966152, -30.188948 ], [ -59.966928, -30.187515 ], [ -59.967703, -30.18819 ], [ -59.968722, -30.186799 ], [ -59.967995, -30.184565 ], [ -59.965863, -30.183216 ], [ -59.966785, -30.180729 ], [ -59.967609, -30.18094 ], [ -59.967656, -30.18309 ], [ -59.968335, -30.182374 ], [ -59.969304, -30.18288 ], [ -59.970565, -30.180688 ], [ -59.973133, -30.181329 ], [ -59.974103, -30.180318 ], [ -59.974103, -30.178464 ], [ -59.972455, -30.179095 ], [ -59.971583, -30.177494 ], [ -59.974297, -30.176778 ], [ -59.974152, -30.17623 ], [ -59.973135, -30.175302 ], [ -59.971777, -30.175344 ], [ -59.970954, -30.173995 ], [ -59.969354, -30.174838 ], [ -59.968142, -30.176692 ], [ -59.96664, -30.173994 ], [ -59.965671, -30.173867 ], [ -59.962242, -30.17605 ], [ -59.960873, -30.175147 ], [ -59.638365, -30.225769 ] ] ] ] } },
{ "type": "Feature", "properties": { "fid": 364, "DISTRITO": "0214", "NOMBRE1": "Los Tabanos", "riesgo_median": 2.0, "riesgo_ponderado": 2.0473531077751819, "pct_n4_n5": 0.00022748418416209613, "riesgo_alto_clase": 2, "ha": 39559.38, "b12_ha": 37686.96, "n3_ha": 1876.14, "n4_ha": 0.09, "n5_ha": 0.0 }, "geometry": { "type": "MultiPolygon", "coordinates": [ [ [ [ -59.854925, -28.563114 ], [ -59.954798, -28.547419 ], [ -59.951636, -28.531488 ], [ -60.001023, -28.523564 ], [ -60.001526, -28.524746 ], [ -60.006676, -28.523233 ], [ -59.98657, -28.474829 ], [ -60.094256, -28.458239 ], [ -60.087433, -28.430293 ], [ -60.093765, -28.428601 ], [ -60.083568, -28.381987 ], [ -59.983683, -28.397127 ], [ -59.983316, -28.373313 ], [ -59.935569, -28.373705 ], [ -59.929179, -28.378462 ], [ -59.798359, -28.379122 ], [ -59.798451, -28.433831 ], [ -59.789483, -28.443585 ], [ -59.791073, -28.448483 ], [ -59.781954, -28.450113 ], [ -59.780763, -28.451343 ], [ -59.778056, -28.451585 ], [ -59.775727, -28.449938 ], [ -59.771425, -28.452634 ], [ -59.770492, -28.454138 ], [ -59.766916, -28.453136 ], [ -59.765018, -28.456586 ], [ -59.766518, -28.461441 ], [ -59.765713, -28.463079 ], [ -59.765867, -28.46606 ], [ -59.766882, -28.468714 ], [ -59.769211, -28.471388 ], [ -59.82801, -28.4541 ], [ -59.84019, -28.445182 ], [ -59.856774, -28.528472 ], [ -59.854925, -28.563114 ] ] ] ] } },
{ "type": "Feature", "properties": { "fid": 365, "DISTRITO": "0329", "NOMBRE1": "Hardy", "riesgo_median": 3.0, "riesgo_ponderado": 3.0282135523613962, "pct_n4_n5": 9.4633812457221076, "riesgo_alto_clase": 5, "ha": 19691.14, "b12_ha": 1310.04, "n3_ha": 16546.95, "n4_ha": 1866.51, "n5_ha": 0.0 }, "geometry": { "type": "MultiPolygon", "coordinates": [ [ [ [ -59.174849, -28.142888 ], [ -59.080811, -28.144501 ], [ -59.082813, -28.149426 ], [ -59.083847, -28.155139 ], [ -59.083849, -28.176237 ], [ -59.095251, -28.176313 ], [ -59.101871, -28.178385 ], [ -59.105711, -28.181282 ], [ -59.105406, -28.18425 ], [ -59.108269, -28.185576 ], [ -59.111093, -28.186256 ], [ -59.169813, -28.187249 ], [ -59.175969, -28.189394 ], [ -59.178835, -28.189262 ], [ -59.180867, -28.188235 ], [ -59.18408, -28.188515 ], [ -59.183251, -28.189261 ], [ -59.1881, -28.190388 ], [ -59.236743, -28.190989 ], [ -59.23792, -28.190367 ], [ -59.237593, -28.189285 ], [ -59.23853, -28.188208 ], [ -59.241756, -28.185954 ], [ -59.243021, -28.186584 ], [ -59.241563, -28.188356 ], [ -59.241817, -28.191928 ], [ -59.24317, -28.190824 ], [ -59.246751, -28.191705 ], [ -59.247356, -28.193199 ], [ -59.249634, -28.193379 ], [ -59.251427, -28.191391 ], [ -59.252592, -28.191189 ], [ -59.257137, -28.192458 ], [ -59.256906, -28.190111 ], [ -59.260043, -28.191998 ], [ -59.261432, -28.18938 ], [ -59.262291, -28.190559 ], [ -59.267205, -28.190577 ], [ -59.267629, -28.187276 ], [ -59.264376, -28.163417 ], [ -59.376522, -28.163652 ], [ -59.380997, -28.145282 ], [ -59.380613, -28.091897 ], [ -59.350628, -28.099214 ], [ -59.34897, -28.096008 ], [ -59.215244, -28.113518 ], [ -59.171847, -28.119861 ], [ -59.172327, -28.120996 ], [ -59.174921, -28.122063 ], [ -59.176637, -28.125117 ], [ -59.174185, -28.126963 ], [ -59.175892, -28.128891 ], [ -59.172242, -28.130218 ], [ -59.170269, -28.13347 ], [ -59.171744, -28.140993 ], [ -59.174849, -28.142888 ] ] ] ] } }
]
}
